timeStamp,elapsed,label,responseCode,responseMessage,threadName,dataType,success,failureMessage,bytes,sentBytes,grpThreads,allThreads,URL,Latency,IdleTime,Connect
1732701658097,109,HTTP Request,Non HTTP response code: java.net.SocketException,Non HTTP response message: Connection reset by peer,Thread Group 1-677,text,false,,2294,0,700,700,http://localhost:8080/api/portfolio,0,0,109
1732701657495,713,HTTP Request,Non HTTP response code: java.net.SocketException,Non HTTP response message: Connection reset by peer,Thread Group 1-557,text,false,,2294,0,701,701,http://localhost:8080/api/portfolio,0,0,713
1732701657997,211,HTTP Request,Non HTTP response code: java.net.SocketException,Non HTTP response message: Connection reset by peer,Thread Group 1-657,text,false,,2294,0,702,702,http://localhost:8080/api/portfolio,0,0,211
1732701657994,215,HTTP Request,Non HTTP response code: java.net.SocketException,Non HTTP response message: Connection reset by peer,Thread Group 1-656,text,false,,2294,0,702,702,http://localhost:8080/api/portfolio,0,0,215
1732701657697,511,HTTP Request,Non HTTP response code: java.net.SocketException,Non HTTP response message: Connection reset by peer,Thread Group 1-597,text,false,,2294,0,702,702,http://localhost:8080/api/portfolio,0,0,511
1732701658035,205,HTTP Request,Non HTTP response code: java.net.SocketException,Non HTTP response message: Connection reset by peer,Thread Group 1-665,text,false,,2294,0,705,705,http://localhost:8080/api/portfolio,0,0,205
1732701657894,314,HTTP Request,Non HTTP response code: java.net.SocketException,Non HTTP response message: Connection reset by peer,Thread Group 1-636,text,false,,2294,0,707,707,http://localhost:8080/api/portfolio,0,0,314
1732701658065,303,HTTP Request,Non HTTP response code: java.net.SocketException,Non HTTP response message: Broken pipe,Thread Group 1-671,text,false,,2870,0,724,724,http://localhost:8080/api/portfolio,0,0,302
1732701656937,1968,HTTP Request,Non HTTP response code: java.net.SocketException,Non HTTP response message: Connection reset by peer,Thread Group 1-445,text,false,,2294,0,830,830,http://localhost:8080/api/portfolio,0,0,1968
1732701655394,3511,HTTP Request,Non HTTP response code: java.net.SocketException,Non HTTP response message: Connection reset by peer,Thread Group 1-136,text,false,,2294,0,830,830,http://localhost:8080/api/portfolio,0,0,3511
1732701655386,3519,HTTP Request,Non HTTP response code: java.net.SocketException,Non HTTP response message: Connection reset by peer,Thread Group 1-135,text,false,,2294,0,830,830,http://localhost:8080/api/portfolio,0,0,3519
1732701655380,3525,HTTP Request,Non HTTP response code: java.net.SocketException,Non HTTP response message: Connection reset by peer,Thread Group 1-134,text,false,,2294,0,830,830,http://localhost:8080/api/portfolio,0,0,3525
1732701658844,62,HTTP Request,Non HTTP response code: java.net.SocketException,Non HTTP response message: Connection reset by peer,Thread Group 1-826,text,false,,2294,0,828,828,http://localhost:8080/api/portfolio,0,0,62
1732701658895,11,HTTP Request,Non HTTP response code: java.net.SocketException,Non HTTP response message: Connection reset by peer,Thread Group 1-837,text,false,,2294,0,828,828,http://localhost:8080/api/portfolio,0,0,11
1732701658855,51,HTTP Request,Non HTTP response code: java.net.SocketException,Non HTTP response message: Connection reset by peer,Thread Group 1-829,text,false,,2294,0,828,828,http://localhost:8080/api/portfolio,0,0,51
1732701658885,22,HTTP Request,Non HTTP response code: java.net.SocketException,Non HTTP response message: Connection reset by peer,Thread Group 1-835,text,false,,2294,0,827,827,http://localhost:8080/api/portfolio,0,0,22
1732701658850,57,HTTP Request,Non HTTP response code: java.net.SocketException,Non HTTP response message: Connection reset by peer,Thread Group 1-828,text,false,,2294,0,825,825,http://localhost:8080/api/portfolio,0,0,57
1732701658879,28,HTTP Request,Non HTTP response code: java.net.SocketException,Non HTTP response message: Connection reset by peer,Thread Group 1-834,text,false,,2294,0,825,825,http://localhost:8080/api/portfolio,0,0,28
1732701658893,15,HTTP Request,Non HTTP response code: java.net.SocketException,Non HTTP response message: Connection reset by peer,Thread Group 1-836,text,false,,2294,0,823,823,http://localhost:8080/api/portfolio,0,0,15
1732701658863,45,HTTP Request,Non HTTP response code: java.net.SocketException,Non HTTP response message: Connection reset by peer,Thread Group 1-830,text,false,,2294,0,822,822,http://localhost:8080/api/portfolio,0,0,45
1732701658865,43,HTTP Request,Non HTTP response code: java.net.SocketException,Non HTTP response message: Connection reset by peer,Thread Group 1-831,text,false,,2294,0,822,822,http://localhost:8080/api/portfolio,0,0,43
1732701658755,153,HTTP Request,Non HTTP response code: java.net.SocketException,Non HTTP response message: Connection reset by peer,Thread Group 1-809,text,false,,2294,0,822,822,http://localhost:8080/api/portfolio,0,0,153
1732701658751,158,HTTP Request,Non HTTP response code: java.net.SocketException,Non HTTP response message: Connection reset by peer,Thread Group 1-808,text,false,,2294,0,821,821,http://localhost:8080/api/portfolio,0,0,158
1732701658746,163,HTTP Request,Non HTTP response code: java.net.SocketException,Non HTTP response message: Connection reset by peer,Thread Group 1-807,text,false,,2294,0,820,820,http://localhost:8080/api/portfolio,0,0,163
1732701658681,228,HTTP Request,Non HTTP response code: java.net.SocketException,Non HTTP response message: Connection reset by peer,Thread Group 1-794,text,false,,2294,0,818,818,http://localhost:8080/api/portfolio,0,0,228
1732701658671,239,HTTP Request,Non HTTP response code: java.net.SocketException,Non HTTP response message: Connection reset by peer,Thread Group 1-791,text,false,,2294,0,818,818,http://localhost:8080/api/portfolio,0,0,239
1732701658660,250,HTTP Request,Non HTTP response code: java.net.SocketException,Non HTTP response message: Connection reset by peer,Thread Group 1-789,text,false,,2294,0,818,818,http://localhost:8080/api/portfolio,0,0,250
1732701658679,231,HTTP Request,Non HTTP response code: java.net.SocketException,Non HTTP response message: Connection reset by peer,Thread Group 1-793,text,false,,2294,0,818,818,http://localhost:8080/api/portfolio,0,0,231
1732701658899,12,HTTP Request,Non HTTP response code: java.net.SocketException,Non HTTP response message: Connection reset by peer,Thread Group 1-838,text,false,,2294,0,814,814,http://localhost:8080/api/portfolio,0,0,12
1732701658649,262,HTTP Request,Non HTTP response code: java.net.SocketException,Non HTTP response message: Connection reset by peer,Thread Group 1-787,text,false,,2294,0,814,814,http://localhost:8080/api/portfolio,0,0,262
1732701658567,344,HTTP Request,Non HTTP response code: java.net.SocketException,Non HTTP response message: Connection reset,Thread Group 1-771,text,false,,2601,0,814,814,http://localhost:8080/api/portfolio,0,0,334
1732701658569,342,HTTP Request,Non HTTP response code: java.net.SocketException,Non HTTP response message: Connection reset,Thread Group 1-772,text,false,,2601,0,814,814,http://localhost:8080/api/portfolio,0,0,332
1732701658559,353,HTTP Request,Non HTTP response code: java.net.SocketException,Non HTTP response message: Connection reset,Thread Group 1-769,text,false,,2601,0,811,811,http://localhost:8080/api/portfolio,0,0,342
1732701658547,365,HTTP Request,Non HTTP response code: java.net.SocketException,Non HTTP response message: Connection reset,Thread Group 1-767,text,false,,2601,0,811,811,http://localhost:8080/api/portfolio,0,0,354
1732701658638,274,HTTP Request,Non HTTP response code: java.net.SocketException,Non HTTP response message: Connection reset,Thread Group 1-785,text,false,,2601,0,811,811,http://localhost:8080/api/portfolio,0,0,262
1732701658553,359,HTTP Request,Non HTTP response code: java.net.SocketException,Non HTTP response message: Connection reset,Thread Group 1-768,text,false,,2601,0,811,811,http://localhost:8080/api/portfolio,0,0,348
1732701658543,370,HTTP Request,Non HTTP response code: java.net.SocketException,Non HTTP response message: Connection reset,Thread Group 1-766,text,false,,2601,0,809,809,http://localhost:8080/api/portfolio,0,0,358
1732701658480,433,HTTP Request,Non HTTP response code: java.net.SocketException,Non HTTP response message: Connection reset,Thread Group 1-754,text,false,,2601,0,809,809,http://localhost:8080/api/portfolio,0,0,422
1732701658485,428,HTTP Request,Non HTTP response code: java.net.SocketException,Non HTTP response message: Connection reset,Thread Group 1-755,text,false,,2601,0,809,809,http://localhost:8080/api/portfolio,0,0,416
1732701658185,738,HTTP Request,Non HTTP response code: java.net.SocketException,Non HTTP response message: Broken pipe,Thread Group 1-694,text,false,,2772,0,807,807,http://localhost:8080/api/portfolio,0,0,718
1732701656952,1971,HTTP Request,Non HTTP response code: java.net.SocketException,Non HTTP response message: Broken pipe,Thread Group 1-448,text,false,,2772,0,807,807,http://localhost:8080/api/portfolio,0,0,1952
1732701658379,536,HTTP Request,Non HTTP response code: java.net.SocketException,Non HTTP response message: Connection reset,Thread Group 1-733,text,false,,2601,0,807,807,http://localhost:8080/api/portfolio,0,0,523
1732701655379,3527,HTTP Request,Non HTTP response code: java.net.SocketException,Non HTTP response message: Connection reset by peer,Thread Group 1-133,text,false,,2294,0,828,828,http://localhost:8080/api/portfolio,0,0,3527
1732701658581,340,HTTP Request,Non HTTP response code: java.net.SocketException,Non HTTP response message: Connection reset,Thread Group 1-773,text,false,,2601,0,808,808,http://localhost:8080/api/portfolio,0,0,320
1732701658564,357,HTTP Request,Non HTTP response code: java.net.SocketException,Non HTTP response message: Connection reset,Thread Group 1-770,text,false,,2601,0,808,808,http://localhost:8080/api/portfolio,0,0,337
1732701658581,340,HTTP Request,Non HTTP response code: java.net.SocketException,Non HTTP response message: Connection reset,Thread Group 1-774,text,false,,2601,0,808,808,http://localhost:8080/api/portfolio,0,0,319
1732701658844,62,HTTP Request,Non HTTP response code: java.net.SocketException,Non HTTP response message: Connection reset by peer,Thread Group 1-827,text,false,,2294,0,808,808,http://localhost:8080/api/portfolio,0,0,62
1732701658605,316,HTTP Request,Non HTTP response code: java.net.SocketException,Non HTTP response message: Connection reset by peer,Thread Group 1-779,text,false,,2294,0,808,808,http://localhost:8080/api/portfolio,0,0,316
1732701658501,419,HTTP Request,Non HTTP response code: java.net.SocketException,Non HTTP response message: Connection reset by peer,Thread Group 1-758,text,false,,2294,0,806,806,http://localhost:8080/api/portfolio,0,0,419
1732701656943,1977,HTTP Request,Non HTTP response code: java.net.SocketException,Non HTTP response message: Broken pipe,Thread Group 1-446,text,false,,2870,0,807,807,http://localhost:8080/api/portfolio,0,0,1962
1732701658602,318,HTTP Request,Non HTTP response code: java.net.SocketException,Non HTTP response message: Connection reset by peer,Thread Group 1-778,text,false,,2294,0,807,807,http://localhost:8080/api/portfolio,0,0,318
1732701658704,216,HTTP Request,Non HTTP response code: java.net.SocketException,Non HTTP response message: Connection reset by peer,Thread Group 1-799,text,false,,2294,0,807,807,http://localhost:8080/api/portfolio,0,0,216
1732701655396,3524,HTTP Request,Non HTTP response code: java.net.SocketException,Non HTTP response message: Connection reset by peer,Thread Group 1-137,text,false,,2294,0,807,807,http://localhost:8080/api/portfolio,0,0,3524
1732701657800,1120,HTTP Request,Non HTTP response code: java.net.SocketException,Non HTTP response message: Connection reset by peer,Thread Group 1-618,text,false,,2294,0,807,807,http://localhost:8080/api/portfolio,0,0,1119
1732701656964,1955,HTTP Request,Non HTTP response code: java.net.SocketException,Non HTTP response message: Broken pipe,Thread Group 1-450,text,false,,2772,0,807,807,http://localhost:8080/api/portfolio,0,0,1940
1732701656986,1933,HTTP Request,Non HTTP response code: java.net.SocketException,Non HTTP response message: Connection reset,Thread Group 1-455,text,false,,2601,0,807,807,http://localhost:8080/api/portfolio,0,0,1918
1732701658202,717,HTTP Request,Non HTTP response code: java.net.SocketException,Non HTTP response message: Connection reset by peer,Thread Group 1-698,text,false,,2294,0,807,807,http://localhost:8080/api/portfolio,0,0,717
1732701656966,1953,HTTP Request,Non HTTP response code: java.net.SocketException,Non HTTP response message: Broken pipe,Thread Group 1-451,text,false,,2772,0,807,807,http://localhost:8080/api/portfolio,0,0,1938
1732701656980,1939,HTTP Request,Non HTTP response code: java.net.SocketException,Non HTTP response message: Connection reset,Thread Group 1-454,text,false,,2601,0,807,807,http://localhost:8080/api/portfolio,0,0,1924
1732701656994,1925,HTTP Request,Non HTTP response code: java.net.SocketException,Non HTTP response message: Connection reset,Thread Group 1-456,text,false,,2601,0,807,807,http://localhost:8080/api/portfolio,0,0,1910
1732701657744,1175,HTTP Request,Non HTTP response code: java.net.SocketException,Non HTTP response message: Broken pipe,Thread Group 1-606,text,false,,2772,0,807,807,http://localhost:8080/api/portfolio,0,0,1160
1732701657738,1180,HTTP Request,Non HTTP response code: java.net.SocketException,Non HTTP response message: Connection reset,Thread Group 1-605,text,false,,2601,0,807,807,http://localhost:8080/api/portfolio,0,0,1166
1732701656994,1924,HTTP Request,Non HTTP response code: java.net.SocketException,Non HTTP response message: Connection reset,Thread Group 1-457,text,false,,2601,0,807,807,http://localhost:8080/api/portfolio,0,0,1910
1732701657753,1165,HTTP Request,Non HTTP response code: java.net.SocketException,Non HTTP response message: Connection reset,Thread Group 1-608,text,false,,2601,0,807,807,http://localhost:8080/api/portfolio,0,0,1151
1732701657747,1171,HTTP Request,Non HTTP response code: java.net.SocketException,Non HTTP response message: Connection reset,Thread Group 1-607,text,false,,2601,0,807,807,http://localhost:8080/api/portfolio,0,0,1157
1732701657755,1163,HTTP Request,Non HTTP response code: java.net.SocketException,Non HTTP response message: Connection reset,Thread Group 1-609,text,false,,2601,0,807,807,http://localhost:8080/api/portfolio,0,0,1149
1732701657763,1155,HTTP Request,Non HTTP response code: java.net.SocketException,Non HTTP response message: Connection reset,Thread Group 1-610,text,false,,2601,0,807,807,http://localhost:8080/api/portfolio,0,0,1141
1732701657769,1148,HTTP Request,Non HTTP response code: java.net.SocketException,Non HTTP response message: Connection reset,Thread Group 1-611,text,false,,2601,0,807,807,http://localhost:8080/api/portfolio,0,0,1135
1732701657770,1147,HTTP Request,Non HTTP response code: java.net.SocketException,Non HTTP response message: Connection reset,Thread Group 1-612,text,false,,2601,0,807,807,http://localhost:8080/api/portfolio,0,0,1133
1732701657785,1132,HTTP Request,Non HTTP response code: java.net.SocketException,Non HTTP response message: Connection reset,Thread Group 1-615,text,false,,2601,0,807,807,http://localhost:8080/api/portfolio,0,0,1118
1732701657785,1132,HTTP Request,Non HTTP response code: java.net.SocketException,Non HTTP response message: Connection reset,Thread Group 1-614,text,false,,2601,0,807,807,http://localhost:8080/api/portfolio,0,0,1118
1732701658156,761,HTTP Request,Non HTTP response code: java.net.SocketException,Non HTTP response message: Connection reset,Thread Group 1-687,text,false,,2601,0,807,807,http://localhost:8080/api/portfolio,0,0,747
1732701658154,763,HTTP Request,Non HTTP response code: java.net.SocketException,Non HTTP response message: Connection reset,Thread Group 1-686,text,false,,2601,0,807,807,http://localhost:8080/api/portfolio,0,0,749
1732701658155,762,HTTP Request,Non HTTP response code: java.net.SocketException,Non HTTP response message: Connection reset,Thread Group 1-689,text,false,,2601,0,807,807,http://localhost:8080/api/portfolio,0,0,748
1732701658131,786,HTTP Request,Non HTTP response code: java.net.SocketException,Non HTTP response message: Connection reset,Thread Group 1-684,text,false,,2601,0,807,807,http://localhost:8080/api/portfolio,0,0,772
1732701658156,760,HTTP Request,Non HTTP response code: java.net.SocketException,Non HTTP response message: Connection reset,Thread Group 1-685,text,false,,2601,0,807,807,http://localhost:8080/api/portfolio,0,0,747
1732701658600,316,HTTP Request,Non HTTP response code: java.net.SocketException,Non HTTP response message: Connection reset by peer,Thread Group 1-777,text,false,,2294,0,807,807,http://localhost:8080/api/portfolio,0,0,316
1732701658158,758,HTTP Request,Non HTTP response code: java.net.SocketException,Non HTTP response message: Connection reset,Thread Group 1-688,text,false,,2601,0,807,807,http://localhost:8080/api/portfolio,0,0,745
1732701658399,517,HTTP Request,Non HTTP response code: java.net.SocketException,Non HTTP response message: Connection reset by peer,Thread Group 1-738,text,false,,2294,0,807,807,http://localhost:8080/api/portfolio,0,0,517
1732701658168,748,HTTP Request,Non HTTP response code: java.net.SocketException,Non HTTP response message: Connection reset,Thread Group 1-692,text,false,,2601,0,807,807,http://localhost:8080/api/portfolio,0,0,735
1732701658335,581,HTTP Request,Non HTTP response code: java.net.SocketException,Non HTTP response message: Broken pipe,Thread Group 1-725,text,false,,2772,0,807,807,http://localhost:8080/api/portfolio,0,0,568
1732701658349,566,HTTP Request,Non HTTP response code: java.net.SocketException,Non HTTP response message: Connection reset,Thread Group 1-728,text,false,,2601,0,807,807,http://localhost:8080/api/portfolio,0,0,554
1732701658343,572,HTTP Request,Non HTTP response code: java.net.SocketException,Non HTTP response message: Connection reset,Thread Group 1-726,text,false,,2601,0,807,807,http://localhost:8080/api/portfolio,0,0,560
1732701658356,559,HTTP Request,Non HTTP response code: java.net.SocketException,Non HTTP response message: Connection reset,Thread Group 1-729,text,false,,2601,0,807,807,http://localhost:8080/api/portfolio,0,0,546
1732701658382,533,HTTP Request,Non HTTP response code: java.net.SocketException,Non HTTP response message: Connection reset,Thread Group 1-734,text,false,,2601,0,807,807,http://localhost:8080/api/portfolio,0,0,520
1732701658371,544,HTTP Request,Non HTTP response code: java.net.SocketException,Non HTTP response message: Connection reset,Thread Group 1-732,text,false,,2601,0,807,807,http://localhost:8080/api/portfolio,0,0,531
1732701658386,529,HTTP Request,Non HTTP response code: java.net.SocketException,Non HTTP response message: Connection reset,Thread Group 1-735,text,false,,2601,0,807,807,http://localhost:8080/api/portfolio,0,0,516
1732701658447,467,HTTP Request,Non HTTP response code: java.net.SocketException,Non HTTP response message: Connection reset,Thread Group 1-747,text,false,,2601,0,807,807,http://localhost:8080/api/portfolio,0,0,455
1732701658436,478,HTTP Request,Non HTTP response code: java.net.SocketException,Non HTTP response message: Connection reset,Thread Group 1-745,text,false,,2601,0,807,807,http://localhost:8080/api/portfolio,0,0,466
1732701658444,470,HTTP Request,Non HTTP response code: java.net.SocketException,Non HTTP response message: Connection reset,Thread Group 1-746,text,false,,2601,0,807,807,http://localhost:8080/api/portfolio,0,0,458
1732701658452,462,HTTP Request,Non HTTP response code: java.net.SocketException,Non HTTP response message: Connection reset,Thread Group 1-748,text,false,,2601,0,807,807,http://localhost:8080/api/portfolio,0,0,450
1732701658468,446,HTTP Request,Non HTTP response code: java.net.SocketException,Non HTTP response message: Connection reset,Thread Group 1-751,text,false,,2601,0,807,807,http://localhost:8080/api/portfolio,0,0,433
1732701658463,451,HTTP Request,Non HTTP response code: java.net.SocketException,Non HTTP response message: Connection reset,Thread Group 1-750,text,false,,2601,0,807,807,http://localhost:8080/api/portfolio,0,0,439
1732701658455,459,HTTP Request,Non HTTP response code: java.net.SocketException,Non HTTP response message: Connection reset,Thread Group 1-749,text,false,,2601,0,807,807,http://localhost:8080/api/portfolio,0,0,447
1732701658480,434,HTTP Request,Non HTTP response code: java.net.SocketException,Non HTTP response message: Connection reset,Thread Group 1-753,text,false,,2601,0,807,807,http://localhost:8080/api/portfolio,0,0,421
1732701658838,68,HTTP Request,Non HTTP response code: java.net.SocketException,Non HTTP response message: Connection reset by peer,Thread Group 1-825,text,false,,2294,0,828,828,http://localhost:8080/api/portfolio,0,0,68
1732701655583,3503,HTTP Request,Non HTTP response code: java.net.SocketException,Non HTTP response message: Broken pipe,Thread Group 1-172,text,false,,2870,0,779,779,http://localhost:8080/api/portfolio,0,0,3502
1732701655586,3504,HTTP Request,Non HTTP response code: java.net.SocketException,Non HTTP response message: Connection reset by peer,Thread Group 1-175,text,false,,2294,0,778,778,http://localhost:8080/api/portfolio,0,0,3504
1732701657186,1904,HTTP Request,Non HTTP response code: java.net.SocketException,Non HTTP response message: Connection reset by peer,Thread Group 1-495,text,false,,2294,0,778,778,http://localhost:8080/api/portfolio,0,0,1904
1732701658809,302,HTTP Request,Non HTTP response code: java.net.SocketException,Non HTTP response message: Connection reset by peer,Thread Group 1-819,text,false,,2294,0,781,781,http://localhost:8080/api/portfolio,0,0,302
1732701658811,300,HTTP Request,Non HTTP response code: java.net.SocketException,Non HTTP response message: Broken pipe,Thread Group 1-820,text,false,,2870,0,781,781,http://localhost:8080/api/portfolio,0,0,299
1732701658768,343,HTTP Request,Non HTTP response code: java.net.SocketException,Non HTTP response message: Connection reset by peer,Thread Group 1-811,text,false,,2294,0,781,781,http://localhost:8080/api/portfolio,0,0,343
1732701658809,302,HTTP Request,Non HTTP response code: java.net.SocketException,Non HTTP response message: Connection reset by peer,Thread Group 1-812,text,false,,2294,0,781,781,http://localhost:8080/api/portfolio,0,0,302
1732701658809,303,HTTP Request,Non HTTP response code: java.net.SocketException,Non HTTP response message: Connection reset by peer,Thread Group 1-815,text,false,,2294,0,780,780,http://localhost:8080/api/portfolio,0,0,303
1732701658808,304,HTTP Request,Non HTTP response code: java.net.SocketException,Non HTTP response message: Connection reset by peer,Thread Group 1-816,text,false,,2294,0,779,779,http://localhost:8080/api/portfolio,0,0,304
1732701658810,301,HTTP Request,Non HTTP response code: java.net.SocketException,Non HTTP response message: Connection reset by peer,Thread Group 1-817,text,false,,2294,0,781,781,http://localhost:8080/api/portfolio,0,0,301
1732701658810,302,HTTP Request,Non HTTP response code: java.net.SocketException,Non HTTP response message: Broken pipe,Thread Group 1-814,text,false,,2870,0,775,775,http://localhost:8080/api/portfolio,0,0,300
1732701659046,202,HTTP Request,Non HTTP response code: java.net.SocketException,Non HTTP response message: Connection reset by peer,Thread Group 1-867,text,false,,2294,0,798,798,http://localhost:8080/api/portfolio,0,0,202
1732701659301,100,HTTP Request,Non HTTP response code: java.net.SocketException,Non HTTP response message: Connection reset by peer,Thread Group 1-918,text,false,,2294,0,830,830,http://localhost:8080/api/portfolio,0,0,100
1732701659211,201,HTTP Request,Non HTTP response code: java.net.SocketException,Non HTTP response message: Connection reset by peer,Thread Group 1-900,text,false,,2294,0,831,831,http://localhost:8080/api/portfolio,0,0,201
1732701659229,202,HTTP Request,Non HTTP response code: java.net.SocketException,Non HTTP response message: Connection reset by peer,Thread Group 1-904,text,false,,2294,0,834,834,http://localhost:8080/api/portfolio,0,0,202
1732701658930,502,HTTP Request,Non HTTP response code: java.net.SocketException,Non HTTP response message: Connection reset by peer,Thread Group 1-844,text,false,,2294,0,833,833,http://localhost:8080/api/portfolio,0,0,502
1732701659397,202,HTTP Request,Non HTTP response code: java.net.SocketException,Non HTTP response message: Broken pipe,Thread Group 1-935,text,false,,2870,0,866,866,http://localhost:8080/api/portfolio,0,0,201
1732701654967,9615,HTTP Request,200,OK,Thread Group 1-2,text,true,,310,90306,887,887,http://localhost:8080/api/portfolio,9486,0,121
1732701655000,9582,HTTP Request,200,OK,Thread Group 1-58,text,true,,310,90306,887,887,http://localhost:8080/api/portfolio,9549,0,42
1732701655205,9377,HTTP Request,200,OK,Thread Group 1-99,text,true,,310,90306,887,887,http://localhost:8080/api/portfolio,9248,0,1
1732701656295,8287,HTTP Request,200,OK,Thread Group 1-316,text,true,,310,90306,887,887,http://localhost:8080/api/portfolio,8158,0,1906
1732701655201,9381,HTTP Request,200,OK,Thread Group 1-98,text,true,,310,90306,884,884,http://localhost:8080/api/portfolio,9252,0,1
1732701655030,9552,HTTP Request,200,OK,Thread Group 1-63,text,true,,310,90306,883,883,http://localhost:8080/api/portfolio,9423,0,14
1732701654966,9702,HTTP Request,200,OK,Thread Group 1-21,text,true,,310,90306,881,881,http://localhost:8080/api/portfolio,9702,0,81
1732701655022,9760,HTTP Request,200,OK,Thread Group 1-62,text,true,,310,90306,880,880,http://localhost:8080/api/portfolio,9759,0,23
1732701654966,9917,HTTP Request,200,OK,Thread Group 1-28,text,true,,310,90306,879,879,http://localhost:8080/api/portfolio,9917,0,82
1732701657830,7168,HTTP Request,200,OK,Thread Group 1-624,text,true,,310,90306,878,878,http://localhost:8080/api/portfolio,7168,0,407
1732701655260,9848,HTTP Request,200,OK,Thread Group 1-109,text,true,,310,90306,877,877,http://localhost:8080/api/portfolio,9848,0,1
1732701655728,9488,HTTP Request,200,OK,Thread Group 1-202,text,true,,310,90306,876,876,http://localhost:8080/api/portfolio,9488,0,203
1732701655331,9992,HTTP Request,200,OK,Thread Group 1-124,text,true,,310,90306,875,875,http://localhost:8080/api/portfolio,9992,0,1
1732701655460,9975,HTTP Request,200,OK,Thread Group 1-150,text,true,,310,90306,874,874,http://localhost:8080/api/portfolio,9975,0,1
1732701657718,7830,HTTP Request,200,OK,Thread Group 1-601,text,true,,310,90306,873,873,http://localhost:8080/api/portfolio,7830,0,503
1732701655730,9928,HTTP Request,200,OK,Thread Group 1-203,text,true,,310,90306,872,872,http://localhost:8080/api/portfolio,9928,0,201
1732701655215,10557,HTTP Request,200,OK,Thread Group 1-101,text,true,,310,90306,871,871,http://localhost:8080/api/portfolio,10557,0,1
1732701655530,10348,HTTP Request,200,OK,Thread Group 1-164,text,true,,310,90306,870,870,http://localhost:8080/api/portfolio,10348,0,404
1732701657107,8882,HTTP Request,200,OK,Thread Group 1-479,text,true,,310,90306,869,869,http://localhost:8080/api/portfolio,8882,0,1104
1732701655430,10672,HTTP Request,200,OK,Thread Group 1-143,text,true,,310,90306,868,868,http://localhost:8080/api/portfolio,10672,0,0
1732701657678,8532,HTTP Request,200,OK,Thread Group 1-593,text,true,,310,90306,867,867,http://localhost:8080/api/portfolio,8532,0,505
1732701654979,11429,HTTP Request,200,OK,Thread Group 1-24,text,true,,310,90306,866,866,http://localhost:8080/api/portfolio,11429,0,68
1732701655106,11408,HTTP Request,200,OK,Thread Group 1-79,text,true,,310,90306,865,865,http://localhost:8080/api/portfolio,11408,0,0
1732701655101,11526,HTTP Request,200,OK,Thread Group 1-78,text,true,,310,90306,864,864,http://localhost:8080/api/portfolio,11526,0,1
1732701654974,11887,HTTP Request,200,OK,Thread Group 1-52,text,true,,310,90306,863,863,http://localhost:8080/api/portfolio,11887,0,73
1732701654978,11886,HTTP Request,200,OK,Thread Group 1-39,text,true,,310,90306,862,862,http://localhost:8080/api/portfolio,11886,0,64
1732701654966,11990,HTTP Request,200,OK,Thread Group 1-30,text,true,,310,90306,861,861,http://localhost:8080/api/portfolio,11990,0,78
1732701655220,11962,HTTP Request,200,OK,Thread Group 1-102,text,true,,310,90306,860,860,http://localhost:8080/api/portfolio,11962,0,1
1732701655934,11248,HTTP Request,200,OK,Thread Group 1-244,text,true,,310,90306,860,860,http://localhost:8080/api/portfolio,11248,0,2
1732701655831,11456,HTTP Request,200,OK,Thread Group 1-224,text,true,,310,90306,858,858,http://localhost:8080/api/portfolio,11456,0,103
1732701655198,12198,HTTP Request,200,OK,Thread Group 1-86,text,true,,310,90306,857,857,http://localhost:8080/api/portfolio,12198,0,2
1732701655084,12422,HTTP Request,200,OK,Thread Group 1-74,text,true,,310,90306,856,856,http://localhost:8080/api/portfolio,12422,0,2
1732701655165,12455,HTTP Request,200,OK,Thread Group 1-85,text,true,,310,90306,855,855,http://localhost:8080/api/portfolio,12455,0,1
1732701654969,12761,HTTP Request,200,OK,Thread Group 1-51,text,true,,310,90306,854,854,http://localhost:8080/api/portfolio,12761,0,73
1732701654977,12860,HTTP Request,200,OK,Thread Group 1-34,text,true,,310,90306,853,853,http://localhost:8080/api/portfolio,12860,0,64
1732701655036,12904,HTTP Request,200,OK,Thread Group 1-65,text,true,,310,90306,852,852,http://localhost:8080/api/portfolio,12904,0,12
1732701656464,11587,HTTP Request,200,OK,Thread Group 1-350,text,true,,310,90306,851,851,http://localhost:8080/api/portfolio,11587,0,1902
1732701657260,10905,HTTP Request,200,OK,Thread Group 1-510,text,true,,310,90306,850,850,http://localhost:8080/api/portfolio,10905,0,1102
1732701655317,12949,HTTP Request,200,OK,Thread Group 1-121,text,true,,310,90306,849,849,http://localhost:8080/api/portfolio,12949,0,1
1732701654978,13393,HTTP Request,200,OK,Thread Group 1-32,text,true,,310,90306,848,848,http://localhost:8080/api/portfolio,13393,0,68
1732701655836,12646,HTTP Request,200,OK,Thread Group 1-225,text,true,,310,90306,847,847,http://localhost:8080/api/portfolio,12646,0,101
1732701657481,11106,HTTP Request,200,OK,Thread Group 1-554,text,true,,310,90306,846,846,http://localhost:8080/api/portfolio,11106,0,707
1732701654966,13734,HTTP Request,200,OK,Thread Group 1-40,text,true,,310,90306,845,845,http://localhost:8080/api/portfolio,13734,0,81
1732701655082,13729,HTTP Request,200,OK,Thread Group 1-71,text,true,,310,90306,844,844,http://localhost:8080/api/portfolio,13729,0,2
1732701658394,10530,HTTP Request,200,OK,Thread Group 1-737,text,true,,310,90306,843,843,http://localhost:8080/api/portfolio,10530,0,303
1732701655081,13949,HTTP Request,200,OK,Thread Group 1-72,text,true,,310,90306,842,842,http://localhost:8080/api/portfolio,13948,0,2
1732701658014,11126,HTTP Request,200,OK,Thread Group 1-660,text,true,,310,90306,841,841,http://localhost:8080/api/portfolio,11126,0,203
1732701655199,14047,HTTP Request,200,OK,Thread Group 1-96,text,true,,310,90306,840,840,http://localhost:8080/api/portfolio,14047,0,2
1732701655829,13533,HTTP Request,200,OK,Thread Group 1-223,text,true,,310,90306,839,839,http://localhost:8080/api/portfolio,13533,0,101
1732701657681,11781,HTTP Request,200,OK,Thread Group 1-594,text,true,,310,90306,838,838,http://localhost:8080/api/portfolio,11781,0,503
1732701655535,14043,HTTP Request,200,OK,Thread Group 1-165,text,true,,310,90306,837,837,http://localhost:8080/api/portfolio,14043,0,403
1732701655360,14333,HTTP Request,200,OK,Thread Group 1-130,text,true,,310,90306,836,836,http://localhost:8080/api/portfolio,14333,0,101
1732701657095,12699,HTTP Request,200,OK,Thread Group 1-476,text,true,,310,90306,835,835,http://localhost:8080/api/portfolio,12699,0,1105
1732701655199,14718,HTTP Request,200,OK,Thread Group 1-95,text,true,,310,90306,834,834,http://localhost:8080/api/portfolio,14718,0,2
1732701654966,15053,HTTP Request,200,OK,Thread Group 1-35,text,true,,310,90306,833,833,http://localhost:8080/api/portfolio,15053,0,75
1732701655114,15010,HTTP Request,200,OK,Thread Group 1-80,text,true,,310,90306,832,832,http://localhost:8080/api/portfolio,15010,0,1
1732701657830,12407,HTTP Request,200,OK,Thread Group 1-623,text,true,,310,90306,831,831,http://localhost:8080/api/portfolio,12406,0,405
1732701654966,15389,HTTP Request,200,OK,Thread Group 1-20,text,true,,310,90306,830,830,http://localhost:8080/api/portfolio,15389,0,82
1732701655006,15446,HTTP Request,200,OK,Thread Group 1-59,text,true,,310,90306,829,829,http://localhost:8080/api/portfolio,15446,0,34
1732701655097,15467,HTTP Request,200,OK,Thread Group 1-77,text,true,,310,90306,828,828,http://localhost:8080/api/portfolio,15467,0,1
1732701654977,15699,HTTP Request,200,OK,Thread Group 1-46,text,true,,310,90306,827,827,http://localhost:8080/api/portfolio,15698,0,70
1732701655270,15544,HTTP Request,200,OK,Thread Group 1-111,text,true,,310,90306,826,826,http://localhost:8080/api/portfolio,15544,0,1
1732701655324,15588,HTTP Request,200,OK,Thread Group 1-122,text,true,,310,90306,825,825,http://localhost:8080/api/portfolio,15588,0,0
1732701657093,13925,HTTP Request,200,OK,Thread Group 1-475,text,true,,310,90306,824,824,http://localhost:8080/api/portfolio,13925,0,1107
1732701656318,14813,HTTP Request,200,OK,Thread Group 1-321,text,true,,310,90306,823,823,http://localhost:8080/api/portfolio,14813,0,1905
1732701655294,15942,HTTP Request,200,OK,Thread Group 1-116,text,true,,310,90306,822,822,http://localhost:8080/api/portfolio,15942,0,19
1732701655929,15428,HTTP Request,200,OK,Thread Group 1-243,text,true,,310,90306,821,821,http://localhost:8080/api/portfolio,15428,0,1
1732701657889,13585,HTTP Request,200,OK,Thread Group 1-635,text,true,,310,90306,820,820,http://localhost:8080/api/portfolio,13585,0,302
1732701654978,16595,HTTP Request,200,OK,Thread Group 1-10,text,true,,310,90306,819,819,http://localhost:8080/api/portfolio,16594,0,64
1732701655122,16570,HTTP Request,200,OK,Thread Group 1-82,text,true,,310,90306,818,818,http://localhost:8080/api/portfolio,16570,0,1
1732701654966,16837,HTTP Request,200,OK,Thread Group 1-11,text,true,,310,90306,817,817,http://localhost:8080/api/portfolio,16837,0,82
1732701654965,16950,HTTP Request,200,OK,Thread Group 1-26,text,true,,310,90306,816,816,http://localhost:8080/api/portfolio,16950,0,123
1732701658211,13817,HTTP Request,200,OK,Thread Group 1-700,text,true,,310,90306,815,815,http://localhost:8080/api/portfolio,13817,0,5
1732701658063,14084,HTTP Request,200,OK,Thread Group 1-670,text,true,,310,90306,814,814,http://localhost:8080/api/portfolio,14084,0,302
1732701655094,17172,HTTP Request,200,OK,Thread Group 1-76,text,true,,310,90306,813,813,http://localhost:8080/api/portfolio,17172,0,1
1732701655033,17347,HTTP Request,200,OK,Thread Group 1-64,text,true,,310,90306,812,812,http://localhost:8080/api/portfolio,17347,0,12
1732701655448,17037,HTTP Request,200,OK,Thread Group 1-147,text,true,,310,90306,811,811,http://localhost:8080/api/portfolio,17037,0,1
1732701654980,17623,HTTP Request,200,OK,Thread Group 1-54,text,true,,310,90306,810,810,http://localhost:8080/api/portfolio,17623,0,66
1732701654966,17751,HTTP Request,200,OK,Thread Group 1-17,text,true,,310,90306,809,809,http://localhost:8080/api/portfolio,17751,0,122
1732701655263,17565,HTTP Request,200,OK,Thread Group 1-110,text,true,,310,90306,808,808,http://localhost:8080/api/portfolio,17564,0,1
1732701655344,17597,HTTP Request,200,OK,Thread Group 1-126,text,true,,310,90306,807,807,http://localhost:8080/api/portfolio,17597,0,1
1732701655456,17597,HTTP Request,200,OK,Thread Group 1-149,text,true,,310,90306,806,806,http://localhost:8080/api/portfolio,17596,0,1
1732701654966,18196,HTTP Request,200,OK,Thread Group 1-45,text,true,,310,90306,805,805,http://localhost:8080/api/portfolio,18196,0,75
1732701655198,18103,HTTP Request,200,OK,Thread Group 1-92,text,true,,310,90306,804,804,http://localhost:8080/api/portfolio,18103,0,2
1732701655118,18270,HTTP Request,200,OK,Thread Group 1-81,text,true,,310,90306,803,803,http://localhost:8080/api/portfolio,18270,0,1
1732701655199,18302,HTTP Request,200,OK,Thread Group 1-93,text,true,,310,90306,802,802,http://localhost:8080/api/portfolio,18302,0,2
1732701655313,18298,HTTP Request,200,OK,Thread Group 1-120,text,true,,310,90306,801,801,http://localhost:8080/api/portfolio,18298,0,0
1732701654966,18758,HTTP Request,200,OK,Thread Group 1-6,text,true,,310,90306,800,800,http://localhost:8080/api/portfolio,18758,0,75
1732701658195,15640,HTTP Request,200,OK,Thread Group 1-697,text,true,,310,90306,799,799,http://localhost:8080/api/portfolio,15640,0,5
1732701655279,18669,HTTP Request,200,OK,Thread Group 1-113,text,true,,310,90306,798,798,http://localhost:8080/api/portfolio,18669,0,1
1732701655211,18842,HTTP Request,200,OK,Thread Group 1-100,text,true,,310,90306,797,797,http://localhost:8080/api/portfolio,18842,0,1
1732701655230,18934,HTTP Request,200,OK,Thread Group 1-104,text,true,,310,90306,796,796,http://localhost:8080/api/portfolio,18934,0,1
1732701655637,18746,HTTP Request,200,OK,Thread Group 1-185,text,true,,310,90306,795,795,http://localhost:8080/api/portfolio,18746,0,300
1732701658073,16311,HTTP Request,200,OK,Thread Group 1-672,text,true,,310,90306,795,795,http://localhost:8080/api/portfolio,16311,0,103
1732701655366,19240,HTTP Request,200,OK,Thread Group 1-131,text,true,,310,90306,793,793,http://localhost:8080/api/portfolio,19240,0,101
1732701657708,16898,HTTP Request,200,OK,Thread Group 1-599,text,true,,310,90306,793,793,http://localhost:8080/api/portfolio,16898,0,502
1732701655449,19268,HTTP Request,200,OK,Thread Group 1-148,text,true,,310,90306,791,791,http://localhost:8080/api/portfolio,19268,0,1
1732701655424,19404,HTTP Request,200,OK,Thread Group 1-142,text,true,,310,90306,790,790,http://localhost:8080/api/portfolio,19404,0,0
1732701654980,19960,HTTP Request,200,OK,Thread Group 1-47,text,true,,310,90306,789,789,http://localhost:8080/api/portfolio,19959,0,67
1732701655285,19774,HTTP Request,200,OK,Thread Group 1-115,text,true,,310,90306,788,788,http://localhost:8080/api/portfolio,19774,0,1
1732701654966,20312,HTTP Request,200,OK,Thread Group 1-27,text,true,,310,90306,787,787,http://localhost:8080/api/portfolio,20312,0,78
1732701655283,19997,HTTP Request,200,OK,Thread Group 1-114,text,true,,310,90306,786,786,http://localhost:8080/api/portfolio,19995,0,1
1732701654966,20429,HTTP Request,200,OK,Thread Group 1-41,text,true,,310,90306,785,785,http://localhost:8080/api/portfolio,20429,0,82
1732701655313,20195,HTTP Request,200,OK,Thread Group 1-118,text,true,,310,90306,784,784,http://localhost:8080/api/portfolio,20195,0,0
1732701654965,20645,HTTP Request,200,OK,Thread Group 1-31,text,true,,310,90306,783,783,http://localhost:8080/api/portfolio,20645,0,83
1732701654977,20859,HTTP Request,200,OK,Thread Group 1-16,text,true,,310,90306,782,782,http://localhost:8080/api/portfolio,20859,0,70
1732701657114,18723,HTTP Request,200,OK,Thread Group 1-480,text,true,,310,90306,782,782,http://localhost:8080/api/portfolio,18722,0,1108
1732701654966,20976,HTTP Request,200,OK,Thread Group 1-8,text,true,,310,90306,780,780,http://localhost:8080/api/portfolio,20976,0,123
1732701657807,18251,HTTP Request,200,OK,Thread Group 1-619,text,true,,310,90306,779,779,http://localhost:8080/api/portfolio,18251,0,403
1732701654966,21196,HTTP Request,200,OK,Thread Group 1-49,text,true,,310,90306,778,778,http://localhost:8080/api/portfolio,21196,0,79
1732701655081,21195,HTTP Request,200,OK,Thread Group 1-73,text,true,,310,90306,777,777,http://localhost:8080/api/portfolio,21195,0,3
1732701655086,21520,HTTP Request,200,OK,Thread Group 1-75,text,true,,310,90306,776,776,http://localhost:8080/api/portfolio,21520,0,1
1732701655017,21591,HTTP Request,200,OK,Thread Group 1-61,text,true,,310,90306,775,775,http://localhost:8080/api/portfolio,21589,0,29
1732701655470,21141,HTTP Request,200,OK,Thread Group 1-152,text,true,,310,90306,774,774,http://localhost:8080/api/portfolio,21141,0,1
1732701655337,21372,HTTP Request,200,OK,Thread Group 1-125,text,true,,310,90306,773,773,http://localhost:8080/api/portfolio,21372,0,1
1732701655444,21378,HTTP Request,200,OK,Thread Group 1-146,text,true,,310,90306,772,772,http://localhost:8080/api/portfolio,21378,0,0
1732701654966,21966,HTTP Request,200,OK,Thread Group 1-13,text,true,,310,90306,771,771,http://localhost:8080/api/portfolio,21966,0,75
1732701655080,21965,HTTP Request,200,OK,Thread Group 1-66,text,true,,310,90306,770,770,http://localhost:8080/api/portfolio,21965,0,3
1732701655248,21905,HTTP Request,200,OK,Thread Group 1-107,text,true,,310,90306,769,769,http://localhost:8080/api/portfolio,21905,0,2
1732701654966,22300,HTTP Request,200,OK,Thread Group 1-48,text,true,,310,90306,768,768,http://localhost:8080/api/portfolio,22300,0,82
1732701654977,22403,HTTP Request,200,OK,Thread Group 1-33,text,true,,310,90306,767,767,http://localhost:8080/api/portfolio,22403,0,112
1732701654965,22519,HTTP Request,200,OK,Thread Group 1-7,text,true,,310,90306,766,766,http://localhost:8080/api/portfolio,22519,0,123
1732701654965,22627,HTTP Request,200,OK,Thread Group 1-22,text,true,,310,90306,765,765,http://localhost:8080/api/portfolio,22627,0,80
1732701657095,20614,HTTP Request,200,OK,Thread Group 1-474,text,true,,310,90306,764,764,http://localhost:8080/api/portfolio,20614,0,1106
1732701654967,22851,HTTP Request,200,OK,Thread Group 1-5,text,true,,310,90306,763,763,http://localhost:8080/api/portfolio,22851,0,122
1732701655350,22581,HTTP Request,200,OK,Thread Group 1-127,text,true,,310,90306,762,762,http://localhost:8080/api/portfolio,22581,0,1
1732701655238,22807,HTTP Request,200,OK,Thread Group 1-105,text,true,,310,90306,761,761,http://localhost:8080/api/portfolio,22807,0,1
1732701655727,22432,HTTP Request,200,OK,Thread Group 1-200,text,true,,310,90306,760,760,http://localhost:8080/api/portfolio,22432,0,204
1732701655199,23061,HTTP Request,200,OK,Thread Group 1-94,text,true,,310,90306,759,759,http://localhost:8080/api/portfolio,23061,0,1
1732701655244,23249,HTTP Request,200,OK,Thread Group 1-106,text,true,,310,90306,758,758,http://localhost:8080/api/portfolio,23248,0,1
1732701654966,23530,HTTP Request,200,OK,Thread Group 1-4,text,true,,310,90306,757,757,http://localhost:8080/api/portfolio,23530,0,82
1732701655630,22963,HTTP Request,200,OK,Thread Group 1-183,text,true,,310,90306,756,756,http://localhost:8080/api/portfolio,22963,0,304
1732701654967,23886,HTTP Request,200,OK,Thread Group 1-3,text,true,,310,90306,755,755,http://localhost:8080/api/portfolio,23885,0,122
1732701655198,23669,HTTP Request,200,OK,Thread Group 1-91,text,true,,310,90306,754,754,http://localhost:8080/api/portfolio,23644,0,2
1732701657687,21225,HTTP Request,200,OK,Thread Group 1-595,text,true,,310,90306,753,753,http://localhost:8080/api/portfolio,21224,0,503
1732701655165,23878,HTTP Request,200,OK,Thread Group 1-89,text,true,,310,90306,752,752,http://localhost:8080/api/portfolio,23878,0,1
1732701657872,21275,HTTP Request,200,OK,Thread Group 1-632,text,true,,310,90306,751,751,http://localhost:8080/api/portfolio,21275,0,304
1732701654966,24498,HTTP Request,200,OK,Thread Group 1-44,text,true,,310,90306,750,750,http://localhost:8080/api/portfolio,24498,0,80
1732701655276,24190,HTTP Request,200,OK,Thread Group 1-112,text,true,,310,90306,749,749,http://localhost:8080/api/portfolio,24190,0,1
1732701655529,24171,HTTP Request,200,OK,Thread Group 1-163,text,true,,310,90306,748,748,http://localhost:8080/api/portfolio,24171,0,405
1732701655256,24446,HTTP Request,200,OK,Thread Group 1-108,text,true,,310,90306,747,747,http://localhost:8080/api/portfolio,24446,0,0
1732701655329,24402,HTTP Request,200,OK,Thread Group 1-123,text,true,,310,90306,746,746,http://localhost:8080/api/portfolio,24402,0,1
1732701654977,24819,HTTP Request,200,OK,Thread Group 1-37,text,true,,310,90306,745,745,http://localhost:8080/api/portfolio,24819,0,70
1732701654966,24957,HTTP Request,200,OK,Thread Group 1-23,text,true,,310,90306,744,744,http://localhost:8080/api/portfolio,24957,0,122
1732701655479,24660,HTTP Request,200,OK,Thread Group 1-153,text,true,,310,90306,743,743,http://localhost:8080/api/portfolio,24660,0,1
1732701654966,25257,HTTP Request,200,OK,Thread Group 1-19,text,true,,310,90306,742,742,http://localhost:8080/api/portfolio,25165,0,81
1732701656279,24184,HTTP Request,200,OK,Thread Group 1-313,text,true,,310,90306,741,741,http://localhost:8080/api/portfolio,24184,0,1904
1732701658193,22270,HTTP Request,200,OK,Thread Group 1-696,text,true,,310,90306,741,741,http://localhost:8080/api/portfolio,22270,0,1
1732701655438,25247,HTTP Request,200,OK,Thread Group 1-145,text,true,,310,90306,739,739,http://localhost:8080/api/portfolio,25247,0,0
1732701657208,23478,HTTP Request,200,OK,Thread Group 1-499,text,true,,310,90306,738,738,http://localhost:8080/api/portfolio,23477,0,1901
1732701655684,25126,HTTP Request,200,OK,Thread Group 1-194,text,true,,310,90306,737,737,http://localhost:8080/api/portfolio,25126,0,3500
1732701654966,25945,HTTP Request,200,OK,Thread Group 1-43,text,true,,310,90306,736,736,http://localhost:8080/api/portfolio,25945,0,79
1732701655200,25712,HTTP Request,200,OK,Thread Group 1-97,text,true,,310,90306,735,735,http://localhost:8080/api/portfolio,25712,0,1
1732701658079,22942,HTTP Request,200,OK,Thread Group 1-673,text,true,,310,90306,734,734,http://localhost:8080/api/portfolio,22941,0,103
1732701654995,26135,HTTP Request,200,OK,Thread Group 1-57,text,true,,310,90306,733,733,http://localhost:8080/api/portfolio,26135,0,53
1732701654966,26278,HTTP Request,200,OK,Thread Group 1-29,text,true,,310,90306,732,732,http://localhost:8080/api/portfolio,26278,0,77
1732701659236,22236,HTTP Request,200,OK,Thread Group 1-905,text,true,,310,90306,731,731,http://localhost:8080/api/portfolio,22236,0,1
1732701658110,23363,HTTP Request,200,OK,Thread Group 1-680,text,true,,310,90306,731,731,http://localhost:8080/api/portfolio,23362,0,102
1732701657486,24088,HTTP Request,200,OK,Thread Group 1-555,text,true,,310,90306,729,729,http://localhost:8080/api/portfolio,24088,0,702
1732701655465,26221,HTTP Request,200,OK,Thread Group 1-151,text,true,,310,90306,728,728,http://localhost:8080/api/portfolio,26221,0,0
1732701654979,26827,HTTP Request,200,OK,Thread Group 1-25,text,true,,310,90306,727,727,http://localhost:8080/api/portfolio,26827,0,63
1732701655129,26780,HTTP Request,200,OK,Thread Group 1-83,text,true,,310,90306,726,726,http://localhost:8080/api/portfolio,26780,0,1
1732701655631,26390,HTTP Request,200,OK,Thread Group 1-184,text,true,,310,90306,725,725,http://localhost:8080/api/portfolio,26390,0,302
1732701654978,27153,HTTP Request,200,OK,Thread Group 1-38,text,true,,310,90306,724,724,http://localhost:8080/api/portfolio,27153,0,63
1732701655313,26916,HTTP Request,200,OK,Thread Group 1-119,text,true,,310,90306,723,723,http://localhost:8080/api/portfolio,26916,0,1
1732701657793,24658,HTTP Request,200,OK,Thread Group 1-616,text,true,,310,90306,722,722,http://localhost:8080/api/portfolio,24658,0,406
1732701657779,24672,HTTP Request,200,OK,Thread Group 1-613,text,true,,310,90306,722,722,http://localhost:8080/api/portfolio,24672,0,404
1732701654966,27597,HTTP Request,200,OK,Thread Group 1-15,text,true,,310,90306,720,720,http://localhost:8080/api/portfolio,27596,0,122
1732701657989,24678,HTTP Request,200,OK,Thread Group 1-655,text,true,,310,90306,719,719,http://localhost:8080/api/portfolio,24678,0,202
1732701655312,27472,HTTP Request,200,OK,Thread Group 1-117,text,true,,310,90306,718,718,http://localhost:8080/api/portfolio,27472,0,1
1732701655229,27658,HTTP Request,200,OK,Thread Group 1-103,text,true,,310,90306,717,717,http://localhost:8080/api/portfolio,27658,0,1
1732701654966,28030,HTTP Request,200,OK,Thread Group 1-36,text,true,,310,90306,716,716,http://localhost:8080/api/portfolio,28030,0,78
1732701655012,28194,HTTP Request,200,OK,Thread Group 1-60,text,true,,310,90306,715,715,http://localhost:8080/api/portfolio,28193,0,36
1732701655430,27777,HTTP Request,200,OK,Thread Group 1-144,text,true,,310,90306,714,714,http://localhost:8080/api/portfolio,27777,0,0
1732701655355,27970,HTTP Request,200,OK,Thread Group 1-129,text,true,,310,90306,713,713,http://localhost:8080/api/portfolio,27970,0,1
1732701657975,25478,HTTP Request,200,OK,Thread Group 1-652,text,true,,310,90306,712,712,http://localhost:8080/api/portfolio,25477,0,202
1732701658117,25449,HTTP Request,200,OK,Thread Group 1-681,text,true,,310,90306,711,711,http://localhost:8080/api/portfolio,25449,0,104
1732701654977,28693,HTTP Request,200,OK,Thread Group 1-12,text,true,,310,90306,710,710,http://localhost:8080/api/portfolio,28693,0,70
1732701655936,27842,HTTP Request,200,OK,Thread Group 1-245,text,true,,310,90306,709,709,http://localhost:8080/api/portfolio,27842,0,2
1732701654981,29080,HTTP Request,200,OK,Thread Group 1-1,text,true,,310,90306,708,708,http://localhost:8080/api/portfolio,29080,0,107
1732701654980,29083,HTTP Request,200,OK,Thread Group 1-14,text,true,,310,90306,707,707,http://localhost:8080/api/portfolio,29082,0,108
1732701654966,29314,HTTP Request,200,OK,Thread Group 1-42,text,true,,310,90306,706,706,http://localhost:8080/api/portfolio,29314,0,81
1732701656311,27971,HTTP Request,200,OK,Thread Group 1-320,text,true,,310,90306,705,705,http://localhost:8080/api/portfolio,27969,0,1906
1732701655165,29230,HTTP Request,200,OK,Thread Group 1-88,text,true,,310,90306,704,704,http://localhost:8080/api/portfolio,29230,0,1
1732701655198,29297,HTTP Request,200,OK,Thread Group 1-87,text,true,,310,90306,703,703,http://localhost:8080/api/portfolio,29297,0,2
1732701657981,26629,HTTP Request,200,OK,Thread Group 1-654,text,true,,310,90306,702,702,http://localhost:8080/api/portfolio,26629,0,203
1732701654966,29748,HTTP Request,200,OK,Thread Group 1-18,text,true,,310,90306,701,701,http://localhost:8080/api/portfolio,29748,0,81
1732701658080,26742,HTTP Request,200,OK,Thread Group 1-674,text,true,,310,90306,700,700,http://localhost:8080/api/portfolio,26742,0,102
1732701657709,27222,HTTP Request,200,OK,Thread Group 1-600,text,true,,310,90306,699,699,http://localhost:8080/api/portfolio,27222,0,507
1732701657693,27347,HTTP Request,200,OK,Thread Group 1-596,text,true,,310,90306,698,698,http://localhost:8080/api/portfolio,27347,0,506
1732701657930,27221,HTTP Request,200,OK,Thread Group 1-644,text,true,,310,90306,697,697,http://localhost:8080/api/portfolio,27221,0,306
1732701657122,28248,HTTP Request,200,OK,Thread Group 1-482,text,true,,310,90306,696,696,http://localhost:8080/api/portfolio,28248,0,1111
1732701655374,30102,HTTP Request,200,OK,Thread Group 1-132,text,true,,310,90306,695,695,http://localhost:8080/api/portfolio,30102,0,102
1732701655166,30310,HTTP Request,200,OK,Thread Group 1-90,text,true,,310,90306,695,695,http://localhost:8080/api/portfolio,30310,0,1
1732701655729,29852,HTTP Request,200,OK,Thread Group 1-204,text,true,,310,90306,693,693,http://localhost:8080/api/portfolio,29851,0,202
1732701655350,30332,HTTP Request,200,OK,Thread Group 1-128,text,true,,310,90306,692,692,http://localhost:8080/api/portfolio,30332,0,1
1732701657880,27915,HTTP Request,200,OK,Thread Group 1-633,text,true,,310,90306,691,691,http://localhost:8080/api/portfolio,27915,0,303
1732701655078,30827,HTTP Request,200,OK,Thread Group 1-69,text,true,,310,90306,690,690,http://localhost:8080/api/portfolio,30827,0,6
1732701654966,31058,HTTP Request,200,OK,Thread Group 1-50,text,true,,310,90306,689,689,http://localhost:8080/api/portfolio,31058,0,80
1732701658250,27874,HTTP Request,200,OK,Thread Group 1-706,text,true,,310,90306,688,688,http://localhost:8080/api/portfolio,27874,0,1104
1732701655080,31154,HTTP Request,200,OK,Thread Group 1-70,text,true,,310,90306,687,687,http://localhost:8080/api/portfolio,31154,0,4
1732701657729,28617,HTTP Request,200,OK,Thread Group 1-603,text,true,,310,90306,686,686,http://localhost:8080/api/portfolio,28617,0,508
1732701656329,30114,HTTP Request,200,OK,Thread Group 1-323,text,true,,310,90306,685,685,http://localhost:8080/api/portfolio,30114,0,1908
1732701658032,28646,HTTP Request,200,OK,Thread Group 1-664,text,true,,310,90306,684,684,http://localhost:8080/api/portfolio,28646,0,205
1732701657528,29151,HTTP Request,200,OK,Thread Group 1-563,text,true,,310,90306,683,683,http://localhost:8080/api/portfolio,29151,0,708
1732701654995,31810,HTTP Request,200,OK,Thread Group 1-56,text,true,,310,90306,682,682,http://localhost:8080/api/portfolio,31809,0,48
1732701657132,29750,HTTP Request,200,OK,Thread Group 1-484,text,true,,310,90306,681,681,http://localhost:8080/api/portfolio,29746,0,1108
1732701657980,29010,HTTP Request,200,OK,Thread Group 1-653,text,true,,310,90306,680,680,http://localhost:8080/api/portfolio,29010,0,203
1732701655922,31402,HTTP Request,200,OK,Thread Group 1-242,text,true,,310,90306,679,679,http://localhost:8080/api/portfolio,31402,0,3503
1732701657732,29593,HTTP Request,200,OK,Thread Group 1-604,text,true,,310,90306,678,678,http://localhost:8080/api/portfolio,29592,0,507
1732701658189,29139,HTTP Request,200,OK,Thread Group 1-695,text,true,,310,90306,677,677,http://localhost:8080/api/portfolio,29138,0,1
1732701657673,29766,HTTP Request,200,OK,Thread Group 1-592,text,true,,310,90306,676,676,http://localhost:8080/api/portfolio,29766,0,503
1732701657478,30073,HTTP Request,200,OK,Thread Group 1-553,text,true,,310,90306,675,675,http://localhost:8080/api/portfolio,30073,0,705
1732701658182,29535,HTTP Request,200,OK,Thread Group 1-693,text,true,,310,90306,674,674,http://localhost:8080/api/portfolio,29535,0,4
1732701657094,30681,HTTP Request,200,OK,Thread Group 1-473,text,true,,310,90306,673,673,http://localhost:8080/api/portfolio,30681,0,1107
1732701658281,29600,HTTP Request,200,OK,Thread Group 1-714,text,true,,310,90306,672,672,http://localhost:8080/api/portfolio,29600,0,1115
1732701657861,30133,HTTP Request,200,OK,Thread Group 1-629,text,true,,310,90306,671,671,http://localhost:8080/api/portfolio,30133,0,502
1732701658259,29850,HTTP Request,200,OK,Thread Group 1-709,text,true,,310,90306,670,670,http://localhost:8080/api/portfolio,29850,0,101
1732701658364,29849,HTTP Request,200,OK,Thread Group 1-730,text,true,,310,90306,669,669,http://localhost:8080/api/portfolio,29849,0,1
1732701658264,30063,HTTP Request,200,OK,Thread Group 1-711,text,true,,310,90306,669,669,http://localhost:8080/api/portfolio,30063,0,99
1732701657860,30585,HTTP Request,200,OK,Thread Group 1-628,text,true,,310,90306,669,669,http://localhost:8080/api/portfolio,30585,0,504
1732701658259,30283,HTTP Request,200,OK,Thread Group 1-710,text,true,,310,90306,669,669,http://localhost:8080/api/portfolio,30282,0,101
1732701657859,30795,HTTP Request,200,OK,Thread Group 1-626,text,true,,310,90306,669,669,http://localhost:8080/api/portfolio,30795,0,502
1732701658366,30395,HTTP Request,200,OK,Thread Group 1-731,text,true,,310,90306,669,669,http://localhost:8080/api/portfolio,30395,0,1
1732701657859,31011,HTTP Request,200,OK,Thread Group 1-627,text,true,,310,90306,663,663,http://localhost:8080/api/portfolio,31011,0,505
1732701655132,33850,HTTP Request,200,OK,Thread Group 1-84,text,true,,310,90306,662,662,http://localhost:8080/api/portfolio,33850,0,1
1732701657524,31578,HTTP Request,200,OK,Thread Group 1-562,text,true,,310,90306,661,661,http://localhost:8080/api/portfolio,31578,0,1901
1732701657264,31940,HTTP Request,200,OK,Thread Group 1-511,text,true,,310,90306,660,660,http://localhost:8080/api/portfolio,31940,0,1102
1732701657810,31511,HTTP Request,200,OK,Thread Group 1-620,text,true,,310,90306,659,659,http://localhost:8080/api/portfolio,31511,0,406
1732701657911,31522,HTTP Request,200,OK,Thread Group 1-640,text,true,,310,90306,658,658,http://localhost:8080/api/portfolio,31522,0,306
1732701654978,34562,HTTP Request,200,OK,Thread Group 1-9,text,true,,310,90306,657,657,http://localhost:8080/api/portfolio,34562,0,62
1732701657509,32143,HTTP Request,200,OK,Thread Group 1-560,text,true,,310,90306,656,656,http://localhost:8080/api/portfolio,32143,0,702
1732701656795,32967,HTTP Request,200,OK,Thread Group 1-416,text,true,,310,90306,655,655,http://localhost:8080/api/portfolio,32967,0,1902
1732701657519,32358,HTTP Request,200,OK,Thread Group 1-561,text,true,,310,90306,654,654,http://localhost:8080/api/portfolio,32358,0,704
1732701656787,33198,HTTP Request,200,OK,Thread Group 1-415,text,true,,310,90306,653,653,http://localhost:8080/api/portfolio,33198,0,1903
1732701658298,31806,HTTP Request,200,OK,Thread Group 1-717,text,true,,310,90306,652,652,http://localhost:8080/api/portfolio,31806,0,400
1732701658699,31515,HTTP Request,200,OK,Thread Group 1-798,text,true,,310,90306,651,651,http://localhost:8080/api/portfolio,31515,0,1
1732701658495,31823,HTTP Request,200,OK,Thread Group 1-757,text,true,,310,90306,650,650,http://localhost:8080/api/portfolio,31823,0,202
1732701658693,31746,HTTP Request,200,OK,Thread Group 1-796,text,true,,310,90306,649,649,http://localhost:8080/api/portfolio,31746,0,1
1732701658588,31979,HTTP Request,200,OK,Thread Group 1-775,text,true,,310,90306,648,648,http://localhost:8080/api/portfolio,31978,0,101
1732701658394,32257,HTTP Request,200,OK,Thread Group 1-736,text,true,,310,90306,647,647,http://localhost:8080/api/portfolio,32257,0,303
1732701657594,33168,HTTP Request,200,OK,Thread Group 1-576,text,true,,310,90306,646,646,http://localhost:8080/api/portfolio,33168,0,1104
1732701657129,33846,HTTP Request,200,OK,Thread Group 1-483,text,true,,310,90306,645,645,http://localhost:8080/api/portfolio,33845,0,1107
1732701657586,33389,HTTP Request,200,OK,Thread Group 1-575,text,true,,310,90306,644,644,http://localhost:8080/api/portfolio,33389,0,1103
1732701658695,32392,HTTP Request,200,OK,Thread Group 1-797,text,true,,310,90306,643,643,http://localhost:8080/api/portfolio,32392,0,0
1732701658929,32269,HTTP Request,200,OK,Thread Group 1-843,text,true,,310,90306,642,642,http://localhost:8080/api/portfolio,32269,0,503
1732701658121,33191,HTTP Request,200,OK,Thread Group 1-682,text,true,,310,90306,641,641,http://localhost:8080/api/portfolio,33190,0,702
1732701658029,33394,HTTP Request,200,OK,Thread Group 1-663,text,true,,310,90306,640,640,http://localhost:8080/api/portfolio,33394,0,206
1732701657531,34004,HTTP Request,200,OK,Thread Group 1-564,text,true,,310,90306,639,639,http://localhost:8080/api/portfolio,34004,0,708
1732701658517,33126,HTTP Request,200,OK,Thread Group 1-761,text,true,,310,90306,638,638,http://localhost:8080/api/portfolio,33126,0,302
1732701656331,35430,HTTP Request,200,OK,Thread Group 1-324,text,true,,310,90306,637,637,http://localhost:8080/api/portfolio,35430,0,1906
1732701659329,32541,HTTP Request,200,OK,Thread Group 1-924,text,true,,310,90306,636,636,http://localhost:8080/api/portfolio,32540,0,102
1732701658517,33468,HTTP Request,200,OK,Thread Group 1-760,text,true,,310,90306,635,635,http://localhost:8080/api/portfolio,33468,0,302
1732701658818,33388,HTTP Request,200,OK,Thread Group 1-821,text,true,,310,90306,634,634,http://localhost:8080/api/portfolio,33388,0,0
1732701658624,33679,HTTP Request,200,OK,Thread Group 1-782,text,true,,310,90306,633,633,http://localhost:8080/api/portfolio,33679,0,200
1732701656920,35405,HTTP Request,200,OK,Thread Group 1-441,text,true,,310,90306,632,632,http://localhost:8080/api/portfolio,35382,0,1903
1732701658525,33903,HTTP Request,200,OK,Thread Group 1-762,text,true,,310,90306,631,631,http://localhost:8080/api/portfolio,33903,0,300
1732701658318,34204,HTTP Request,200,OK,Thread Group 1-721,text,true,,310,90306,630,630,http://localhost:8080/api/portfolio,34204,0,504
1732701658422,34208,HTTP Request,200,OK,Thread Group 1-742,text,true,,310,90306,629,629,http://localhost:8080/api/portfolio,34208,0,402
1732701655078,37575,HTTP Request,500,Internal Server Error,Thread Group 1-68,text,false,,349,90306,628,628,http://localhost:8080/api/portfolio,37575,0,4
1732701654988,37665,HTTP Request,500,Internal Server Error,Thread Group 1-55,text,false,,349,90306,628,628,http://localhost:8080/api/portfolio,37665,0,54
1732701657929,34741,HTTP Request,500,Internal Server Error,Thread Group 1-643,text,false,,349,90306,626,626,http://localhost:8080/api/portfolio,34741,0,306
1732701654980,37694,HTTP Request,500,Internal Server Error,Thread Group 1-53,text,false,,349,90306,625,625,http://localhost:8080/api/portfolio,37694,0,61
1732701658159,34584,HTTP Request,200,OK,Thread Group 1-690,text,true,,310,90306,624,624,http://localhost:8080/api/portfolio,34584,0,201
1732701657723,35241,HTTP Request,200,OK,Thread Group 1-602,text,true,,310,90306,623,623,http://localhost:8080/api/portfolio,35241,0,1102
1732701658331,34635,HTTP Request,200,OK,Thread Group 1-724,text,true,,310,90306,622,622,http://localhost:8080/api/portfolio,34635,0,504
1732701657960,35104,HTTP Request,200,OK,Thread Group 1-650,text,true,,310,90306,621,621,http://localhost:8080/api/portfolio,35104,0,404
1732701658505,34665,HTTP Request,200,OK,Thread Group 1-759,text,true,,310,90306,620,620,http://localhost:8080/api/portfolio,34665,0,415
1732701655083,38198,HTTP Request,200,OK,Thread Group 1-67,text,true,,310,90306,619,619,http://localhost:8080/api/portfolio,38198,0,1
1732701658165,35224,HTTP Request,200,OK,Thread Group 1-691,text,true,,310,90306,618,618,http://localhost:8080/api/portfolio,35224,0,202
1732701658634,34864,HTTP Request,200,OK,Thread Group 1-784,text,true,,310,90306,617,617,http://localhost:8080/api/portfolio,34864,0,201
1732701659690,34034,HTTP Request,200,OK,Thread Group 1-996,text,true,,310,90306,616,616,http://localhost:8080/api/portfolio,34029,0,1
1732701656930,36897,HTTP Request,200,OK,Thread Group 1-444,text,true,,310,90306,615,615,http://localhost:8080/api/portfolio,36896,0,1902
1732701656946,36986,HTTP Request,200,OK,Thread Group 1-447,text,true,,310,90306,614,614,http://localhost:8080/api/portfolio,36985,0,1958
1732701658686,35252,HTTP Request,200,OK,Thread Group 1-795,text,true,,310,90306,613,613,http://localhost:8080/api/portfolio,35252,0,223
1732701658872,35268,HTTP Request,200,OK,Thread Group 1-832,text,true,,310,90306,612,612,http://localhost:8080/api/portfolio,35268,0,36
1732701658534,35607,HTTP Request,200,OK,Thread Group 1-765,text,true,,310,90306,611,611,http://localhost:8080/api/portfolio,35606,0,301
1732701658128,36046,HTTP Request,500,Internal Server Error,Thread Group 1-683,text,false,,349,90306,610,610,http://localhost:8080/api/portfolio,36046,0,106
1732701658654,35589,HTTP Request,200,OK,Thread Group 1-788,text,true,,310,90306,609,609,http://localhost:8080/api/portfolio,35589,0,256
1732701658430,35926,HTTP Request,200,OK,Thread Group 1-744,text,true,,310,90306,608,608,http://localhost:8080/api/portfolio,35925,0,404
1732701658294,36172,HTTP Request,200,OK,Thread Group 1-716,text,true,,310,90306,607,607,http://localhost:8080/api/portfolio,36172,0,403
1732701657799,36783,HTTP Request,200,OK,Thread Group 1-617,text,true,,310,90306,606,606,http://localhost:8080/api/portfolio,36782,0,1121
1732701658594,36085,HTTP Request,200,OK,Thread Group 1-776,text,true,,310,90306,605,605,http://localhost:8080/api/portfolio,36085,0,103
1732701658490,36296,HTTP Request,200,OK,Thread Group 1-756,text,true,,310,90306,604,604,http://localhost:8080/api/portfolio,36296,0,200
1732701657093,37802,HTTP Request,200,OK,Thread Group 1-472,text,true,,310,90306,603,603,http://localhost:8080/api/portfolio,37802,0,1909
1732701656795,38208,HTTP Request,200,OK,Thread Group 1-417,text,true,,310,90306,602,602,http://localhost:8080/api/portfolio,38208,0,1903
1732701655494,39613,HTTP Request,200,OK,Thread Group 1-156,text,true,,310,90306,601,601,http://localhost:8080/api/portfolio,39613,0,3504
1732701658670,36546,HTTP Request,200,OK,Thread Group 1-792,text,true,,310,90306,600,600,http://localhost:8080/api/portfolio,36546,0,330
1732701657066,38258,HTTP Request,200,OK,Thread Group 1-471,text,true,,310,90306,599,599,http://localhost:8080/api/portfolio,38258,0,1932
1732701658997,36438,HTTP Request,200,OK,Thread Group 1-857,text,true,,310,90306,598,598,http://localhost:8080/api/portfolio,36438,0,1
1732701657494,37951,HTTP Request,500,Internal Server Error,Thread Group 1-556,text,false,,349,90306,597,597,http://localhost:8080/api/portfolio,37951,0,706
1732701658994,36549,HTTP Request,200,OK,Thread Group 1-856,text,true,,310,90306,596,596,http://localhost:8080/api/portfolio,36548,0,1
1732701658093,37638,HTTP Request,500,Internal Server Error,Thread Group 1-676,text,false,,349,90306,595,595,http://localhost:8080/api/portfolio,37638,0,105
1732701658474,37257,HTTP Request,200,OK,Thread Group 1-752,text,true,,310,90306,595,595,http://localhost:8080/api/portfolio,37257,0,525
1732701657899,37868,HTTP Request,200,OK,Thread Group 1-637,text,true,,310,90306,593,593,http://localhost:8080/api/portfolio,37868,0,1105
1732701658665,37204,HTTP Request,200,OK,Thread Group 1-790,text,true,,310,90306,592,592,http://localhost:8080/api/portfolio,37204,0,336
1732701658643,37337,HTTP Request,200,OK,Thread Group 1-786,text,true,,310,90306,591,591,http://localhost:8080/api/portfolio,37337,0,358
1732701659002,37090,HTTP Request,200,OK,Thread Group 1-858,text,true,,310,90306,590,590,http://localhost:8080/api/portfolio,37090,0,1
1732701658723,37476,HTTP Request,200,OK,Thread Group 1-802,text,true,,310,90306,589,589,http://localhost:8080/api/portfolio,37476,0,101
1732701657101,39210,HTTP Request,200,OK,Thread Group 1-478,text,true,,310,90306,588,588,http://localhost:8080/api/portfolio,39210,0,1902
1732701658717,37703,HTTP Request,200,OK,Thread Group 1-801,text,true,,310,90306,587,587,http://localhost:8080/api/portfolio,37703,0,101
1732701656922,39607,HTTP Request,200,OK,Thread Group 1-442,text,true,,310,90306,586,586,http://localhost:8080/api/portfolio,39607,0,1903
1732701659360,37273,HTTP Request,200,OK,Thread Group 1-930,text,true,,310,90306,585,585,http://localhost:8080/api/portfolio,37273,0,402
1732701658420,38323,HTTP Request,200,OK,Thread Group 1-741,text,true,,310,90306,584,584,http://localhost:8080/api/portfolio,38323,0,402
1732701655583,41261,HTTP Request,200,OK,Thread Group 1-169,text,true,,310,90306,583,583,http://localhost:8080/api/portfolio,41261,0,3502
1732701657165,39786,HTTP Request,200,OK,Thread Group 1-491,text,true,,310,90306,582,582,http://localhost:8080/api/portfolio,39786,0,1902
1732701659079,37982,HTTP Request,200,OK,Thread Group 1-874,text,true,,310,90306,581,581,http://localhost:8080/api/portfolio,37982,0,0
1732701659072,38091,HTTP Request,200,OK,Thread Group 1-872,text,true,,310,90306,580,580,http://localhost:8080/api/portfolio,38091,0,0
1732701658979,38293,HTTP Request,200,OK,Thread Group 1-853,text,true,,310,90306,579,579,http://localhost:8080/api/portfolio,38293,0,101
1732701658973,38405,HTTP Request,200,OK,Thread Group 1-852,text,true,,310,90306,578,578,http://localhost:8080/api/portfolio,38405,0,102
1732701657179,40307,HTTP Request,200,OK,Thread Group 1-493,text,true,,310,90306,577,577,http://localhost:8080/api/portfolio,40307,0,1903
1732701659074,38515,HTTP Request,200,OK,Thread Group 1-873,text,true,,310,90306,576,576,http://localhost:8080/api/portfolio,38515,0,1
1732701658736,38963,HTTP Request,200,OK,Thread Group 1-805,text,true,,310,90306,575,575,http://localhost:8080/api/portfolio,38963,0,100
1732701658743,39066,HTTP Request,200,OK,Thread Group 1-806,text,true,,310,90306,574,574,http://localhost:8080/api/portfolio,39066,0,166
1732701658966,38948,HTTP Request,200,OK,Thread Group 1-851,text,true,,310,90306,573,573,http://localhost:8080/api/portfolio,38948,0,101
1732701658735,39281,HTTP Request,200,OK,Thread Group 1-804,text,true,,310,90306,572,572,http://localhost:8080/api/portfolio,39281,0,100
1732701657967,40159,HTTP Request,200,OK,Thread Group 1-651,text,true,,310,90306,571,571,http://localhost:8080/api/portfolio,40159,0,1104
1732701657179,41056,HTTP Request,200,OK,Thread Group 1-494,text,true,,310,90306,570,570,http://localhost:8080/api/portfolio,41056,0,1903
1732701655608,42727,HTTP Request,200,OK,Thread Group 1-179,text,true,,310,90306,569,569,http://localhost:8080/api/portfolio,42726,0,3504
1732701655402,43041,HTTP Request,200,OK,Thread Group 1-138,text,true,,310,90306,568,568,http://localhost:8080/api/portfolio,43041,0,3518
1732701658344,40206,HTTP Request,200,OK,Thread Group 1-727,text,true,,310,90306,567,567,http://localhost:8080/api/portfolio,40206,0,754
1732701657202,41452,HTTP Request,200,OK,Thread Group 1-498,text,true,,310,90306,566,566,http://localhost:8080/api/portfolio,41452,0,1902
1732701658406,40352,HTTP Request,200,OK,Thread Group 1-739,text,true,,310,90306,565,565,http://localhost:8080/api/portfolio,40352,0,703
1732701655585,43284,HTTP Request,200,OK,Thread Group 1-174,text,true,,310,90306,564,564,http://localhost:8080/api/portfolio,43284,0,3505
1732701657194,41785,HTTP Request,200,OK,Thread Group 1-496,text,true,,310,90306,563,563,http://localhost:8080/api/portfolio,41785,0,1905
1732701655594,43496,HTTP Request,200,OK,Thread Group 1-176,text,true,,310,90306,562,562,http://localhost:8080/api/portfolio,43496,0,3505
1732701658006,41189,HTTP Request,200,OK,Thread Group 1-659,text,true,,310,90306,561,561,http://localhost:8080/api/portfolio,41189,0,1103
1732701658003,41297,HTTP Request,200,OK,Thread Group 1-658,text,true,,310,90306,560,560,http://localhost:8080/api/portfolio,41297,0,1106
1732701658616,40753,HTTP Request,500,Internal Server Error,Thread Group 1-781,text,false,,349,90306,559,559,http://localhost:8080/api/portfolio,40753,0,201
1732701655595,43811,HTTP Request,200,OK,Thread Group 1-177,text,true,,310,90306,558,558,http://localhost:8080/api/portfolio,43811,0,3504
1732701658314,41155,HTTP Request,500,Internal Server Error,Thread Group 1-720,text,false,,349,90306,557,557,http://localhost:8080/api/portfolio,41155,0,503
1732701657901,41616,HTTP Request,200,OK,Thread Group 1-638,text,true,,310,90306,556,556,http://localhost:8080/api/portfolio,41616,0,1103
1732701655600,44027,HTTP Request,200,OK,Thread Group 1-178,text,true,,310,90306,555,555,http://localhost:8080/api/portfolio,44027,0,3504
1732701655495,44242,HTTP Request,200,OK,Thread Group 1-157,text,true,,310,90306,554,554,http://localhost:8080/api/portfolio,44242,0,3503
1732701659104,40835,HTTP Request,200,OK,Thread Group 1-879,text,true,,310,90306,553,553,http://localhost:8080/api/portfolio,40835,0,1
1732701658761,41317,HTTP Request,200,OK,Thread Group 1-810,text,true,,310,90306,552,552,http://localhost:8080/api/portfolio,41316,0,239
1732701657163,42915,HTTP Request,200,OK,Thread Group 1-490,text,true,,310,90306,551,551,http://localhost:8080/api/portfolio,42915,0,1904
1732701657099,43088,HTTP Request,200,OK,Thread Group 1-477,text,true,,310,90306,550,550,http://localhost:8080/api/portfolio,43088,0,1903
1732701657172,43115,HTTP Request,200,OK,Thread Group 1-492,text,true,,310,90306,549,549,http://localhost:8080/api/portfolio,43115,0,1901
1732701655671,44727,HTTP Request,200,OK,Thread Group 1-192,text,true,,310,90306,548,548,http://localhost:8080/api/portfolio,44727,0,3505
1732701659178,41329,HTTP Request,200,OK,Thread Group 1-893,text,true,,310,90306,547,547,http://localhost:8080/api/portfolio,41329,0,1
1732701658979,41627,HTTP Request,200,OK,Thread Group 1-854,text,true,,310,90306,546,546,http://localhost:8080/api/portfolio,41627,0,101
1732701657279,43440,HTTP Request,200,OK,Thread Group 1-513,text,true,,310,90306,545,545,http://localhost:8080/api/portfolio,43440,0,1903
1732701655583,45239,HTTP Request,200,OK,Thread Group 1-171,text,true,,310,90306,544,544,http://localhost:8080/api/portfolio,45239,0,3502
1732701659085,41842,HTTP Request,200,OK,Thread Group 1-875,text,true,,310,90306,543,543,http://localhost:8080/api/portfolio,41842,0,100
1732701658987,42048,HTTP Request,200,OK,Thread Group 1-855,text,true,,310,90306,542,542,http://localhost:8080/api/portfolio,42048,0,201
1732701659008,42136,HTTP Request,200,OK,Thread Group 1-859,text,true,,310,90306,541,541,http://localhost:8080/api/portfolio,42136,0,101
1732701655679,45573,HTTP Request,200,OK,Thread Group 1-193,text,true,,310,90306,540,540,http://localhost:8080/api/portfolio,45573,0,3505
1732701656255,45100,HTTP Request,200,OK,Thread Group 1-307,text,true,,310,90306,539,539,http://localhost:8080/api/portfolio,45100,0,3503
1732701655739,45725,HTTP Request,200,OK,Thread Group 1-205,text,true,,310,90306,538,538,http://localhost:8080/api/portfolio,45725,0,3501
1732701657194,44382,HTTP Request,200,OK,Thread Group 1-497,text,true,,310,90306,537,537,http://localhost:8080/api/portfolio,44381,0,1904
1732701659099,42588,HTTP Request,200,OK,Thread Group 1-878,text,true,,310,90306,536,536,http://localhost:8080/api/portfolio,42588,0,1
1732701659193,42596,HTTP Request,200,OK,Thread Group 1-896,text,true,,310,90306,535,535,http://localhost:8080/api/portfolio,42596,0,1
1732701655670,46277,HTTP Request,200,OK,Thread Group 1-191,text,true,,310,90306,534,534,http://localhost:8080/api/portfolio,46277,0,3506
1732701658879,43086,HTTP Request,500,Internal Server Error,Thread Group 1-833,text,false,,349,90306,533,533,http://localhost:8080/api/portfolio,43086,0,29
1732701655744,46266,HTTP Request,200,OK,Thread Group 1-206,text,true,,310,90306,532,532,http://localhost:8080/api/portfolio,46266,0,3504
1732701657387,44731,HTTP Request,200,OK,Thread Group 1-535,text,true,,310,90306,531,531,http://localhost:8080/api/portfolio,44731,0,1904
1732701659093,43138,HTTP Request,200,OK,Thread Group 1-876,text,true,,310,90306,530,530,http://localhost:8080/api/portfolio,43138,0,204
1732701657287,45043,HTTP Request,200,OK,Thread Group 1-514,text,true,,310,90306,529,529,http://localhost:8080/api/portfolio,45043,0,1903
1732701657343,45107,HTTP Request,200,OK,Thread Group 1-526,text,true,,310,90306,528,528,http://localhost:8080/api/portfolio,45107,0,1901
1732701659033,43517,HTTP Request,200,OK,Thread Group 1-864,text,true,,310,90306,527,527,http://localhost:8080/api/portfolio,43517,0,201
1732701657273,45385,HTTP Request,200,OK,Thread Group 1-512,text,true,,310,90306,526,526,http://localhost:8080/api/portfolio,45384,0,1904
1732701657284,45478,HTTP Request,200,OK,Thread Group 1-515,text,true,,310,90306,525,525,http://localhost:8080/api/portfolio,45478,0,1904
1732701655775,47094,HTTP Request,200,OK,Thread Group 1-212,text,true,,310,90306,524,524,http://localhost:8080/api/portfolio,47094,0,3502
1732701655786,47190,HTTP Request,200,OK,Thread Group 1-215,text,true,,310,90306,523,523,http://localhost:8080/api/portfolio,47190,0,3505
1732701656451,46636,HTTP Request,200,OK,Thread Group 1-348,text,true,,310,90306,522,522,http://localhost:8080/api/portfolio,46636,0,3503
1732701659131,44059,HTTP Request,200,OK,Thread Group 1-884,text,true,,310,90306,521,521,http://localhost:8080/api/portfolio,44059,0,101
1732701657387,45911,HTTP Request,200,OK,Thread Group 1-534,text,true,,310,90306,520,520,http://localhost:8080/api/portfolio,45911,0,1904
1732701658935,44469,HTTP Request,200,OK,Thread Group 1-845,text,true,,310,90306,519,519,http://localhost:8080/api/portfolio,44469,0,303
1732701655739,47772,HTTP Request,200,OK,Thread Group 1-201,text,true,,310,90306,518,518,http://localhost:8080/api/portfolio,47772,0,3501
1732701659245,44372,HTTP Request,200,OK,Thread Group 1-906,text,true,,310,90306,517,517,http://localhost:8080/api/portfolio,44371,0,0
1732701659278,44450,HTTP Request,200,OK,Thread Group 1-913,text,true,,310,90306,516,516,http://localhost:8080/api/portfolio,44450,0,1
1732701659273,44569,HTTP Request,200,OK,Thread Group 1-912,text,true,,310,90306,515,515,http://localhost:8080/api/portfolio,44569,0,1
1732701659143,44815,HTTP Request,200,OK,Thread Group 1-886,text,true,,310,90306,514,514,http://localhost:8080/api/portfolio,44815,0,101
1732701657336,46721,HTTP Request,200,OK,Thread Group 1-525,text,true,,310,90306,513,513,http://localhost:8080/api/portfolio,46721,0,1902
1732701659135,45033,HTTP Request,200,OK,Thread Group 1-885,text,true,,310,90306,512,512,http://localhost:8080/api/portfolio,45033,0,102
1732701659039,45243,HTTP Request,200,OK,Thread Group 1-865,text,true,,310,90306,511,511,http://localhost:8080/api/portfolio,45242,0,201
1732701658945,45445,HTTP Request,200,OK,Thread Group 1-847,text,true,,310,90306,510,510,http://localhost:8080/api/portfolio,45445,0,303
1732701659186,45301,HTTP Request,200,OK,Thread Group 1-895,text,true,,310,90306,509,509,http://localhost:8080/api/portfolio,45301,0,0
1732701658944,45653,HTTP Request,200,OK,Thread Group 1-846,text,true,,310,90306,508,508,http://localhost:8080/api/portfolio,45653,0,304
1732701659043,45664,HTTP Request,200,OK,Thread Group 1-866,text,true,,310,90306,507,507,http://localhost:8080/api/portfolio,45664,0,201
1732701659067,45658,HTTP Request,500,Internal Server Error,Thread Group 1-871,text,false,,349,90306,506,506,http://localhost:8080/api/portfolio,45658,0,1
1732701655688,49133,HTTP Request,200,OK,Thread Group 1-195,text,true,,310,90306,505,505,http://localhost:8080/api/portfolio,49132,0,3504
1732701659093,45845,HTTP Request,200,OK,Thread Group 1-877,text,true,,310,90306,504,504,http://localhost:8080/api/portfolio,45845,0,204
1732701655844,49195,HTTP Request,200,OK,Thread Group 1-226,text,true,,310,90306,503,503,http://localhost:8080/api/portfolio,49195,0,3502
1732701657372,47769,HTTP Request,200,OK,Thread Group 1-532,text,true,,310,90306,502,502,http://localhost:8080/api/portfolio,47769,0,1903
1732701659284,45961,HTTP Request,200,OK,Thread Group 1-915,text,true,,310,90306,501,501,http://localhost:8080/api/portfolio,45961,0,1
1732701659280,46066,HTTP Request,200,OK,Thread Group 1-914,text,true,,310,90306,500,500,http://localhost:8080/api/portfolio,46066,0,0
1732701659294,46159,HTTP Request,200,OK,Thread Group 1-916,text,true,,310,90306,499,499,http://localhost:8080/api/portfolio,46159,0,2
1732701659343,46217,HTTP Request,200,OK,Thread Group 1-926,text,true,,310,90306,498,498,http://localhost:8080/api/portfolio,46217,0,1
1732701657373,48288,HTTP Request,200,OK,Thread Group 1-533,text,true,,310,90306,497,497,http://localhost:8080/api/portfolio,48288,0,1902
1732701655788,49981,HTTP Request,200,OK,Thread Group 1-214,text,true,,310,90306,496,496,http://localhost:8080/api/portfolio,49981,0,3503
1732701659150,46729,HTTP Request,200,OK,Thread Group 1-888,text,true,,310,90306,495,495,http://localhost:8080/api/portfolio,46729,0,201
1732701658251,47736,HTTP Request,200,OK,Thread Group 1-705,text,true,,310,90306,494,494,http://localhost:8080/api/portfolio,47736,0,1103
1732701659295,46797,HTTP Request,200,OK,Thread Group 1-917,text,true,,310,90306,493,493,http://localhost:8080/api/portfolio,46797,0,1
1732701659344,46855,HTTP Request,200,OK,Thread Group 1-927,text,true,,310,90306,492,492,http://localhost:8080/api/portfolio,46855,0,1
1732701658950,47359,HTTP Request,200,OK,Thread Group 1-848,text,true,,310,90306,491,491,http://localhost:8080/api/portfolio,47359,0,401
1732701659249,47161,HTTP Request,200,OK,Thread Group 1-907,text,true,,310,90306,490,490,http://localhost:8080/api/portfolio,47161,0,101
1732701659146,47371,HTTP Request,200,OK,Thread Group 1-887,text,true,,310,90306,489,489,http://localhost:8080/api/portfolio,47371,0,203
1732701658922,47701,HTTP Request,200,OK,Thread Group 1-841,text,true,,310,90306,488,488,http://localhost:8080/api/portfolio,47701,0,503
1732701658279,48455,HTTP Request,200,OK,Thread Group 1-713,text,true,,310,90306,487,487,http://localhost:8080/api/portfolio,48455,0,1117
1732701655904,51045,HTTP Request,200,OK,Thread Group 1-238,text,true,,310,90306,486,486,http://localhost:8080/api/portfolio,51045,0,3504
1732701657505,49444,HTTP Request,200,OK,Thread Group 1-559,text,true,,310,90306,486,486,http://localhost:8080/api/portfolio,49444,0,1901
1732701659310,47749,HTTP Request,200,OK,Thread Group 1-920,text,true,,310,90306,484,484,http://localhost:8080/api/portfolio,47749,0,102
1732701659028,48133,HTTP Request,200,OK,Thread Group 1-863,text,true,,310,90306,483,483,http://localhost:8080/api/portfolio,48133,0,403
1732701658924,48342,HTTP Request,200,OK,Thread Group 1-842,text,true,,310,90306,482,482,http://localhost:8080/api/portfolio,48342,0,502
1732701659329,48041,HTTP Request,200,OK,Thread Group 1-923,text,true,,310,90306,481,481,http://localhost:8080/api/portfolio,48040,0,102
1732701656632,50849,HTTP Request,200,OK,Thread Group 1-384,text,true,,310,90306,480,480,http://localhost:8080/api/portfolio,50849,0,3501
1732701655906,51680,HTTP Request,200,OK,Thread Group 1-239,text,true,,310,90306,479,479,http://localhost:8080/api/portfolio,51680,0,3502
1732701659310,48385,HTTP Request,200,OK,Thread Group 1-919,text,true,,310,90306,478,478,http://localhost:8080/api/portfolio,48385,0,102
1732701658729,49074,HTTP Request,200,OK,Thread Group 1-803,text,true,,310,90306,477,477,http://localhost:8080/api/portfolio,49074,0,701
1732701659349,48557,HTTP Request,200,OK,Thread Group 1-928,text,true,,310,90306,476,476,http://localhost:8080/api/portfolio,48556,0,1
1732701658923,49091,HTTP Request,200,OK,Thread Group 1-839,text,true,,310,90306,475,475,http://localhost:8080/api/portfolio,49091,0,502
1732701657503,50726,HTTP Request,200,OK,Thread Group 1-558,text,true,,310,90306,474,474,http://localhost:8080/api/portfolio,50726,0,1902
1732701659011,49327,HTTP Request,200,OK,Thread Group 1-860,text,true,,310,90306,473,473,http://localhost:8080/api/portfolio,49327,0,401
1732701658249,50091,HTTP Request,200,OK,Thread Group 1-707,text,true,,310,90306,472,472,http://localhost:8080/api/portfolio,50090,0,1105
1732701659052,49418,HTTP Request,200,OK,Thread Group 1-868,text,true,,310,90306,471,471,http://localhost:8080/api/portfolio,49418,0,302
1732701659429,49157,HTTP Request,200,OK,Thread Group 1-943,text,true,,310,90306,470,470,http://localhost:8080/api/portfolio,49157,0,0
1732701659180,49712,HTTP Request,500,Internal Server Error,Thread Group 1-894,text,false,,349,90306,469,469,http://localhost:8080/api/portfolio,49712,0,1
1732701658306,50619,HTTP Request,200,OK,Thread Group 1-719,text,true,,310,90306,468,468,http://localhost:8080/api/portfolio,50619,0,1102
1732701658329,50596,HTTP Request,200,OK,Thread Group 1-723,text,true,,310,90306,467,467,http://localhost:8080/api/portfolio,50596,0,1103
1732701658303,50626,HTTP Request,200,OK,Thread Group 1-718,text,true,,310,90306,466,466,http://localhost:8080/api/portfolio,50626,0,1102
1732701659209,49826,HTTP Request,200,OK,Thread Group 1-899,text,true,,310,90306,465,465,http://localhost:8080/api/portfolio,49826,0,201
1732701657444,51701,HTTP Request,200,OK,Thread Group 1-546,text,true,,310,90306,464,464,http://localhost:8080/api/portfolio,51701,0,1902
1732701659229,50137,HTTP Request,200,OK,Thread Group 1-903,text,true,,310,90306,463,463,http://localhost:8080/api/portfolio,50137,0,202
1732701658249,51223,HTTP Request,200,OK,Thread Group 1-708,text,true,,310,90306,462,462,http://localhost:8080/api/portfolio,51223,0,1105
1732701655787,53687,HTTP Request,200,OK,Thread Group 1-213,text,true,,310,90306,461,461,http://localhost:8080/api/portfolio,53686,0,3504
1732701659249,50328,HTTP Request,200,OK,Thread Group 1-908,text,true,,310,90306,460,460,http://localhost:8080/api/portfolio,50328,0,101
1732701659405,50278,HTTP Request,200,OK,Thread Group 1-939,text,true,,310,90306,459,459,http://localhost:8080/api/portfolio,50278,0,1
1732701656079,53718,HTTP Request,200,OK,Thread Group 1-273,text,true,,310,90306,458,458,http://localhost:8080/api/portfolio,53718,0,3501
1732701659111,50792,HTTP Request,200,OK,Thread Group 1-880,text,true,,310,90306,457,457,http://localhost:8080/api/portfolio,50792,0,301
1732701659593,50527,HTTP Request,200,OK,Thread Group 1-976,text,true,,310,90306,456,456,http://localhost:8080/api/portfolio,50527,0,1
1732701659199,50923,HTTP Request,200,OK,Thread Group 1-897,text,true,,310,90306,455,455,http://localhost:8080/api/portfolio,50921,0,202
1732701659409,50817,HTTP Request,200,OK,Thread Group 1-940,text,true,,310,90306,454,454,http://localhost:8080/api/portfolio,50817,0,0
1732701656094,54237,HTTP Request,200,OK,Thread Group 1-276,text,true,,310,90306,453,453,http://localhost:8080/api/portfolio,54237,0,3503
1732701656620,53823,HTTP Request,200,OK,Thread Group 1-382,text,true,,310,90306,452,452,http://localhost:8080/api/portfolio,53823,0,3502
1732701659487,51069,HTTP Request,200,OK,Thread Group 1-955,text,true,,310,90306,451,451,http://localhost:8080/api/portfolio,51069,0,101
1732701659481,51176,HTTP Request,200,OK,Thread Group 1-954,text,true,,310,90306,450,450,http://localhost:8080/api/portfolio,51176,0,101
1732701659587,51399,HTTP Request,200,OK,Thread Group 1-975,text,true,,310,90306,449,449,http://localhost:8080/api/portfolio,51399,0,1
1732701656637,54350,HTTP Request,200,OK,Thread Group 1-385,text,true,,310,90306,449,449,http://localhost:8080/api/portfolio,54349,0,3502
1732701658921,52067,HTTP Request,200,OK,Thread Group 1-840,text,true,,310,90306,447,447,http://localhost:8080/api/portfolio,52066,0,504
1732701656074,55025,HTTP Request,200,OK,Thread Group 1-272,text,true,,310,90306,446,446,http://localhost:8080/api/portfolio,55025,0,3503
1732701659578,51630,HTTP Request,200,OK,Thread Group 1-973,text,true,,310,90306,445,445,http://localhost:8080/api/portfolio,51630,0,1
1732701659597,51707,HTTP Request,200,OK,Thread Group 1-977,text,true,,310,90306,444,444,http://localhost:8080/api/portfolio,51707,0,1
1732701658325,53088,HTTP Request,200,OK,Thread Group 1-722,text,true,,310,90306,443,443,http://localhost:8080/api/portfolio,53088,0,1102
1732701658084,53398,HTTP Request,500,Internal Server Error,Thread Group 1-675,text,false,,349,90306,442,442,http://localhost:8080/api/portfolio,53398,0,1100
1732701659520,52106,HTTP Request,200,OK,Thread Group 1-962,text,true,,310,90306,441,441,http://localhost:8080/api/portfolio,52106,0,102
1732701659509,52120,HTTP Request,200,OK,Thread Group 1-960,text,true,,310,90306,440,440,http://localhost:8080/api/portfolio,52120,0,102
1732701659416,52319,HTTP Request,200,OK,Thread Group 1-941,text,true,,310,90306,439,439,http://localhost:8080/api/portfolio,52318,0,200
1732701656085,55758,HTTP Request,200,OK,Thread Group 1-275,text,true,,310,90306,438,438,http://localhost:8080/api/portfolio,55758,0,3505
1732701659221,52732,HTTP Request,200,OK,Thread Group 1-901,text,true,,310,90306,437,437,http://localhost:8080/api/portfolio,52732,0,402
1732701659397,52665,HTTP Request,200,OK,Thread Group 1-934,text,true,,310,90306,436,436,http://localhost:8080/api/portfolio,52665,0,201
1732701656803,55364,HTTP Request,200,OK,Thread Group 1-418,text,true,,310,90306,435,435,http://localhost:8080/api/portfolio,55364,0,3507
1732701656120,56155,HTTP Request,200,OK,Thread Group 1-282,text,true,,310,90306,434,434,http://localhost:8080/api/portfolio,56155,0,3503
1732701659121,53476,HTTP Request,200,OK,Thread Group 1-882,text,true,,310,90306,433,433,http://localhost:8080/api/portfolio,53476,0,502
1732701659479,53232,HTTP Request,200,OK,Thread Group 1-953,text,true,,310,90306,432,432,http://localhost:8080/api/portfolio,53232,0,101
1732701656124,56589,HTTP Request,200,OK,Thread Group 1-283,text,true,,310,90306,431,431,http://localhost:8080/api/portfolio,56589,0,3503
1732701659420,53295,HTTP Request,200,OK,Thread Group 1-942,text,true,,310,90306,430,430,http://localhost:8080/api/portfolio,53295,0,202
1732701659317,53606,HTTP Request,200,OK,Thread Group 1-921,text,true,,310,90306,429,429,http://localhost:8080/api/portfolio,53606,0,301
1732701659493,53432,HTTP Request,200,OK,Thread Group 1-956,text,true,,310,90306,428,428,http://localhost:8080/api/portfolio,53430,0,101
1732701659319,53714,HTTP Request,200,OK,Thread Group 1-922,text,true,,310,90306,427,427,http://localhost:8080/api/portfolio,53714,0,303
1732701656083,57278,HTTP Request,200,OK,Thread Group 1-274,text,true,,310,90306,426,426,http://localhost:8080/api/portfolio,57278,0,3502
1732701659620,53847,HTTP Request,200,OK,Thread Group 1-982,text,true,,310,90306,425,425,http://localhost:8080/api/portfolio,53847,0,2
1732701656110,57361,HTTP Request,200,OK,Thread Group 1-280,text,true,,310,90306,424,424,http://localhost:8080/api/portfolio,57359,0,3505
1732701659200,54274,HTTP Request,200,OK,Thread Group 1-898,text,true,,310,90306,423,423,http://localhost:8080/api/portfolio,54273,0,501
1732701659370,54201,HTTP Request,200,OK,Thread Group 1-932,text,true,,310,90306,422,422,http://localhost:8080/api/portfolio,54201,0,228
1732701656119,57559,HTTP Request,200,OK,Thread Group 1-281,text,true,,310,90306,421,421,http://localhost:8080/api/portfolio,57559,0,3504
1732701656895,56889,HTTP Request,200,OK,Thread Group 1-437,text,true,,310,90306,420,420,http://localhost:8080/api/portfolio,56889,0,3505
1732701659398,54498,HTTP Request,200,OK,Thread Group 1-937,text,true,,310,90306,419,419,http://localhost:8080/api/portfolio,54498,0,303
1732701659498,54508,HTTP Request,200,OK,Thread Group 1-957,text,true,,310,90306,418,418,http://localhost:8080/api/portfolio,54508,0,202
1732701659685,54540,HTTP Request,200,OK,Thread Group 1-995,text,true,,310,90306,417,417,http://localhost:8080/api/portfolio,54539,0,1
1732701659694,54534,HTTP Request,200,OK,Thread Group 1-997,text,true,,310,90306,416,416,http://localhost:8080/api/portfolio,54531,0,3
1732701659397,54926,HTTP Request,200,OK,Thread Group 1-933,text,true,,310,90306,415,415,http://localhost:8080/api/portfolio,54926,0,304
1732701659501,54930,HTTP Request,200,OK,Thread Group 1-958,text,true,,310,90306,414,414,http://localhost:8080/api/portfolio,54930,0,199
1732701659118,55421,HTTP Request,200,OK,Thread Group 1-881,text,true,,310,90306,413,413,http://localhost:8080/api/portfolio,55421,0,504
1732701656180,58467,HTTP Request,200,OK,Thread Group 1-294,text,true,,310,90306,412,412,http://localhost:8080/api/portfolio,58467,0,3505
1732701659398,55353,HTTP Request,200,OK,Thread Group 1-936,text,true,,310,90306,411,411,http://localhost:8080/api/portfolio,55352,0,303
1732701659639,55223,HTTP Request,200,OK,Thread Group 1-986,text,true,,310,90306,410,410,http://localhost:8080/api/portfolio,55223,0,101
1732701656193,58777,HTTP Request,200,OK,Thread Group 1-296,text,true,,310,90306,409,409,http://localhost:8080/api/portfolio,58777,0,3504
1732701659649,55426,HTTP Request,200,OK,Thread Group 1-988,text,true,,310,90306,408,408,http://localhost:8080/api/portfolio,55426,0,100
1732701659454,55725,HTTP Request,200,OK,Thread Group 1-948,text,true,,310,90306,407,407,http://localhost:8080/api/portfolio,55725,0,302
1732701657839,57446,HTTP Request,200,OK,Thread Group 1-625,text,true,,310,90306,406,406,http://localhost:8080/api/portfolio,57446,0,1901
1732701659557,55845,HTTP Request,200,OK,Thread Group 1-969,text,true,,310,90306,405,405,http://localhost:8080/api/portfolio,55845,0,201
1732701659544,55959,HTTP Request,200,OK,Thread Group 1-966,text,true,,310,90306,404,404,http://localhost:8080/api/portfolio,55959,0,201
1732701659614,55998,HTTP Request,200,OK,Thread Group 1-981,text,true,,310,90306,403,403,http://localhost:8080/api/portfolio,55998,0,1
1732701656195,59524,HTTP Request,200,OK,Thread Group 1-297,text,true,,310,90306,402,402,http://localhost:8080/api/portfolio,59524,0,3503
1732701659549,56279,HTTP Request,200,OK,Thread Group 1-968,text,true,,310,90306,401,401,http://localhost:8080/api/portfolio,56279,0,201
1732701659545,56388,HTTP Request,200,OK,Thread Group 1-967,text,true,,310,90306,400,400,http://localhost:8080/api/portfolio,56388,0,200
1732701656239,59804,HTTP Request,200,OK,Thread Group 1-305,text,true,,310,90306,399,399,http://localhost:8080/api/portfolio,59804,0,3517
1732701659654,56506,HTTP Request,200,OK,Thread Group 1-989,text,true,,310,90306,398,398,http://localhost:8080/api/portfolio,56506,0,102
1732701659444,56824,HTTP Request,200,OK,Thread Group 1-946,text,true,,310,90306,397,397,http://localhost:8080/api/portfolio,56824,0,301
1732701659354,57031,HTTP Request,200,OK,Thread Group 1-929,text,true,,310,90306,396,396,http://localhost:8080/api/portfolio,57031,0,402
1732701659258,57365,HTTP Request,200,OK,Thread Group 1-909,text,true,,310,90306,395,395,http://localhost:8080/api/portfolio,57365,0,503
1732701659465,57258,HTTP Request,200,OK,Thread Group 1-951,text,true,,310,90306,394,394,http://localhost:8080/api/portfolio,57258,0,302
1732701659559,57168,HTTP Request,200,OK,Thread Group 1-970,text,true,,310,90306,393,393,http://localhost:8080/api/portfolio,57165,0,202
1732701656925,59908,HTTP Request,200,OK,Thread Group 1-443,text,true,,310,90306,392,392,http://localhost:8080/api/portfolio,59908,0,3505
1732701656256,60700,HTTP Request,200,OK,Thread Group 1-309,text,true,,310,90306,391,391,http://localhost:8080/api/portfolio,60700,0,3502
1732701659129,57873,HTTP Request,500,Internal Server Error,Thread Group 1-883,text,false,,349,90306,390,390,http://localhost:8080/api/portfolio,57873,0,302
1732701659464,57596,HTTP Request,200,OK,Thread Group 1-950,text,true,,310,90306,389,389,http://localhost:8080/api/portfolio,57596,0,303
1732701659260,57914,HTTP Request,200,OK,Thread Group 1-910,text,true,,310,90306,388,388,http://localhost:8080/api/portfolio,57913,0,502
1732701657866,59420,HTTP Request,200,OK,Thread Group 1-630,text,true,,310,90306,387,387,http://localhost:8080/api/portfolio,59420,0,1901
1732701659665,57741,HTTP Request,200,OK,Thread Group 1-991,text,true,,310,90306,386,386,http://localhost:8080/api/portfolio,57741,0,102
1732701659399,58224,HTTP Request,200,OK,Thread Group 1-938,text,true,,310,90306,385,385,http://localhost:8080/api/portfolio,58224,0,301
1732701659700,58031,HTTP Request,200,OK,Thread Group 1-998,text,true,,310,90306,384,384,http://localhost:8080/api/portfolio,58031,0,1
1732701656188,61544,HTTP Request,200,OK,Thread Group 1-295,text,true,,310,90306,383,383,http://localhost:8080/api/portfolio,61544,0,3502
1732701659645,58198,HTTP Request,200,OK,Thread Group 1-987,text,true,,310,90306,382,382,http://localhost:8080/api/portfolio,58198,0,100
1732701657239,60719,HTTP Request,200,OK,Thread Group 1-505,text,true,,310,90306,381,381,http://localhost:8080/api/portfolio,60719,0,3509
1732701659663,58397,HTTP Request,200,OK,Thread Group 1-990,text,true,,310,90306,380,380,http://localhost:8080/api/portfolio,58397,0,101
1732701657883,60291,HTTP Request,200,OK,Thread Group 1-634,text,true,,310,90306,379,379,http://localhost:8080/api/portfolio,60291,0,1904
1732701659705,58582,HTTP Request,200,OK,Thread Group 1-999,text,true,,310,90306,378,378,http://localhost:8080/api/portfolio,58582,0,101
1732701659455,58948,HTTP Request,200,OK,Thread Group 1-949,text,true,,310,90306,377,377,http://localhost:8080/api/portfolio,58948,0,301
1732701659507,59114,HTTP Request,200,OK,Thread Group 1-959,text,true,,310,90306,376,376,http://localhost:8080/api/portfolio,59114,0,302
1732701659607,59128,HTTP Request,200,OK,Thread Group 1-979,text,true,,310,90306,375,375,http://localhost:8080/api/portfolio,59128,0,202
1732701656284,62455,HTTP Request,200,OK,Thread Group 1-315,text,true,,310,90306,374,374,http://localhost:8080/api/portfolio,62454,0,3501
1732701658711,60134,HTTP Request,200,OK,Thread Group 1-800,text,true,,310,90306,373,373,http://localhost:8080/api/portfolio,60134,0,1102
1732701659710,59244,HTTP Request,200,OK,Thread Group 1-1000,text,true,,310,90306,372,372,http://localhost:8080/api/portfolio,59244,0,101
1732701655849,63140,HTTP Request,500,Internal Server Error,Thread Group 1-227,text,false,,349,90306,371,371,http://localhost:8080/api/portfolio,63139,0,3502
1732701659679,59390,HTTP Request,200,OK,Thread Group 1-994,text,true,,310,90306,370,370,http://localhost:8080/api/portfolio,59390,0,102
1732701656297,62877,HTTP Request,200,OK,Thread Group 1-317,text,true,,310,90306,369,369,http://localhost:8080/api/portfolio,62876,0,3502
1732701657922,61369,HTTP Request,200,OK,Thread Group 1-642,text,true,,310,90306,368,368,http://localhost:8080/api/portfolio,61369,0,1904
1732701657906,61502,HTTP Request,200,OK,Thread Group 1-639,text,true,,310,90306,367,367,http://localhost:8080/api/portfolio,61502,0,1904
1732701659530,59993,HTTP Request,200,OK,Thread Group 1-963,text,true,,310,90306,366,366,http://localhost:8080/api/portfolio,59993,0,301
1732701659629,59995,HTTP Request,200,OK,Thread Group 1-984,text,true,,310,90306,365,365,http://localhost:8080/api/portfolio,59995,0,202
1732701656319,63424,HTTP Request,200,OK,Thread Group 1-322,text,true,,310,90306,364,364,http://localhost:8080/api/portfolio,63424,0,3502
1732701659535,60319,HTTP Request,200,OK,Thread Group 1-965,text,true,,310,90306,363,363,http://localhost:8080/api/portfolio,60319,0,303
1732701656254,63832,HTTP Request,200,OK,Thread Group 1-308,text,true,,310,90306,362,362,http://localhost:8080/api/portfolio,63832,0,3502
1732701656305,63783,HTTP Request,200,OK,Thread Group 1-319,text,true,,310,90306,361,361,http://localhost:8080/api/portfolio,63781,0,3503
1732701656334,63867,HTTP Request,200,OK,Thread Group 1-325,text,true,,310,90306,360,360,http://localhost:8080/api/portfolio,63867,0,3503
1732701659434,60860,HTTP Request,200,OK,Thread Group 1-945,text,true,,310,90306,359,359,http://localhost:8080/api/portfolio,60860,0,404
1732701659445,60959,HTTP Request,200,OK,Thread Group 1-947,text,true,,310,90306,358,358,http://localhost:8080/api/portfolio,60959,0,303
1732701657945,62567,HTTP Request,200,OK,Thread Group 1-646,text,true,,310,90306,357,357,http://localhost:8080/api/portfolio,62567,0,1903
1732701657359,63250,HTTP Request,200,OK,Thread Group 1-530,text,true,,310,90306,356,356,http://localhost:8080/api/portfolio,63250,0,3522
1732701659581,61076,HTTP Request,500,Internal Server Error,Thread Group 1-974,text,false,,349,90306,355,355,http://localhost:8080/api/portfolio,61076,0,1
1732701659532,61188,HTTP Request,200,OK,Thread Group 1-964,text,true,,310,90306,354,354,http://localhost:8080/api/portfolio,61188,0,301
1732701659431,61400,HTTP Request,200,OK,Thread Group 1-944,text,true,,310,90306,353,353,http://localhost:8080/api/portfolio,61400,0,402
1732701659058,61881,HTTP Request,200,OK,Thread Group 1-869,text,true,,310,90306,352,352,http://localhost:8080/api/portfolio,61881,0,703
1732701659515,61467,HTTP Request,500,Internal Server Error,Thread Group 1-961,text,false,,349,90306,351,351,http://localhost:8080/api/portfolio,61467,0,101
1732701656261,64778,HTTP Request,200,OK,Thread Group 1-310,text,true,,310,90306,350,350,http://localhost:8080/api/portfolio,64778,0,3503
1732701659063,62084,HTTP Request,200,OK,Thread Group 1-870,text,true,,310,90306,349,349,http://localhost:8080/api/portfolio,62084,0,704
1732701657945,63418,HTTP Request,200,OK,Thread Group 1-647,text,true,,310,90306,348,348,http://localhost:8080/api/portfolio,63418,0,1903
1732701656349,65015,HTTP Request,200,OK,Thread Group 1-328,text,true,,310,90306,347,347,http://localhost:8080/api/portfolio,65014,0,3505
1732701656344,65133,HTTP Request,200,OK,Thread Group 1-326,text,true,,310,90306,346,346,http://localhost:8080/api/portfolio,65133,0,3504
1732701659161,62425,HTTP Request,200,OK,Thread Group 1-890,text,true,,310,90306,345,345,http://localhost:8080/api/portfolio,62424,0,703
1732701656357,65333,HTTP Request,200,OK,Thread Group 1-329,text,true,,310,90306,344,344,http://localhost:8080/api/portfolio,65333,0,3503
1732701659165,62632,HTTP Request,200,OK,Thread Group 1-891,text,true,,310,90306,343,343,http://localhost:8080/api/portfolio,62631,0,703
1732701657956,63946,HTTP Request,200,OK,Thread Group 1-649,text,true,,310,90306,342,342,http://localhost:8080/api/portfolio,63946,0,1902
1732701659159,62850,HTTP Request,200,OK,Thread Group 1-889,text,true,,310,90306,341,341,http://localhost:8080/api/portfolio,62850,0,702
1732701659566,62555,HTTP Request,200,OK,Thread Group 1-971,text,true,,310,90306,340,340,http://localhost:8080/api/portfolio,62555,0,302
1732701659470,62758,HTTP Request,200,OK,Thread Group 1-952,text,true,,310,90306,339,339,http://localhost:8080/api/portfolio,62758,0,403
1732701656370,65965,HTTP Request,200,OK,Thread Group 1-332,text,true,,310,90306,338,338,http://localhost:8080/api/portfolio,65965,0,3503
1732701656362,66079,HTTP Request,200,OK,Thread Group 1-330,text,true,,310,90306,337,337,http://localhost:8080/api/portfolio,66078,0,3505
1732701659609,62941,HTTP Request,200,OK,Thread Group 1-980,text,true,,310,90306,336,336,http://localhost:8080/api/portfolio,62941,0,201
1732701659368,63294,HTTP Request,200,OK,Thread Group 1-931,text,true,,310,90306,335,335,http://localhost:8080/api/portfolio,63294,0,502
1732701659600,63075,HTTP Request,500,Internal Server Error,Thread Group 1-978,text,false,,349,90306,334,334,http://localhost:8080/api/portfolio,63075,0,102
1732701658058,64713,HTTP Request,200,OK,Thread Group 1-667,text,true,,310,90306,333,333,http://localhost:8080/api/portfolio,64712,0,1901
1732701659671,63199,HTTP Request,200,OK,Thread Group 1-992,text,true,,310,90306,332,332,http://localhost:8080/api/portfolio,63199,0,202
1732701656481,66499,HTTP Request,200,OK,Thread Group 1-354,text,true,,310,90306,331,331,http://localhost:8080/api/portfolio,66499,0,3504
1732701657919,65179,HTTP Request,200,OK,Thread Group 1-641,text,true,,310,90306,330,330,http://localhost:8080/api/portfolio,65179,0,1902
1732701656283,66927,HTTP Request,200,OK,Thread Group 1-314,text,true,,310,90306,329,329,http://localhost:8080/api/portfolio,66927,0,3502
1732701656444,66886,HTTP Request,200,OK,Thread Group 1-346,text,true,,310,90306,328,328,http://localhost:8080/api/portfolio,66886,0,3505
1732701656469,66974,HTTP Request,200,OK,Thread Group 1-351,text,true,,310,90306,327,327,http://localhost:8080/api/portfolio,66974,0,3502
1732701656303,67245,HTTP Request,200,OK,Thread Group 1-318,text,true,,310,90306,326,326,http://localhost:8080/api/portfolio,67245,0,3503
1732701656472,67193,HTTP Request,200,OK,Thread Group 1-352,text,true,,310,90306,325,325,http://localhost:8080/api/portfolio,67193,0,3506
1732701658056,65716,HTTP Request,200,OK,Thread Group 1-669,text,true,,310,90306,324,324,http://localhost:8080/api/portfolio,65716,0,1901
1732701656493,67389,HTTP Request,200,OK,Thread Group 1-356,text,true,,310,90306,323,323,http://localhost:8080/api/portfolio,67389,0,3505
1732701659268,64729,HTTP Request,200,OK,Thread Group 1-911,text,true,,310,90306,322,322,http://localhost:8080/api/portfolio,64729,0,702
1732701659634,64498,HTTP Request,200,OK,Thread Group 1-985,text,true,,310,90306,321,321,http://localhost:8080/api/portfolio,64498,0,201
1732701658044,66191,HTTP Request,200,OK,Thread Group 1-666,text,true,,310,90306,320,320,http://localhost:8080/api/portfolio,66191,0,1903
1732701658053,66295,HTTP Request,200,OK,Thread Group 1-668,text,true,,310,90306,319,319,http://localhost:8080/api/portfolio,66294,0,1903
1732701656344,68122,HTTP Request,200,OK,Thread Group 1-327,text,true,,310,90306,318,318,http://localhost:8080/api/portfolio,68122,0,3504
1732701656480,68099,HTTP Request,200,OK,Thread Group 1-353,text,true,,310,90306,317,317,http://localhost:8080/api/portfolio,68099,0,3500
1732701658106,66585,HTTP Request,200,OK,Thread Group 1-679,text,true,,310,90306,316,316,http://localhost:8080/api/portfolio,66585,0,1904
1732701659334,65468,HTTP Request,200,OK,Thread Group 1-925,text,true,,310,90306,315,315,http://localhost:8080/api/portfolio,65468,0,504
1732701658100,66815,HTTP Request,200,OK,Thread Group 1-678,text,true,,310,90306,314,314,http://localhost:8080/api/portfolio,66815,0,1902
1732701659629,65400,HTTP Request,200,OK,Thread Group 1-983,text,true,,310,90306,313,313,http://localhost:8080/api/portfolio,65400,0,202
1732701656508,68642,HTTP Request,200,OK,Thread Group 1-359,text,true,,310,90306,312,312,http://localhost:8080/api/portfolio,68642,0,3503
1732701656557,68717,HTTP Request,200,OK,Thread Group 1-368,text,true,,310,90306,311,311,http://localhost:8080/api/portfolio,68717,0,3503
1732701656513,68874,HTTP Request,200,OK,Thread Group 1-360,text,true,,310,90306,310,310,http://localhost:8080/api/portfolio,68874,0,3502
1732701656254,69188,HTTP Request,500,Internal Server Error,Thread Group 1-306,text,false,,349,90306,309,309,http://localhost:8080/api/portfolio,69188,0,3504
1732701656499,68992,HTTP Request,200,OK,Thread Group 1-358,text,true,,310,90306,308,308,http://localhost:8080/api/portfolio,68992,0,3503
1732701656522,69083,HTTP Request,200,OK,Thread Group 1-362,text,true,,310,90306,307,307,http://localhost:8080/api/portfolio,69083,0,3503
1732701656544,69166,HTTP Request,200,OK,Thread Group 1-366,text,true,,310,90306,306,306,http://localhost:8080/api/portfolio,69166,0,3504
1732701656545,69290,HTTP Request,200,OK,Thread Group 1-367,text,true,,310,90306,305,305,http://localhost:8080/api/portfolio,69289,0,3503
1732701656534,69410,HTTP Request,200,OK,Thread Group 1-364,text,true,,310,90306,304,304,http://localhost:8080/api/portfolio,69410,0,3505
1732701658957,67097,HTTP Request,200,OK,Thread Group 1-849,text,true,,310,90306,303,303,http://localhost:8080/api/portfolio,67097,0,1103
1732701659258,66840,HTTP Request,500,Internal Server Error,Thread Group 1-902,text,false,,349,90306,302,302,http://localhost:8080/api/portfolio,66840,0,503
1732701656537,69635,HTTP Request,200,OK,Thread Group 1-365,text,true,,310,90306,301,301,http://localhost:8080/api/portfolio,69635,0,3502
1732701659570,66721,HTTP Request,200,OK,Thread Group 1-972,text,true,,310,90306,300,300,http://localhost:8080/api/portfolio,66721,0,300
1732701656593,69796,HTTP Request,200,OK,Thread Group 1-376,text,true,,310,90306,299,299,http://localhost:8080/api/portfolio,69796,0,3504
1732701657954,68554,HTTP Request,200,OK,Thread Group 1-648,text,true,,310,90306,298,298,http://localhost:8080/api/portfolio,68553,0,1904
1732701656366,70252,HTTP Request,200,OK,Thread Group 1-331,text,true,,310,90306,297,297,http://localhost:8080/api/portfolio,70252,0,3501
1732701659169,67561,HTTP Request,200,OK,Thread Group 1-892,text,true,,310,90306,296,296,http://localhost:8080/api/portfolio,67561,0,704
1732701656572,70279,HTTP Request,200,OK,Thread Group 1-372,text,true,,310,90306,295,295,http://localhost:8080/api/portfolio,70279,0,3507
1732701658219,68749,HTTP Request,200,OK,Thread Group 1-701,text,true,,310,90306,294,294,http://localhost:8080/api/portfolio,68749,0,1902
1732701656585,70499,HTTP Request,200,OK,Thread Group 1-375,text,true,,310,90306,293,293,http://localhost:8080/api/portfolio,70499,0,3502
1732701656618,70588,HTTP Request,200,OK,Thread Group 1-379,text,true,,310,90306,292,292,http://localhost:8080/api/portfolio,70588,0,3503
1732701656578,70740,HTTP Request,200,OK,Thread Group 1-373,text,true,,310,90306,291,291,http://localhost:8080/api/portfolio,70740,0,3503
1732701659014,68425,HTTP Request,200,OK,Thread Group 1-861,text,true,,310,90306,290,290,http://localhost:8080/api/portfolio,68425,0,1103
1732701659020,68522,HTTP Request,200,OK,Thread Group 1-862,text,true,,310,90306,289,289,http://localhost:8080/api/portfolio,68522,0,1102
1732701656618,71038,HTTP Request,200,OK,Thread Group 1-381,text,true,,310,90306,288,288,http://localhost:8080/api/portfolio,71038,0,3503
1732701658222,69546,HTTP Request,200,OK,Thread Group 1-702,text,true,,310,90306,287,287,http://localhost:8080/api/portfolio,69545,0,1903
1732701656619,71366,HTTP Request,200,OK,Thread Group 1-380,text,true,,310,90306,286,286,http://localhost:8080/api/portfolio,71366,0,3502
1732701656455,71531,HTTP Request,200,OK,Thread Group 1-349,text,true,,310,90306,285,285,http://localhost:8080/api/portfolio,71530,0,3502
1732701656597,71497,HTTP Request,200,OK,Thread Group 1-377,text,true,,310,90306,284,284,http://localhost:8080/api/portfolio,71497,0,3503
1732701656447,71762,HTTP Request,200,OK,Thread Group 1-347,text,true,,310,90306,283,283,http://localhost:8080/api/portfolio,71762,0,3504
1732701659675,68645,HTTP Request,200,OK,Thread Group 1-993,text,true,,310,90306,282,282,http://localhost:8080/api/portfolio,68645,0,303
1732701656660,71777,HTTP Request,200,OK,Thread Group 1-390,text,true,,310,90306,281,281,http://localhost:8080/api/portfolio,71777,0,3504
1732701656485,72053,HTTP Request,200,OK,Thread Group 1-355,text,true,,310,90306,280,280,http://localhost:8080/api/portfolio,72053,0,3502
1732701658251,70403,HTTP Request,200,OK,Thread Group 1-704,text,true,,310,90306,279,279,http://localhost:8080/api/portfolio,70403,0,1907
1732701656682,72085,HTTP Request,200,OK,Thread Group 1-394,text,true,,310,90306,278,278,http://localhost:8080/api/portfolio,72085,0,3505
1732701658272,70607,HTTP Request,200,OK,Thread Group 1-712,text,true,,310,90306,277,277,http://localhost:8080/api/portfolio,70607,0,1906
1732701656629,72362,HTTP Request,200,OK,Thread Group 1-383,text,true,,310,90306,276,276,http://localhost:8080/api/portfolio,72362,0,3503
1732701656679,72418,HTTP Request,200,OK,Thread Group 1-393,text,true,,310,90306,275,275,http://localhost:8080/api/portfolio,72418,0,3504
1732701657939,71266,HTTP Request,500,Internal Server Error,Thread Group 1-645,text,false,,349,90306,274,274,http://localhost:8080/api/portfolio,71266,0,1903
1732701656645,72569,HTTP Request,200,OK,Thread Group 1-386,text,true,,310,90306,273,273,http://localhost:8080/api/portfolio,72569,0,3503
1732701656499,72829,HTTP Request,200,OK,Thread Group 1-357,text,true,,310,90306,272,272,http://localhost:8080/api/portfolio,72829,0,3504
1732701656648,72782,HTTP Request,200,OK,Thread Group 1-387,text,true,,310,90306,271,271,http://localhost:8080/api/portfolio,72782,0,3504
1732701656650,72886,HTTP Request,200,OK,Thread Group 1-388,text,true,,310,90306,270,270,http://localhost:8080/api/portfolio,72886,0,3502
1732701656657,72991,HTTP Request,200,OK,Thread Group 1-389,text,true,,310,90306,269,269,http://localhost:8080/api/portfolio,72991,0,3503
1732701656557,73195,HTTP Request,200,OK,Thread Group 1-369,text,true,,310,90306,268,268,http://localhost:8080/api/portfolio,73195,0,3503
1732701656674,73191,HTTP Request,200,OK,Thread Group 1-392,text,true,,310,90306,267,267,http://localhost:8080/api/portfolio,73191,0,3504
1732701656695,73282,HTTP Request,200,OK,Thread Group 1-397,text,true,,310,90306,266,266,http://localhost:8080/api/portfolio,73282,0,3504
1732701656531,73553,HTTP Request,200,OK,Thread Group 1-363,text,true,,310,90306,265,265,http://localhost:8080/api/portfolio,73553,0,3508
1732701658284,71905,HTTP Request,200,OK,Thread Group 1-715,text,true,,310,90306,264,264,http://localhost:8080/api/portfolio,71905,0,1903
1732701656713,73584,HTTP Request,200,OK,Thread Group 1-400,text,true,,310,90306,263,263,http://localhost:8080/api/portfolio,73584,0,3504
1732701656519,73888,HTTP Request,200,OK,Thread Group 1-361,text,true,,310,90306,262,262,http://localhost:8080/api/portfolio,73888,0,3503
1732701656580,73932,HTTP Request,200,OK,Thread Group 1-374,text,true,,310,90306,261,261,http://localhost:8080/api/portfolio,73932,0,3503
1732701658206,72414,HTTP Request,200,OK,Thread Group 1-699,text,true,,310,90306,260,260,http://localhost:8080/api/portfolio,72414,0,1906
1732701656602,74124,HTTP Request,200,OK,Thread Group 1-378,text,true,,310,90306,259,259,http://localhost:8080/api/portfolio,74124,0,3519
1732701656710,74128,HTTP Request,200,OK,Thread Group 1-399,text,true,,310,90306,258,258,http://localhost:8080/api/portfolio,74128,0,3502
1732701656722,74218,HTTP Request,200,OK,Thread Group 1-402,text,true,,310,90306,257,257,http://localhost:8080/api/portfolio,74218,0,3503
1732701656743,74306,HTTP Request,200,OK,Thread Group 1-406,text,true,,310,90306,256,256,http://localhost:8080/api/portfolio,74306,0,3508
1732701656744,74410,HTTP Request,200,OK,Thread Group 1-407,text,true,,310,90306,255,255,http://localhost:8080/api/portfolio,74410,0,3508
1732701656729,74534,HTTP Request,200,OK,Thread Group 1-404,text,true,,310,90306,254,254,http://localhost:8080/api/portfolio,74534,0,3504
1732701656729,74645,HTTP Request,200,OK,Thread Group 1-403,text,true,,310,90306,253,253,http://localhost:8080/api/portfolio,74645,0,3504
1732701656771,74730,HTTP Request,200,OK,Thread Group 1-412,text,true,,310,90306,252,252,http://localhost:8080/api/portfolio,74730,0,3503
1732701655994,75607,HTTP Request,200,OK,Thread Group 1-256,text,true,,310,90306,251,251,http://localhost:8080/api/portfolio,75606,0,6705
1732701656808,74895,HTTP Request,200,OK,Thread Group 1-419,text,true,,310,90306,250,250,http://localhost:8080/api/portfolio,74892,0,3505
1732701656700,75101,HTTP Request,200,OK,Thread Group 1-398,text,true,,310,90306,249,249,http://localhost:8080/api/portfolio,75101,0,3505
1732701656760,75149,HTTP Request,200,OK,Thread Group 1-410,text,true,,310,90306,248,248,http://localhost:8080/api/portfolio,75149,0,3503
1732701658252,73769,HTTP Request,200,OK,Thread Group 1-703,text,true,,310,90306,247,247,http://localhost:8080/api/portfolio,73769,0,1906
1732701656755,75373,HTTP Request,200,OK,Thread Group 1-408,text,true,,310,90306,246,246,http://localhost:8080/api/portfolio,75372,0,3503
1732701656829,75413,HTTP Request,200,OK,Thread Group 1-423,text,true,,310,90306,245,245,http://localhost:8080/api/portfolio,75410,0,3504
1732701656665,75680,HTTP Request,200,OK,Thread Group 1-391,text,true,,310,90306,244,244,http://localhost:8080/api/portfolio,75680,0,3501
1732701656025,76607,HTTP Request,200,OK,Thread Group 1-262,text,true,,310,90306,243,243,http://localhost:8080/api/portfolio,76606,0,6705
1732701656832,75804,HTTP Request,200,OK,Thread Group 1-424,text,true,,310,90306,242,242,http://localhost:8080/api/portfolio,75804,0,3502
1732701656817,75875,HTTP Request,200,OK,Thread Group 1-421,text,true,,310,90306,241,241,http://localhost:8080/api/portfolio,75875,0,3503
1732701656843,75963,HTTP Request,200,OK,Thread Group 1-426,text,true,,310,90306,240,240,http://localhost:8080/api/portfolio,75963,0,3509
1732701658409,74506,HTTP Request,200,OK,Thread Group 1-740,text,true,,310,90306,239,239,http://localhost:8080/api/portfolio,74506,0,1904
1732701656693,76338,HTTP Request,200,OK,Thread Group 1-396,text,true,,310,90306,238,238,http://localhost:8080/api/portfolio,76338,0,3505
1732701656718,76423,HTTP Request,200,OK,Thread Group 1-401,text,true,,310,90306,237,237,http://localhost:8080/api/portfolio,76423,0,3501
1732701656739,76499,HTTP Request,200,OK,Thread Group 1-405,text,true,,310,90306,236,236,http://localhost:8080/api/portfolio,76499,0,3505
1732701656770,76579,HTTP Request,200,OK,Thread Group 1-411,text,true,,310,90306,235,235,http://localhost:8080/api/portfolio,76579,0,3504
1732701656822,76636,HTTP Request,200,OK,Thread Group 1-422,text,true,,310,90306,234,234,http://localhost:8080/api/portfolio,76636,0,3504
1732701656032,77535,HTTP Request,200,OK,Thread Group 1-263,text,true,,310,90306,233,233,http://localhost:8080/api/portfolio,77535,0,6705
1732701656906,76765,HTTP Request,200,OK,Thread Group 1-439,text,true,,310,90306,232,232,http://localhost:8080/api/portfolio,76765,0,3504
1732701656098,77676,HTTP Request,200,OK,Thread Group 1-277,text,true,,310,90306,231,231,http://localhost:8080/api/portfolio,77676,0,6704
1732701656758,77124,HTTP Request,200,OK,Thread Group 1-409,text,true,,310,90306,230,230,http://localhost:8080/api/portfolio,77124,0,3503
1732701656879,77113,HTTP Request,200,OK,Thread Group 1-433,text,true,,310,90306,229,229,http://localhost:8080/api/portfolio,77113,0,3502
1732701656136,77967,HTTP Request,200,OK,Thread Group 1-285,text,true,,310,90306,228,228,http://localhost:8080/api/portfolio,77967,0,6703
1732701656144,78062,HTTP Request,200,OK,Thread Group 1-286,text,true,,310,90306,227,227,http://localhost:8080/api/portfolio,78061,0,6704
1732701657036,77281,HTTP Request,200,OK,Thread Group 1-465,text,true,,310,90306,226,226,http://localhost:8080/api/portfolio,77281,0,3505
1732701657006,77420,HTTP Request,200,OK,Thread Group 1-459,text,true,,310,90306,225,225,http://localhost:8080/api/portfolio,77420,0,3505
1732701656895,77641,HTTP Request,200,OK,Thread Group 1-436,text,true,,310,90306,224,224,http://localhost:8080/api/portfolio,77641,0,3505
1732701656979,77662,HTTP Request,200,OK,Thread Group 1-453,text,true,,310,90306,223,223,http://localhost:8080/api/portfolio,77662,0,3521
1732701657013,77731,HTTP Request,200,OK,Thread Group 1-460,text,true,,310,90306,222,222,http://localhost:8080/api/portfolio,77731,0,3506
1732701656210,78646,HTTP Request,200,OK,Thread Group 1-299,text,true,,310,90306,221,221,http://localhost:8080/api/portfolio,78645,0,6702
1732701656959,78004,HTTP Request,200,OK,Thread Group 1-449,text,true,,310,90306,220,220,http://localhost:8080/api/portfolio,78004,0,3541
1732701657050,78019,HTTP Request,200,OK,Thread Group 1-468,text,true,,310,90306,219,219,http://localhost:8080/api/portfolio,78018,0,3502
1732701657145,78029,HTTP Request,200,OK,Thread Group 1-487,text,true,,310,90306,218,218,http://localhost:8080/api/portfolio,78029,0,3529
1732701657032,78245,HTTP Request,200,OK,Thread Group 1-464,text,true,,310,90306,217,217,http://localhost:8080/api/portfolio,78245,0,3506
1732701656903,78481,HTTP Request,200,OK,Thread Group 1-438,text,true,,310,90306,216,216,http://localhost:8080/api/portfolio,78480,0,3503
1732701657156,78335,HTTP Request,200,OK,Thread Group 1-489,text,true,,310,90306,215,215,http://localhost:8080/api/portfolio,78335,0,3517
1732701656889,78707,HTTP Request,200,OK,Thread Group 1-435,text,true,,310,90306,214,214,http://localhost:8080/api/portfolio,78707,0,3501
1732701657120,78585,HTTP Request,200,OK,Thread Group 1-481,text,true,,310,90306,213,213,http://localhost:8080/api/portfolio,78585,0,3552
1732701656839,78976,HTTP Request,200,OK,Thread Group 1-425,text,true,,310,90306,212,212,http://localhost:8080/api/portfolio,78976,0,3513
1732701658809,77113,HTTP Request,200,OK,Thread Group 1-813,text,true,,310,90306,211,211,http://localhost:8080/api/portfolio,77113,0,1910
1732701657001,79028,HTTP Request,200,OK,Thread Group 1-458,text,true,,310,90306,210,210,http://localhost:8080/api/portfolio,79028,0,3504
1732701656810,79327,HTTP Request,200,OK,Thread Group 1-420,text,true,,310,90306,209,209,http://localhost:8080/api/portfolio,79327,0,3503
1732701658611,77635,HTTP Request,200,OK,Thread Group 1-780,text,true,,310,90306,208,208,http://localhost:8080/api/portfolio,77635,0,1903
1732701657153,79199,HTTP Request,200,OK,Thread Group 1-488,text,true,,310,90306,207,207,http://localhost:8080/api/portfolio,79199,0,3520
1732701656384,80077,HTTP Request,200,OK,Thread Group 1-334,text,true,,310,90306,206,206,http://localhost:8080/api/portfolio,80077,0,6701
1732701657209,79362,HTTP Request,200,OK,Thread Group 1-500,text,true,,310,90306,205,205,http://localhost:8080/api/portfolio,79362,0,3522
1732701658628,78048,HTTP Request,200,OK,Thread Group 1-783,text,true,,310,90306,204,204,http://localhost:8080/api/portfolio,78048,0,1904
1732701656780,80001,HTTP Request,200,OK,Thread Group 1-414,text,true,,310,90306,203,203,http://localhost:8080/api/portfolio,80001,0,3501
1732701657064,79830,HTTP Request,200,OK,Thread Group 1-470,text,true,,310,90306,202,202,http://localhost:8080/api/portfolio,79830,0,3605
1732701658429,78569,HTTP Request,200,OK,Thread Group 1-743,text,true,,310,90306,201,201,http://localhost:8080/api/portfolio,78569,0,1903
1732701656974,80136,HTTP Request,200,OK,Thread Group 1-452,text,true,,310,90306,200,200,http://localhost:8080/api/portfolio,80136,0,3526
1732701657055,80166,HTTP Request,200,OK,Thread Group 1-469,text,true,,310,90306,199,199,http://localhost:8080/api/portfolio,80166,0,3509
1732701657020,80310,HTTP Request,200,OK,Thread Group 1-461,text,true,,310,90306,198,198,http://localhost:8080/api/portfolio,80310,0,3503
1732701657257,80183,HTTP Request,200,OK,Thread Group 1-509,text,true,,310,90306,197,197,http://localhost:8080/api/portfolio,80183,0,3506
1732701658528,79018,HTTP Request,200,OK,Thread Group 1-763,text,true,,310,90306,196,196,http://localhost:8080/api/portfolio,79018,0,1904
1732701657300,80350,HTTP Request,200,OK,Thread Group 1-518,text,true,,310,90306,195,195,http://localhost:8080/api/portfolio,80350,0,3504
1732701657229,80532,HTTP Request,200,OK,Thread Group 1-503,text,true,,310,90306,194,194,http://localhost:8080/api/portfolio,80532,0,3503
1732701657031,80837,HTTP Request,200,OK,Thread Group 1-463,text,true,,310,90306,193,193,http://localhost:8080/api/portfolio,80837,0,3507
1732701657139,80835,HTTP Request,200,OK,Thread Group 1-485,text,true,,310,90306,192,192,http://localhost:8080/api/portfolio,80835,0,3535
1732701657291,80787,HTTP Request,200,OK,Thread Group 1-516,text,true,,310,90306,191,191,http://localhost:8080/api/portfolio,80787,0,3504
1732701657249,80942,HTTP Request,200,OK,Thread Group 1-506,text,true,,310,90306,190,190,http://localhost:8080/api/portfolio,80942,0,3512
1732701657143,81150,HTTP Request,200,OK,Thread Group 1-486,text,true,,310,90306,189,189,http://localhost:8080/api/portfolio,81150,0,3529
1732701657047,81460,HTTP Request,200,OK,Thread Group 1-467,text,true,,310,90306,188,188,http://localhost:8080/api/portfolio,81460,0,3507
1732701658825,79682,HTTP Request,200,OK,Thread Group 1-822,text,true,,310,90306,188,188,http://localhost:8080/api/portfolio,79682,0,1913
1732701657251,81358,HTTP Request,200,OK,Thread Group 1-508,text,true,,310,90306,186,186,http://localhost:8080/api/portfolio,81358,0,3506
1732701657305,81409,HTTP Request,200,OK,Thread Group 1-519,text,true,,310,90306,185,185,http://localhost:8080/api/portfolio,81409,0,3514
1732701657221,81604,HTTP Request,200,OK,Thread Group 1-502,text,true,,310,90306,184,184,http://localhost:8080/api/portfolio,81604,0,3510
1732701657214,81716,HTTP Request,200,OK,Thread Group 1-501,text,true,,310,90306,183,183,http://localhost:8080/api/portfolio,81716,0,3518
1732701657250,81783,HTTP Request,200,OK,Thread Group 1-507,text,true,,310,90306,182,182,http://localhost:8080/api/portfolio,81783,0,3507
1732701658808,80332,HTTP Request,200,OK,Thread Group 1-818,text,true,,310,90306,181,181,http://localhost:8080/api/portfolio,80332,0,1911
1732701658828,80421,HTTP Request,200,OK,Thread Group 1-823,text,true,,310,90306,180,180,http://localhost:8080/api/portfolio,80421,0,1908
1732701658829,80532,HTTP Request,200,OK,Thread Group 1-824,text,true,,310,90306,179,179,http://localhost:8080/api/portfolio,80532,0,1909
1732701657319,82253,HTTP Request,200,OK,Thread Group 1-522,text,true,,310,90306,178,178,http://localhost:8080/api/portfolio,82253,0,3528
1732701657238,82334,HTTP Request,200,OK,Thread Group 1-504,text,true,,310,90306,177,177,http://localhost:8080/api/portfolio,82334,0,3534
1732701657297,82383,HTTP Request,200,OK,Thread Group 1-517,text,true,,310,90306,176,176,http://localhost:8080/api/portfolio,82383,0,3502
1732701657310,82478,HTTP Request,200,OK,Thread Group 1-520,text,true,,310,90306,175,175,http://localhost:8080/api/portfolio,82478,0,3533
1732701657315,82576,HTTP Request,200,OK,Thread Group 1-521,text,true,,310,90306,174,174,http://localhost:8080/api/portfolio,82576,0,3532
1732701658963,81033,HTTP Request,200,OK,Thread Group 1-850,text,true,,310,90306,173,173,http://localhost:8080/api/portfolio,81033,0,1916
1732701657327,82775,HTTP Request,200,OK,Thread Group 1-523,text,true,,310,90306,172,172,http://localhost:8080/api/portfolio,82775,0,3519
1732701657329,82883,HTTP Request,200,OK,Thread Group 1-524,text,true,,310,90306,171,171,http://localhost:8080/api/portfolio,82883,0,3515
1732701657347,82971,HTTP Request,200,OK,Thread Group 1-527,text,true,,310,90306,170,170,http://localhost:8080/api/portfolio,82971,0,3510
1732701656779,83560,HTTP Request,500,Internal Server Error,Thread Group 1-413,text,false,,349,90306,169,169,http://localhost:8080/api/portfolio,83560,0,3502
1732701657355,83071,HTTP Request,200,OK,Thread Group 1-529,text,true,,310,90306,168,168,http://localhost:8080/api/portfolio,83071,0,3513
1732701657412,83116,HTTP Request,200,OK,Thread Group 1-536,text,true,,310,90306,167,167,http://localhost:8080/api/portfolio,83116,0,3515
1732701657406,83231,HTTP Request,200,OK,Thread Group 1-539,text,true,,310,90306,166,166,http://localhost:8080/api/portfolio,83231,0,3525
1732701657399,83349,HTTP Request,200,OK,Thread Group 1-538,text,true,,310,90306,165,165,http://localhost:8080/api/portfolio,83349,0,3514
1732701657454,83402,HTTP Request,200,OK,Thread Group 1-547,text,true,,310,90306,164,164,http://localhost:8080/api/portfolio,83402,0,3507
1732701657430,83534,HTTP Request,200,OK,Thread Group 1-544,text,true,,310,90306,163,163,http://localhost:8080/api/portfolio,83534,0,3501
1732701657351,83718,HTTP Request,200,OK,Thread Group 1-528,text,true,,310,90306,162,162,http://localhost:8080/api/portfolio,83718,0,3527
1732701656683,84419,HTTP Request,500,Internal Server Error,Thread Group 1-395,text,false,,349,90306,161,161,http://localhost:8080/api/portfolio,84419,0,3504
1732701657368,83809,HTTP Request,200,OK,Thread Group 1-531,text,true,,310,90306,160,160,http://localhost:8080/api/portfolio,83809,0,3511
1732701656850,84367,HTTP Request,500,Internal Server Error,Thread Group 1-427,text,false,,349,90306,159,159,http://localhost:8080/api/portfolio,84367,0,3504
1732701657424,83858,HTTP Request,200,OK,Thread Group 1-542,text,true,,310,90306,158,158,http://localhost:8080/api/portfolio,83858,0,3515
1732701657428,83963,HTTP Request,200,OK,Thread Group 1-543,text,true,,310,90306,157,157,http://localhost:8080/api/portfolio,83963,0,3508
1732701657456,84043,HTTP Request,200,OK,Thread Group 1-548,text,true,,310,90306,156,156,http://localhost:8080/api/portfolio,84043,0,3506
1732701657465,84141,HTTP Request,200,OK,Thread Group 1-551,text,true,,310,90306,155,155,http://localhost:8080/api/portfolio,84141,0,3507
1732701657397,84312,HTTP Request,200,OK,Thread Group 1-537,text,true,,310,90306,154,154,http://localhost:8080/api/portfolio,84312,0,3539
1732701657412,84409,HTTP Request,200,OK,Thread Group 1-540,text,true,,310,90306,153,153,http://localhost:8080/api/portfolio,84409,0,3513
1732701657471,84458,HTTP Request,200,OK,Thread Group 1-552,text,true,,310,90306,152,152,http://localhost:8080/api/portfolio,84457,0,3504
1732701657418,84614,HTTP Request,200,OK,Thread Group 1-541,text,true,,310,90306,151,151,http://localhost:8080/api/portfolio,84613,0,3523
1732701656884,85184,HTTP Request,500,Internal Server Error,Thread Group 1-434,text,false,,349,90306,150,150,http://localhost:8080/api/portfolio,85184,0,3503
1732701657434,84705,HTTP Request,200,OK,Thread Group 1-545,text,true,,310,90306,149,149,http://localhost:8080/api/portfolio,84705,0,3523
1732701657622,84628,HTTP Request,200,OK,Thread Group 1-582,text,true,,310,90306,148,148,http://localhost:8080/api/portfolio,84628,0,3552
1732701657459,84893,HTTP Request,200,OK,Thread Group 1-549,text,true,,310,90306,147,147,http://localhost:8080/api/portfolio,84893,0,3501
1732701657460,85011,HTTP Request,200,OK,Thread Group 1-550,text,true,,310,90306,146,146,http://localhost:8080/api/portfolio,85011,0,3515
1732701657550,85031,HTTP Request,200,OK,Thread Group 1-567,text,true,,310,90306,145,145,http://localhost:8080/api/portfolio,85031,0,3617
1732701657598,85095,HTTP Request,200,OK,Thread Group 1-577,text,true,,310,90306,144,144,http://localhost:8080/api/portfolio,85095,0,3574
1732701657023,85703,HTTP Request,500,Internal Server Error,Thread Group 1-462,text,false,,349,90306,143,143,http://localhost:8080/api/portfolio,85703,0,3503
1732701656912,85814,HTTP Request,500,Internal Server Error,Thread Group 1-440,text,false,,349,90306,143,143,http://localhost:8080/api/portfolio,85814,0,3503
1732701657579,85217,HTTP Request,200,OK,Thread Group 1-573,text,true,,310,90306,141,141,http://localhost:8080/api/portfolio,85217,0,3604
1732701657604,85299,HTTP Request,200,OK,Thread Group 1-578,text,true,,310,90306,140,140,http://localhost:8080/api/portfolio,85299,0,3568
1732701657552,85460,HTTP Request,200,OK,Thread Group 1-568,text,true,,310,90306,139,139,http://localhost:8080/api/portfolio,85460,0,3555
1732701657613,85504,HTTP Request,200,OK,Thread Group 1-580,text,true,,310,90306,138,138,http://localhost:8080/api/portfolio,85503,0,3561
1732701657579,85642,HTTP Request,200,OK,Thread Group 1-572,text,true,,310,90306,137,137,http://localhost:8080/api/portfolio,85642,0,3590
1732701657543,85789,HTTP Request,200,OK,Thread Group 1-565,text,true,,310,90306,136,136,http://localhost:8080/api/portfolio,85789,0,3542
1732701657608,85835,HTTP Request,200,OK,Thread Group 1-579,text,true,,310,90306,135,135,http://localhost:8080/api/portfolio,85835,0,3565
1732701657579,85974,HTTP Request,200,OK,Thread Group 1-571,text,true,,310,90306,134,134,http://localhost:8080/api/portfolio,85974,0,3591
1732701657629,86026,HTTP Request,200,OK,Thread Group 1-583,text,true,,310,90306,133,133,http://localhost:8080/api/portfolio,86026,0,3546
1732701658529,85154,HTTP Request,500,Internal Server Error,Thread Group 1-764,text,false,,349,90306,132,132,http://localhost:8080/api/portfolio,85154,0,1903
1732701657580,86185,HTTP Request,200,OK,Thread Group 1-574,text,true,,310,90306,131,131,http://localhost:8080/api/portfolio,86185,0,3589
1732701657655,86218,HTTP Request,200,OK,Thread Group 1-589,text,true,,310,90306,130,130,http://localhost:8080/api/portfolio,86218,0,3522
1732701657562,86421,HTTP Request,200,OK,Thread Group 1-570,text,true,,310,90306,129,129,http://localhost:8080/api/portfolio,86420,0,3608
1732701657559,86534,HTTP Request,200,OK,Thread Group 1-569,text,true,,310,90306,128,128,http://localhost:8080/api/portfolio,86534,0,3608
1732701657670,86529,HTTP Request,200,OK,Thread Group 1-591,text,true,,310,90306,127,127,http://localhost:8080/api/portfolio,86529,0,3513
1732701657645,86664,HTTP Request,200,OK,Thread Group 1-587,text,true,,310,90306,126,126,http://localhost:8080/api/portfolio,86664,0,3531
1732701657821,86599,HTTP Request,200,OK,Thread Group 1-621,text,true,,310,90306,125,125,http://localhost:8080/api/portfolio,86599,0,3542
1732701658019,86507,HTTP Request,200,OK,Thread Group 1-661,text,true,,310,90306,124,124,http://localhost:8080/api/portfolio,86507,0,3584
1732701657617,87018,HTTP Request,200,OK,Thread Group 1-581,text,true,,310,90306,123,123,http://localhost:8080/api/portfolio,87018,0,3556
1732701657045,87612,HTTP Request,500,Internal Server Error,Thread Group 1-466,text,false,,349,90306,122,122,http://localhost:8080/api/portfolio,87612,0,3504
1732701657868,86878,HTTP Request,200,OK,Thread Group 1-631,text,true,,310,90306,121,121,http://localhost:8080/api/portfolio,86878,0,3581
1732701657543,87305,HTTP Request,200,OK,Thread Group 1-566,text,true,,310,90306,120,120,http://localhost:8080/api/portfolio,87305,0,3543
1732701658020,86938,HTTP Request,200,OK,Thread Group 1-662,text,true,,310,90306,119,119,http://localhost:8080/api/portfolio,86937,0,3582
1732701657631,87435,HTTP Request,200,OK,Thread Group 1-584,text,true,,310,90306,118,118,http://localhost:8080/api/portfolio,87435,0,3545
1732701657637,87538,HTTP Request,200,OK,Thread Group 1-585,text,true,,310,90306,117,117,http://localhost:8080/api/portfolio,87538,0,3538
1732701657653,87633,HTTP Request,200,OK,Thread Group 1-588,text,true,,310,90306,116,116,http://localhost:8080/api/portfolio,87633,0,3524
1732701657704,87684,HTTP Request,200,OK,Thread Group 1-598,text,true,,310,90306,115,115,http://localhost:8080/api/portfolio,87684,0,3503
1732701655405,90093,HTTP Request,200,OK,Thread Group 1-139,text,true,,310,90306,114,114,http://localhost:8080/api/portfolio,90092,0,6703
1732701655415,90192,HTTP Request,200,OK,Thread Group 1-141,text,true,,310,90306,113,113,http://localhost:8080/api/portfolio,90192,0,6703
1732701657663,88045,HTTP Request,200,OK,Thread Group 1-590,text,true,,310,90306,112,112,http://localhost:8080/api/portfolio,88045,0,3519
1732701657821,87996,HTTP Request,200,OK,Thread Group 1-622,text,true,,310,90306,111,111,http://localhost:8080/api/portfolio,87996,0,3542
1732701657644,88282,HTTP Request,200,OK,Thread Group 1-586,text,true,,310,90306,110,110,http://localhost:8080/api/portfolio,88282,0,3532
1732701655413,90622,HTTP Request,200,OK,Thread Group 1-140,text,true,,310,90306,109,109,http://localhost:8080/api/portfolio,90621,0,6705
1732701655481,90661,HTTP Request,200,OK,Thread Group 1-154,text,true,,310,90306,108,108,http://localhost:8080/api/portfolio,90661,0,6706
1732701655517,90735,HTTP Request,200,OK,Thread Group 1-161,text,true,,310,90306,107,107,http://localhost:8080/api/portfolio,90735,0,6702
1732701655506,90961,HTTP Request,200,OK,Thread Group 1-159,text,true,,310,90306,106,106,http://localhost:8080/api/portfolio,90961,0,6702
1732701655548,90919,HTTP Request,200,OK,Thread Group 1-167,text,true,,310,90306,106,106,http://localhost:8080/api/portfolio,90919,0,6702
1732701655504,91065,HTTP Request,200,OK,Thread Group 1-158,text,true,,310,90306,104,104,http://localhost:8080/api/portfolio,91065,0,6704
1732701655544,91133,HTTP Request,200,OK,Thread Group 1-166,text,true,,310,90306,103,103,http://localhost:8080/api/portfolio,91133,0,6706
1732701655485,91302,HTTP Request,200,OK,Thread Group 1-155,text,true,,310,90306,102,102,http://localhost:8080/api/portfolio,91302,0,6704
1732701655524,91371,HTTP Request,200,OK,Thread Group 1-162,text,true,,310,90306,101,101,http://localhost:8080/api/portfolio,91371,0,6705
1732701655585,91412,HTTP Request,200,OK,Thread Group 1-173,text,true,,310,90306,100,100,http://localhost:8080/api/portfolio,91412,0,6705
1732701655514,91595,HTTP Request,200,OK,Thread Group 1-160,text,true,,310,90306,99,99,http://localhost:8080/api/portfolio,91595,0,6704
1732701655581,91632,HTTP Request,200,OK,Thread Group 1-168,text,true,,310,90306,98,98,http://localhost:8080/api/portfolio,91632,0,6704
1732701655583,91741,HTTP Request,200,OK,Thread Group 1-170,text,true,,310,90306,97,97,http://localhost:8080/api/portfolio,91741,0,6702
1732701655644,91785,HTTP Request,200,OK,Thread Group 1-186,text,true,,310,90306,96,96,http://localhost:8080/api/portfolio,91785,0,6707
1732701655618,91914,HTTP Request,200,OK,Thread Group 1-181,text,true,,310,90306,95,95,http://localhost:8080/api/portfolio,91914,0,6701
1732701655618,92025,HTTP Request,200,OK,Thread Group 1-180,text,true,,310,90306,94,94,http://localhost:8080/api/portfolio,92025,0,6701
1732701655620,92133,HTTP Request,200,OK,Thread Group 1-182,text,true,,310,90306,93,93,http://localhost:8080/api/portfolio,92133,0,6706
1732701655663,92197,HTTP Request,200,OK,Thread Group 1-190,text,true,,310,90306,92,92,http://localhost:8080/api/portfolio,92197,0,6704
1732701655648,92320,HTTP Request,200,OK,Thread Group 1-187,text,true,,310,90306,91,91,http://localhost:8080/api/portfolio,92319,0,6703
1732701655651,92421,HTTP Request,200,OK,Thread Group 1-188,text,true,,310,90306,90,90,http://localhost:8080/api/portfolio,92421,0,6704
1732701655700,92482,HTTP Request,200,OK,Thread Group 1-198,text,true,,310,90306,89,89,http://localhost:8080/api/portfolio,92482,0,6704
1732701655658,92633,HTTP Request,200,OK,Thread Group 1-189,text,true,,310,90306,88,88,http://localhost:8080/api/portfolio,92633,0,6702
1732701655748,92656,HTTP Request,200,OK,Thread Group 1-207,text,true,,310,90306,87,87,http://localhost:8080/api/portfolio,92656,0,6702
1732701655694,92817,HTTP Request,200,OK,Thread Group 1-196,text,true,,310,90306,86,86,http://localhost:8080/api/portfolio,92817,0,6705
1732701655696,92927,HTTP Request,200,OK,Thread Group 1-197,text,true,,310,90306,85,85,http://localhost:8080/api/portfolio,92927,0,6703
1732701655766,92960,HTTP Request,200,OK,Thread Group 1-211,text,true,,310,90306,84,84,http://localhost:8080/api/portfolio,92960,0,6704
1732701655766,93070,HTTP Request,200,OK,Thread Group 1-210,text,true,,310,90306,83,83,http://localhost:8080/api/portfolio,93070,0,6706
1732701655805,93138,HTTP Request,200,OK,Thread Group 1-218,text,true,,310,90306,82,82,http://localhost:8080/api/portfolio,93138,0,6707
1732701655758,93292,HTTP Request,200,OK,Thread Group 1-209,text,true,,310,90306,81,81,http://localhost:8080/api/portfolio,93292,0,6704
1732701655707,93448,HTTP Request,200,OK,Thread Group 1-199,text,true,,310,90306,80,80,http://localhost:8080/api/portfolio,93448,0,6703
1732701655815,93446,HTTP Request,200,OK,Thread Group 1-221,text,true,,310,90306,79,79,http://localhost:8080/api/portfolio,93446,0,6705
1732701655752,93618,HTTP Request,200,OK,Thread Group 1-208,text,true,,310,90306,78,78,http://localhost:8080/api/portfolio,93618,0,6704
1732701655796,93679,HTTP Request,200,OK,Thread Group 1-216,text,true,,310,90306,77,77,http://localhost:8080/api/portfolio,93679,0,6707
1732701655808,93772,HTTP Request,200,OK,Thread Group 1-219,text,true,,310,90306,76,76,http://localhost:8080/api/portfolio,93772,0,6704
1732701655798,93890,HTTP Request,200,OK,Thread Group 1-217,text,true,,310,90306,75,75,http://localhost:8080/api/portfolio,93890,0,6709
1732701655861,93937,HTTP Request,200,OK,Thread Group 1-229,text,true,,310,90306,74,74,http://localhost:8080/api/portfolio,93937,0,6703
1732701655815,94090,HTTP Request,200,OK,Thread Group 1-220,text,true,,310,90306,73,73,http://localhost:8080/api/portfolio,94090,0,6705
1732701655824,94191,HTTP Request,200,OK,Thread Group 1-222,text,true,,310,90306,72,72,http://localhost:8080/api/portfolio,94191,0,6707
1732701655854,94266,HTTP Request,200,OK,Thread Group 1-228,text,true,,310,90306,71,71,http://localhost:8080/api/portfolio,94266,0,6703
1732701655863,94366,HTTP Request,200,OK,Thread Group 1-230,text,true,,310,90306,70,70,http://localhost:8080/api/portfolio,94366,0,6701
1732701655891,94445,HTTP Request,200,OK,Thread Group 1-234,text,true,,310,90306,69,69,http://localhost:8080/api/portfolio,94445,0,6704
1732701655866,94581,HTTP Request,200,OK,Thread Group 1-231,text,true,,310,90306,68,68,http://localhost:8080/api/portfolio,94581,0,6706
1732701655896,94687,HTTP Request,200,OK,Thread Group 1-235,text,true,,310,90306,67,67,http://localhost:8080/api/portfolio,94687,0,6702
1732701655879,94780,HTTP Request,200,OK,Thread Group 1-233,text,true,,310,90306,66,66,http://localhost:8080/api/portfolio,94780,0,6716
1732701655918,95020,HTTP Request,200,OK,Thread Group 1-241,text,true,,310,90306,65,65,http://localhost:8080/api/portfolio,95020,0,6704
1732701655896,95053,HTTP Request,200,OK,Thread Group 1-237,text,true,,310,90306,65,65,http://localhost:8080/api/portfolio,95053,0,6702
1732701655944,95112,HTTP Request,200,OK,Thread Group 1-246,text,true,,310,90306,63,63,http://localhost:8080/api/portfolio,95112,0,6703
1732701655893,95276,HTTP Request,200,OK,Thread Group 1-236,text,true,,310,90306,62,62,http://localhost:8080/api/portfolio,95276,0,6705
1732701655873,95394,HTTP Request,200,OK,Thread Group 1-232,text,true,,310,90306,61,61,http://localhost:8080/api/portfolio,95394,0,6705
1732701655911,95466,HTTP Request,200,OK,Thread Group 1-240,text,true,,310,90306,60,60,http://localhost:8080/api/portfolio,95466,0,6706
1732701655955,95533,HTTP Request,200,OK,Thread Group 1-249,text,true,,310,90306,59,59,http://localhost:8080/api/portfolio,95533,0,6702
1732701655966,95621,HTTP Request,200,OK,Thread Group 1-251,text,true,,310,90306,58,58,http://localhost:8080/api/portfolio,95621,0,6706
1732701655946,95752,HTTP Request,200,OK,Thread Group 1-247,text,true,,310,90306,57,57,http://localhost:8080/api/portfolio,95752,0,6703
1732701655950,95854,HTTP Request,200,OK,Thread Group 1-248,text,true,,310,90306,56,56,http://localhost:8080/api/portfolio,95854,0,6705
1732701655990,95924,HTTP Request,200,OK,Thread Group 1-255,text,true,,310,90306,55,55,http://localhost:8080/api/portfolio,95924,0,6703
1732701655973,96042,HTTP Request,200,OK,Thread Group 1-252,text,true,,310,90306,54,54,http://localhost:8080/api/portfolio,96042,0,6706
1732701655979,96147,HTTP Request,200,OK,Thread Group 1-253,text,true,,310,90306,53,53,http://localhost:8080/api/portfolio,96147,0,6703
1732701655985,96246,HTTP Request,200,OK,Thread Group 1-254,text,true,,310,90306,52,52,http://localhost:8080/api/portfolio,96246,0,6701
1732701656010,96329,HTTP Request,200,OK,Thread Group 1-260,text,true,,310,90306,51,51,http://localhost:8080/api/portfolio,96329,0,6702
1732701655959,96501,HTTP Request,200,OK,Thread Group 1-250,text,true,,310,90306,50,50,http://localhost:8080/api/portfolio,96501,0,6704
1732701656021,96541,HTTP Request,200,OK,Thread Group 1-261,text,true,,310,90306,49,49,http://localhost:8080/api/portfolio,96541,0,6704
1732701656033,96637,HTTP Request,200,OK,Thread Group 1-264,text,true,,310,90306,48,48,http://localhost:8080/api/portfolio,96637,0,6704
1732701656005,96765,HTTP Request,200,OK,Thread Group 1-259,text,true,,310,90306,47,47,http://localhost:8080/api/portfolio,96765,0,6704
1732701656037,96847,HTTP Request,200,OK,Thread Group 1-265,text,true,,310,90306,46,46,http://localhost:8080/api/portfolio,96847,0,6705
1732701656003,96990,HTTP Request,200,OK,Thread Group 1-258,text,true,,310,90306,45,45,http://localhost:8080/api/portfolio,96990,0,6706
1732701656045,97050,HTTP Request,200,OK,Thread Group 1-266,text,true,,310,90306,44,44,http://localhost:8080/api/portfolio,97050,0,6704
1732701655999,97200,HTTP Request,200,OK,Thread Group 1-257,text,true,,310,90306,43,43,http://localhost:8080/api/portfolio,97200,0,6703
1732701656050,97260,HTTP Request,200,OK,Thread Group 1-268,text,true,,310,90306,42,42,http://localhost:8080/api/portfolio,97259,0,6702
1732701656068,97349,HTTP Request,200,OK,Thread Group 1-271,text,true,,310,90306,41,41,http://localhost:8080/api/portfolio,97349,0,6703
1732701656106,97414,HTTP Request,200,OK,Thread Group 1-279,text,true,,310,90306,40,40,http://localhost:8080/api/portfolio,97414,0,6702
1732701656101,97532,HTTP Request,200,OK,Thread Group 1-278,text,true,,310,90306,39,39,http://localhost:8080/api/portfolio,97532,0,6705
1732701656130,97608,HTTP Request,200,OK,Thread Group 1-284,text,true,,310,90306,38,38,http://localhost:8080/api/portfolio,97608,0,6703
1732701656152,97693,HTTP Request,200,OK,Thread Group 1-288,text,true,,310,90306,37,37,http://localhost:8080/api/portfolio,97693,0,6704
1732701656059,97895,HTTP Request,200,OK,Thread Group 1-270,text,true,,310,90306,36,36,http://localhost:8080/api/portfolio,97895,0,6705
1732701656154,97905,HTTP Request,200,OK,Thread Group 1-289,text,true,,310,90306,35,35,http://localhost:8080/api/portfolio,97905,0,6702
1732701656048,98119,HTTP Request,200,OK,Thread Group 1-267,text,true,,310,90306,34,34,http://localhost:8080/api/portfolio,98119,0,6704
1732701656147,98128,HTTP Request,200,OK,Thread Group 1-287,text,true,,310,90306,33,33,http://localhost:8080/api/portfolio,98128,0,6702
1732701656056,98326,HTTP Request,200,OK,Thread Group 1-269,text,true,,310,90306,32,32,http://localhost:8080/api/portfolio,98326,0,6703
1732701656179,98311,HTTP Request,200,OK,Thread Group 1-293,text,true,,310,90306,31,31,http://localhost:8080/api/portfolio,98311,0,6702
1732701656164,98441,HTTP Request,200,OK,Thread Group 1-290,text,true,,310,90306,30,30,http://localhost:8080/api/portfolio,98441,0,6709
1732701656164,98548,HTTP Request,200,OK,Thread Group 1-291,text,true,,310,90306,29,29,http://localhost:8080/api/portfolio,98548,0,6709
1732701656169,98650,HTTP Request,200,OK,Thread Group 1-292,text,true,,310,90306,28,28,http://localhost:8080/api/portfolio,98650,0,6704
1732701656204,98718,HTTP Request,200,OK,Thread Group 1-298,text,true,,310,90306,27,27,http://localhost:8080/api/portfolio,98718,0,6703
1732701656229,98805,HTTP Request,200,OK,Thread Group 1-303,text,true,,310,90306,26,26,http://localhost:8080/api/portfolio,98805,0,6704
1732701656215,98927,HTTP Request,200,OK,Thread Group 1-300,text,true,,310,90306,25,25,http://localhost:8080/api/portfolio,98927,0,6705
1732701656222,99030,HTTP Request,200,OK,Thread Group 1-302,text,true,,310,90306,24,24,http://localhost:8080/api/portfolio,99030,0,6702
1732701656218,99144,HTTP Request,200,OK,Thread Group 1-301,text,true,,310,90306,23,23,http://localhost:8080/api/portfolio,99144,0,6702
1732701656230,99236,HTTP Request,200,OK,Thread Group 1-304,text,true,,310,90306,22,22,http://localhost:8080/api/portfolio,99236,0,6703
1732701656387,99195,HTTP Request,200,OK,Thread Group 1-335,text,true,,310,90306,21,21,http://localhost:8080/api/portfolio,99195,0,6705
1732701656267,99426,HTTP Request,200,OK,Thread Group 1-311,text,true,,310,90306,20,20,http://localhost:8080/api/portfolio,99426,0,6704
1732701656394,99408,HTTP Request,200,OK,Thread Group 1-336,text,true,,310,90306,19,19,http://localhost:8080/api/portfolio,99408,0,6703
1732701656270,99639,HTTP Request,200,OK,Thread Group 1-312,text,true,,310,90306,18,18,http://localhost:8080/api/portfolio,99638,0,6703
1732701656404,99614,HTTP Request,200,OK,Thread Group 1-338,text,true,,310,90306,17,17,http://localhost:8080/api/portfolio,99614,0,6705
1732701656380,99753,HTTP Request,200,OK,Thread Group 1-333,text,true,,310,90306,16,16,http://localhost:8080/api/portfolio,99753,0,6704
1732701656411,99827,HTTP Request,200,OK,Thread Group 1-340,text,true,,310,90306,15,15,http://localhost:8080/api/portfolio,99827,0,6703
1732701656396,99951,HTTP Request,200,OK,Thread Group 1-337,text,true,,310,90306,14,14,http://localhost:8080/api/portfolio,99951,0,6701
1732701656425,100033,HTTP Request,200,OK,Thread Group 1-342,text,true,,310,90306,13,13,http://localhost:8080/api/portfolio,100033,0,6705
1732701656430,100234,HTTP Request,200,OK,Thread Group 1-344,text,true,,310,90306,12,12,http://localhost:8080/api/portfolio,100234,0,6705
1732701656405,100279,HTTP Request,200,OK,Thread Group 1-339,text,true,,310,90306,11,11,http://localhost:8080/api/portfolio,100279,0,6703
1732701656441,100350,HTTP Request,200,OK,Thread Group 1-345,text,true,,310,90306,10,10,http://localhost:8080/api/portfolio,100350,0,6702
1732701656418,100484,HTTP Request,200,OK,Thread Group 1-341,text,true,,310,90306,9,9,http://localhost:8080/api/portfolio,100484,0,6704
1732701656855,100157,HTTP Request,200,OK,Thread Group 1-428,text,true,,310,90306,8,8,http://localhost:8080/api/portfolio,100157,0,6702
1732701656429,100692,HTTP Request,200,OK,Thread Group 1-343,text,true,,310,90306,7,7,http://localhost:8080/api/portfolio,100692,0,6700
1732701656857,100395,HTTP Request,200,OK,Thread Group 1-429,text,true,,310,90306,6,6,http://localhost:8080/api/portfolio,100395,0,6703
1732701656560,100781,HTTP Request,200,OK,Thread Group 1-370,text,true,,310,90306,5,5,http://localhost:8080/api/portfolio,100781,0,6704
1732701656568,100885,HTTP Request,200,OK,Thread Group 1-371,text,true,,310,90306,4,4,http://localhost:8080/api/portfolio,100885,0,6703
1732701656863,100709,HTTP Request,200,OK,Thread Group 1-430,text,true,,310,90306,3,3,http://localhost:8080/api/portfolio,100709,0,6704
1732701656868,100803,HTTP Request,200,OK,Thread Group 1-431,text,true,,310,90306,2,2,http://localhost:8080/api/portfolio,100803,0,6705
1732701656872,100911,HTTP Request,200,OK,Thread Group 1-432,text,true,,310,90306,1,1,http://localhost:8080/api/portfolio,100911,0,6704
