2024-11-27 11:00:53,465 INFO o.a.j.u.JMeterUtils: Setting Locale to en_EN
2024-11-27 11:00:53,533 INFO o.a.j.JMeter: Loading user properties from: /usr/local/opt/jmeter/bin/user.properties
2024-11-27 11:00:53,539 INFO o.a.j.JMeter: Loading system properties from: /usr/local/opt/jmeter/bin/system.properties
2024-11-27 11:00:53,557 INFO o.a.j.JMeter: Copyright (c) 1998-2024 The Apache Software Foundation
2024-11-27 11:00:53,557 INFO o.a.j.JMeter: Version 5.6.3
2024-11-27 11:00:53,557 INFO o.a.j.JMeter: java.version=21.0.4
2024-11-27 11:00:53,557 INFO o.a.j.JMeter: java.vm.name=OpenJDK 64-Bit Server VM
2024-11-27 11:00:53,557 INFO o.a.j.JMeter: os.name=Mac OS X
2024-11-27 11:00:53,557 INFO o.a.j.JMeter: os.arch=x86_64
2024-11-27 11:00:53,558 INFO o.a.j.JMeter: os.version=12.7.6
2024-11-27 11:00:53,558 INFO o.a.j.JMeter: file.encoding=UTF-8
2024-11-27 11:00:53,558 INFO o.a.j.JMeter: java.awt.headless=true
2024-11-27 11:00:53,558 INFO o.a.j.JMeter: Max memory     =1073741824
2024-11-27 11:00:53,558 INFO o.a.j.JMeter: Available Processors =4
2024-11-27 11:00:53,568 INFO o.a.j.JMeter: Default Locale=English (EN)
2024-11-27 11:00:53,569 INFO o.a.j.JMeter: JMeter  Locale=English (EN)
2024-11-27 11:00:53,569 INFO o.a.j.JMeter: JMeterHome=/usr/local/opt/jmeter
2024-11-27 11:00:53,569 INFO o.a.j.JMeter: user.dir  =/Users/May/Projects/-School/MyFolio
2024-11-27 11:00:53,569 INFO o.a.j.JMeter: PWD       =/Users/May/Projects/-School/MyFolio
2024-11-27 11:00:53,570 INFO o.a.j.JMeter: IP: 145.93.202.63 Name: Maybook-Pro.local FullName: 145.93.202.63
2024-11-27 11:00:53,600 INFO o.a.j.s.FileServer: Default base='/Users/May/Projects/-School/MyFolio'
2024-11-27 11:00:53,604 INFO o.a.j.s.FileServer: Set new base='/Users/May/Projects/-School/MyFolio/jmeter/testplans'
2024-11-27 11:00:54,054 INFO o.a.j.s.SaveService: Testplan (JMX) version: 2.2. Testlog (JTL) version: 2.2
2024-11-27 11:00:54,097 INFO o.a.j.s.SaveService: Using SaveService properties version 5.0
2024-11-27 11:00:54,102 INFO o.a.j.s.SaveService: Using SaveService properties file encoding UTF-8
2024-11-27 11:00:54,107 INFO o.a.j.s.SaveService: Loading file: jmeter/testplans/load_test_create_portfolio.jmx
2024-11-27 11:00:54,170 INFO o.a.j.p.h.c.CookieManager: Settings: Delete null: true Check: true Allow variable: true Save: false Prefix: COOKIE_
2024-11-27 11:00:54,198 INFO o.a.j.p.h.s.HTTPSamplerBase: Parser for text/html is org.apache.jmeter.protocol.http.parser.LagartoBasedHtmlParser
2024-11-27 11:00:54,198 INFO o.a.j.p.h.s.HTTPSamplerBase: Parser for application/xhtml+xml is org.apache.jmeter.protocol.http.parser.LagartoBasedHtmlParser
2024-11-27 11:00:54,198 INFO o.a.j.p.h.s.HTTPSamplerBase: Parser for application/xml is org.apache.jmeter.protocol.http.parser.LagartoBasedHtmlParser
2024-11-27 11:00:54,198 INFO o.a.j.p.h.s.HTTPSamplerBase: Parser for text/xml is org.apache.jmeter.protocol.http.parser.LagartoBasedHtmlParser
2024-11-27 11:00:54,198 INFO o.a.j.p.h.s.HTTPSamplerBase: Parser for text/vnd.wap.wml is org.apache.jmeter.protocol.http.parser.RegexpHTMLParser
2024-11-27 11:00:54,198 INFO o.a.j.p.h.s.HTTPSamplerBase: Parser for text/css is org.apache.jmeter.protocol.http.parser.CssParser
2024-11-27 11:00:54,337 INFO o.a.j.JMeter: Creating summariser <summary>
2024-11-27 11:00:54,379 INFO o.a.j.e.StandardJMeterEngine: Running the test!
2024-11-27 11:00:54,379 INFO o.a.j.s.SampleEvent: List of sample_variables: []
2024-11-27 11:00:54,380 INFO o.a.j.s.SampleEvent: List of sample_variables: []
2024-11-27 11:00:54,385 INFO o.a.j.e.u.CompoundVariable: Note: Function class names must contain the string: '.functions.'
2024-11-27 11:00:54,385 INFO o.a.j.e.u.CompoundVariable: Note: Function class names must not contain the string: '.gui.'
2024-11-27 11:00:54,641 INFO o.a.j.JMeter: Running test (1732701654641)
2024-11-27 11:00:54,713 INFO o.a.j.e.StandardJMeterEngine: Starting ThreadGroup: 1 : Thread Group
2024-11-27 11:00:54,713 INFO o.a.j.e.StandardJMeterEngine: Starting 1000 threads for group Thread Group.
2024-11-27 11:00:54,713 INFO o.a.j.e.StandardJMeterEngine: Thread will continue on error
2024-11-27 11:00:54,713 INFO o.a.j.t.ThreadGroup: Starting thread group... number=1 threads=1000 ramp-up=5 delayedStart=false
2024-11-27 11:00:54,731 INFO o.a.j.t.JMeterThread: Thread started: Thread Group 1-1
2024-11-27 11:00:54,735 INFO o.a.j.t.JMeterThread: Thread started: Thread Group 1-2
2024-11-27 11:00:54,739 INFO o.a.j.t.JMeterThread: Thread started: Thread Group 1-3
2024-11-27 11:00:54,745 INFO o.a.j.t.JMeterThread: Thread started: Thread Group 1-4
2024-11-27 11:00:54,751 INFO o.a.j.t.JMeterThread: Thread started: Thread Group 1-5
2024-11-27 11:00:54,757 INFO o.a.j.t.JMeterThread: Thread started: Thread Group 1-6
2024-11-27 11:00:54,760 INFO o.a.j.t.JMeterThread: Thread started: Thread Group 1-7
2024-11-27 11:00:54,763 INFO o.a.j.t.JMeterThread: Thread started: Thread Group 1-8
2024-11-27 11:00:54,764 INFO o.a.j.t.JMeterThread: Thread started: Thread Group 1-9
2024-11-27 11:00:54,765 INFO o.a.j.t.JMeterThread: Thread started: Thread Group 1-10
2024-11-27 11:00:54,766 INFO o.a.j.t.JMeterThread: Thread started: Thread Group 1-11
2024-11-27 11:00:54,770 INFO o.a.j.t.JMeterThread: Thread started: Thread Group 1-12
2024-11-27 11:00:54,775 INFO o.a.j.t.JMeterThread: Thread started: Thread Group 1-13
2024-11-27 11:00:54,779 INFO o.a.j.t.JMeterThread: Thread started: Thread Group 1-14
2024-11-27 11:00:54,780 INFO o.a.j.p.h.s.HTTPHCAbstractImpl: Local host = Maybook-Pro.local
2024-11-27 11:00:54,784 INFO o.a.j.t.JMeterThread: Thread started: Thread Group 1-15
2024-11-27 11:00:54,790 INFO o.a.j.t.JMeterThread: Thread started: Thread Group 1-16
2024-11-27 11:00:54,796 INFO o.a.j.t.JMeterThread: Thread started: Thread Group 1-17
2024-11-27 11:00:54,799 INFO o.a.j.t.JMeterThread: Thread started: Thread Group 1-18
2024-11-27 11:00:54,804 INFO o.a.j.t.JMeterThread: Thread started: Thread Group 1-19
2024-11-27 11:00:54,809 INFO o.a.j.t.JMeterThread: Thread started: Thread Group 1-20
2024-11-27 11:00:54,816 INFO o.a.j.t.JMeterThread: Thread started: Thread Group 1-21
2024-11-27 11:00:54,820 INFO o.a.j.t.JMeterThread: Thread started: Thread Group 1-22
2024-11-27 11:00:54,824 INFO o.a.j.p.h.s.HTTPHC4Impl: HTTP request retry count = 0
2024-11-27 11:00:54,828 INFO o.a.j.s.SampleResult: Note: Sample TimeStamps are START times
2024-11-27 11:00:54,828 INFO o.a.j.s.SampleResult: sampleresult.default.encoding is set to UTF-8
2024-11-27 11:00:54,828 INFO o.a.j.t.JMeterThread: Thread started: Thread Group 1-23
2024-11-27 11:00:54,828 INFO o.a.j.s.SampleResult: sampleresult.useNanoTime=true
2024-11-27 11:00:54,828 INFO o.a.j.s.SampleResult: sampleresult.nanoThreadSleep=5000
2024-11-27 11:00:54,829 INFO o.a.j.t.JMeterThread: Thread started: Thread Group 1-24
2024-11-27 11:00:54,834 INFO o.a.j.t.JMeterThread: Thread started: Thread Group 1-25
2024-11-27 11:00:54,843 INFO o.a.j.t.JMeterThread: Thread started: Thread Group 1-26
2024-11-27 11:00:54,846 INFO o.a.j.t.JMeterThread: Thread started: Thread Group 1-27
2024-11-27 11:00:54,855 INFO o.a.j.t.JMeterThread: Thread started: Thread Group 1-28
2024-11-27 11:00:54,857 INFO o.a.j.t.JMeterThread: Thread started: Thread Group 1-29
2024-11-27 11:00:54,859 INFO o.a.j.t.JMeterThread: Thread started: Thread Group 1-30
2024-11-27 11:00:54,865 INFO o.a.j.t.JMeterThread: Thread started: Thread Group 1-31
2024-11-27 11:00:54,869 INFO o.a.j.t.JMeterThread: Thread started: Thread Group 1-32
2024-11-27 11:00:54,878 INFO o.a.j.t.JMeterThread: Thread started: Thread Group 1-33
2024-11-27 11:00:54,880 INFO o.a.j.t.JMeterThread: Thread started: Thread Group 1-34
2024-11-27 11:00:54,884 INFO o.a.j.t.JMeterThread: Thread started: Thread Group 1-35
2024-11-27 11:00:54,889 INFO o.a.j.t.JMeterThread: Thread started: Thread Group 1-36
2024-11-27 11:00:54,897 INFO o.a.j.t.JMeterThread: Thread started: Thread Group 1-37
2024-11-27 11:00:54,907 INFO o.a.j.t.JMeterThread: Thread started: Thread Group 1-39
2024-11-27 11:00:54,907 INFO o.a.j.t.JMeterThread: Thread started: Thread Group 1-38
2024-11-27 11:00:54,912 INFO o.a.j.t.JMeterThread: Thread started: Thread Group 1-40
2024-11-27 11:00:54,916 INFO o.a.j.t.JMeterThread: Thread started: Thread Group 1-41
2024-11-27 11:00:54,920 INFO o.a.j.t.JMeterThread: Thread started: Thread Group 1-42
2024-11-27 11:00:54,928 INFO o.a.j.t.JMeterThread: Thread started: Thread Group 1-43
2024-11-27 11:00:54,929 INFO o.a.j.t.JMeterThread: Thread started: Thread Group 1-44
2024-11-27 11:00:54,934 INFO o.a.j.t.JMeterThread: Thread started: Thread Group 1-45
2024-11-27 11:00:54,943 INFO o.a.j.t.JMeterThread: Thread started: Thread Group 1-46
2024-11-27 11:00:54,944 INFO o.a.j.t.JMeterThread: Thread started: Thread Group 1-47
2024-11-27 11:00:54,949 INFO o.a.j.t.JMeterThread: Thread started: Thread Group 1-48
2024-11-27 11:00:54,954 INFO o.a.j.t.JMeterThread: Thread started: Thread Group 1-49
2024-11-27 11:00:54,963 INFO o.a.j.t.JMeterThread: Thread started: Thread Group 1-50
2024-11-27 11:00:54,967 INFO o.a.j.t.JMeterThread: Thread started: Thread Group 1-51
2024-11-27 11:00:54,972 INFO o.a.j.t.JMeterThread: Thread started: Thread Group 1-52
2024-11-27 11:00:54,978 INFO o.a.j.t.JMeterThread: Thread started: Thread Group 1-53
2024-11-27 11:00:54,979 INFO o.a.j.t.JMeterThread: Thread started: Thread Group 1-54
2024-11-27 11:00:54,987 INFO o.a.j.t.JMeterThread: Thread started: Thread Group 1-55
2024-11-27 11:00:54,994 INFO o.a.j.t.JMeterThread: Thread started: Thread Group 1-56
2024-11-27 11:00:54,994 INFO o.a.j.t.JMeterThread: Thread started: Thread Group 1-57
2024-11-27 11:00:54,999 INFO o.a.j.t.JMeterThread: Thread started: Thread Group 1-58
2024-11-27 11:00:55,005 INFO o.a.j.t.JMeterThread: Thread started: Thread Group 1-59
2024-11-27 11:00:55,011 INFO o.a.j.t.JMeterThread: Thread started: Thread Group 1-60
2024-11-27 11:00:55,015 INFO o.a.j.t.JMeterThread: Thread started: Thread Group 1-61
2024-11-27 11:00:55,021 INFO o.a.j.t.JMeterThread: Thread started: Thread Group 1-62
2024-11-27 11:00:55,028 INFO o.a.j.t.JMeterThread: Thread started: Thread Group 1-63
2024-11-27 11:00:55,031 INFO o.a.j.t.JMeterThread: Thread started: Thread Group 1-64
2024-11-27 11:00:55,034 INFO o.a.j.t.JMeterThread: Thread started: Thread Group 1-65
2024-11-27 11:00:55,077 INFO o.a.j.t.JMeterThread: Thread started: Thread Group 1-70
2024-11-27 11:00:55,076 INFO o.a.j.t.JMeterThread: Thread started: Thread Group 1-68
2024-11-27 11:00:55,077 INFO o.a.j.t.JMeterThread: Thread started: Thread Group 1-69
2024-11-27 11:00:55,077 INFO o.a.j.t.JMeterThread: Thread started: Thread Group 1-72
2024-11-27 11:00:55,077 INFO o.a.j.t.JMeterThread: Thread started: Thread Group 1-71
2024-11-27 11:00:55,079 INFO o.a.j.t.JMeterThread: Thread started: Thread Group 1-66
2024-11-27 11:00:55,080 INFO o.a.j.t.JMeterThread: Thread started: Thread Group 1-73
2024-11-27 11:00:55,082 INFO o.a.j.t.JMeterThread: Thread started: Thread Group 1-67
2024-11-27 11:00:55,082 INFO o.a.j.t.JMeterThread: Thread started: Thread Group 1-74
2024-11-27 11:00:55,085 INFO o.a.j.t.JMeterThread: Thread started: Thread Group 1-75
2024-11-27 11:00:55,093 INFO o.a.j.t.JMeterThread: Thread started: Thread Group 1-76
2024-11-27 11:00:55,095 INFO o.a.j.t.JMeterThread: Thread started: Thread Group 1-77
2024-11-27 11:00:55,100 INFO o.a.j.t.JMeterThread: Thread started: Thread Group 1-78
2024-11-27 11:00:55,104 INFO o.a.j.t.JMeterThread: Thread started: Thread Group 1-79
2024-11-27 11:00:55,113 INFO o.a.j.t.JMeterThread: Thread started: Thread Group 1-80
2024-11-27 11:00:55,117 INFO o.a.j.t.JMeterThread: Thread started: Thread Group 1-81
2024-11-27 11:00:55,121 INFO o.a.j.t.JMeterThread: Thread started: Thread Group 1-82
2024-11-27 11:00:55,128 INFO o.a.j.t.JMeterThread: Thread started: Thread Group 1-83
2024-11-27 11:00:55,130 INFO o.a.j.t.JMeterThread: Thread started: Thread Group 1-84
2024-11-27 11:00:55,137 INFO o.a.j.t.JMeterThread: Thread started: Thread Group 1-85
2024-11-27 11:00:55,160 INFO o.a.j.t.JMeterThread: Thread started: Thread Group 1-90
2024-11-27 11:00:55,154 INFO o.a.j.t.JMeterThread: Thread started: Thread Group 1-89
2024-11-27 11:00:55,149 INFO o.a.j.t.JMeterThread: Thread started: Thread Group 1-88
2024-11-27 11:00:55,145 INFO o.a.j.t.JMeterThread: Thread started: Thread Group 1-87
2024-11-27 11:00:55,143 INFO o.a.j.t.JMeterThread: Thread started: Thread Group 1-86
2024-11-27 11:00:55,194 INFO o.a.j.t.JMeterThread: Thread started: Thread Group 1-96
2024-11-27 11:00:55,184 INFO o.a.j.t.JMeterThread: Thread started: Thread Group 1-95
2024-11-27 11:00:55,179 INFO o.a.j.t.JMeterThread: Thread started: Thread Group 1-94
2024-11-27 11:00:55,178 INFO o.a.j.t.JMeterThread: Thread started: Thread Group 1-93
2024-11-27 11:00:55,173 INFO o.a.j.t.JMeterThread: Thread started: Thread Group 1-92
2024-11-27 11:00:55,164 INFO o.a.j.t.JMeterThread: Thread started: Thread Group 1-91
2024-11-27 11:00:55,199 INFO o.a.j.t.JMeterThread: Thread started: Thread Group 1-97
2024-11-27 11:00:55,200 INFO o.a.j.t.JMeterThread: Thread started: Thread Group 1-98
2024-11-27 11:00:55,204 INFO o.a.j.t.JMeterThread: Thread started: Thread Group 1-99
2024-11-27 11:00:55,210 INFO o.a.j.t.JMeterThread: Thread started: Thread Group 1-100
2024-11-27 11:00:55,214 INFO o.a.j.t.JMeterThread: Thread started: Thread Group 1-101
2024-11-27 11:00:55,219 INFO o.a.j.t.JMeterThread: Thread started: Thread Group 1-102
2024-11-27 11:00:55,228 INFO o.a.j.t.JMeterThread: Thread started: Thread Group 1-103
2024-11-27 11:00:55,229 INFO o.a.j.t.JMeterThread: Thread started: Thread Group 1-104
2024-11-27 11:00:55,237 INFO o.a.j.t.JMeterThread: Thread started: Thread Group 1-105
2024-11-27 11:00:55,243 INFO o.a.j.t.JMeterThread: Thread started: Thread Group 1-106
2024-11-27 11:00:55,247 INFO o.a.j.t.JMeterThread: Thread started: Thread Group 1-107
2024-11-27 11:00:55,254 INFO o.a.j.t.JMeterThread: Thread started: Thread Group 1-108
2024-11-27 11:00:55,259 INFO o.a.j.t.JMeterThread: Thread started: Thread Group 1-109
2024-11-27 11:00:55,263 INFO o.a.j.t.JMeterThread: Thread started: Thread Group 1-110
2024-11-27 11:00:55,268 INFO o.a.j.t.JMeterThread: Thread started: Thread Group 1-111
2024-11-27 11:00:55,275 INFO o.a.j.t.JMeterThread: Thread started: Thread Group 1-112
2024-11-27 11:00:55,278 INFO o.a.j.t.JMeterThread: Thread started: Thread Group 1-113
2024-11-27 11:00:55,281 INFO o.a.j.t.JMeterThread: Thread started: Thread Group 1-114
2024-11-27 11:00:55,284 INFO o.a.j.t.JMeterThread: Thread started: Thread Group 1-115
2024-11-27 11:00:55,293 INFO o.a.j.t.JMeterThread: Thread started: Thread Group 1-116
2024-11-27 11:00:55,294 INFO o.a.j.t.JMeterThread: Thread started: Thread Group 1-117
2024-11-27 11:00:55,312 INFO o.a.j.t.JMeterThread: Thread started: Thread Group 1-118
2024-11-27 11:00:55,312 INFO o.a.j.t.JMeterThread: Thread started: Thread Group 1-119
2024-11-27 11:00:55,312 INFO o.a.j.t.JMeterThread: Thread started: Thread Group 1-120
2024-11-27 11:00:55,316 INFO o.a.j.t.JMeterThread: Thread started: Thread Group 1-121
2024-11-27 11:00:55,322 INFO o.a.j.t.JMeterThread: Thread started: Thread Group 1-122
2024-11-27 11:00:55,328 INFO o.a.j.t.JMeterThread: Thread started: Thread Group 1-123
2024-11-27 11:00:55,330 INFO o.a.j.t.JMeterThread: Thread started: Thread Group 1-124
2024-11-27 11:00:55,336 INFO o.a.j.t.JMeterThread: Thread started: Thread Group 1-125
2024-11-27 11:00:55,343 INFO o.a.j.t.JMeterThread: Thread started: Thread Group 1-126
2024-11-27 11:00:55,349 INFO o.a.j.t.JMeterThread: Thread started: Thread Group 1-127
2024-11-27 11:00:55,349 INFO o.a.j.t.JMeterThread: Thread started: Thread Group 1-128
2024-11-27 11:00:55,354 INFO o.a.j.t.JMeterThread: Thread started: Thread Group 1-129
2024-11-27 11:00:55,358 INFO o.a.j.t.JMeterThread: Thread started: Thread Group 1-130
2024-11-27 11:00:55,365 INFO o.a.j.t.JMeterThread: Thread started: Thread Group 1-131
2024-11-27 11:00:55,373 INFO o.a.j.t.JMeterThread: Thread started: Thread Group 1-132
2024-11-27 11:00:55,378 INFO o.a.j.t.JMeterThread: Thread started: Thread Group 1-133
2024-11-27 11:00:55,379 INFO o.a.j.t.JMeterThread: Thread started: Thread Group 1-134
2024-11-27 11:00:55,385 INFO o.a.j.t.JMeterThread: Thread started: Thread Group 1-135
2024-11-27 11:00:55,393 INFO o.a.j.t.JMeterThread: Thread started: Thread Group 1-136
2024-11-27 11:00:55,395 INFO o.a.j.t.JMeterThread: Thread started: Thread Group 1-137
2024-11-27 11:00:55,401 INFO o.a.j.t.JMeterThread: Thread started: Thread Group 1-138
2024-11-27 11:00:55,404 INFO o.a.j.t.JMeterThread: Thread started: Thread Group 1-139
2024-11-27 11:00:55,412 INFO o.a.j.t.JMeterThread: Thread started: Thread Group 1-140
2024-11-27 11:00:55,414 INFO o.a.j.t.JMeterThread: Thread started: Thread Group 1-141
2024-11-27 11:00:55,423 INFO o.a.j.t.JMeterThread: Thread started: Thread Group 1-142
2024-11-27 11:00:55,429 INFO o.a.j.t.JMeterThread: Thread started: Thread Group 1-143
2024-11-27 11:00:55,429 INFO o.a.j.t.JMeterThread: Thread started: Thread Group 1-144
2024-11-27 11:00:55,437 INFO o.a.j.t.JMeterThread: Thread started: Thread Group 1-145
2024-11-27 11:00:55,443 INFO o.a.j.t.JMeterThread: Thread started: Thread Group 1-146
2024-11-27 11:00:55,447 INFO o.a.j.t.JMeterThread: Thread started: Thread Group 1-147
2024-11-27 11:00:55,449 INFO o.a.j.t.JMeterThread: Thread started: Thread Group 1-148
2024-11-27 11:00:55,455 INFO o.a.j.t.JMeterThread: Thread started: Thread Group 1-149
2024-11-27 11:00:55,459 INFO o.a.j.t.JMeterThread: Thread started: Thread Group 1-150
2024-11-27 11:00:55,464 INFO o.a.j.t.JMeterThread: Thread started: Thread Group 1-151
2024-11-27 11:00:55,469 INFO o.a.j.t.JMeterThread: Thread started: Thread Group 1-152
2024-11-27 11:00:55,478 INFO o.a.j.t.JMeterThread: Thread started: Thread Group 1-153
2024-11-27 11:00:55,480 INFO o.a.j.t.JMeterThread: Thread started: Thread Group 1-154
2024-11-27 11:00:55,484 INFO o.a.j.t.JMeterThread: Thread started: Thread Group 1-155
2024-11-27 11:00:55,493 INFO o.a.j.t.JMeterThread: Thread started: Thread Group 1-156
2024-11-27 11:00:55,494 INFO o.a.j.t.JMeterThread: Thread started: Thread Group 1-157
2024-11-27 11:00:55,503 INFO o.a.j.t.JMeterThread: Thread started: Thread Group 1-158
2024-11-27 11:00:55,505 INFO o.a.j.t.JMeterThread: Thread started: Thread Group 1-159
2024-11-27 11:00:55,512 INFO o.a.j.t.JMeterThread: Thread started: Thread Group 1-160
2024-11-27 11:00:55,516 INFO o.a.j.t.JMeterThread: Thread started: Thread Group 1-161
2024-11-27 11:00:55,523 INFO o.a.j.t.JMeterThread: Thread started: Thread Group 1-162
2024-11-27 11:00:55,528 INFO o.a.j.t.JMeterThread: Thread started: Thread Group 1-163
2024-11-27 11:00:55,529 INFO o.a.j.t.JMeterThread: Thread started: Thread Group 1-164
2024-11-27 11:00:55,534 INFO o.a.j.t.JMeterThread: Thread started: Thread Group 1-165
2024-11-27 11:00:55,543 INFO o.a.j.t.JMeterThread: Thread started: Thread Group 1-166
2024-11-27 11:00:55,546 INFO o.a.j.t.JMeterThread: Thread started: Thread Group 1-167
2024-11-27 11:00:55,549 INFO o.a.j.t.JMeterThread: Thread started: Thread Group 1-168
2024-11-27 11:00:55,581 INFO o.a.j.t.JMeterThread: Thread started: Thread Group 1-169
2024-11-27 11:00:55,581 INFO o.a.j.t.JMeterThread: Thread started: Thread Group 1-170
2024-11-27 11:00:55,582 INFO o.a.j.t.JMeterThread: Thread started: Thread Group 1-171
2024-11-27 11:00:55,582 INFO o.a.j.t.JMeterThread: Thread started: Thread Group 1-172
2024-11-27 11:00:55,584 INFO o.a.j.t.JMeterThread: Thread started: Thread Group 1-174
2024-11-27 11:00:55,584 INFO o.a.j.t.JMeterThread: Thread started: Thread Group 1-173
2024-11-27 11:00:55,585 INFO o.a.j.t.JMeterThread: Thread started: Thread Group 1-175
2024-11-27 11:00:55,593 INFO o.a.j.t.JMeterThread: Thread started: Thread Group 1-176
2024-11-27 11:00:55,594 INFO o.a.j.t.JMeterThread: Thread started: Thread Group 1-177
2024-11-27 11:00:55,599 INFO o.a.j.t.JMeterThread: Thread started: Thread Group 1-178
2024-11-27 11:00:55,607 INFO o.a.j.t.JMeterThread: Thread started: Thread Group 1-179
2024-11-27 11:00:55,617 INFO o.a.j.t.JMeterThread: Thread started: Thread Group 1-180
2024-11-27 11:00:55,617 INFO o.a.j.t.JMeterThread: Thread started: Thread Group 1-181
2024-11-27 11:00:55,619 INFO o.a.j.t.JMeterThread: Thread started: Thread Group 1-182
2024-11-27 11:00:55,620 INFO o.a.j.t.ThreadGroup: Started thread group number 1
2024-11-27 11:00:55,620 INFO o.a.j.e.StandardJMeterEngine: All thread groups have been started
2024-11-27 11:00:55,629 INFO o.a.j.t.JMeterThread: Thread started: Thread Group 1-183
2024-11-27 11:00:55,630 INFO o.a.j.t.JMeterThread: Thread started: Thread Group 1-184
2024-11-27 11:00:55,636 INFO o.a.j.t.JMeterThread: Thread started: Thread Group 1-185
2024-11-27 11:00:55,643 INFO o.a.j.t.JMeterThread: Thread started: Thread Group 1-186
2024-11-27 11:00:55,647 INFO o.a.j.t.JMeterThread: Thread started: Thread Group 1-187
2024-11-27 11:00:55,650 INFO o.a.j.t.JMeterThread: Thread started: Thread Group 1-188
2024-11-27 11:00:55,657 INFO o.a.j.t.JMeterThread: Thread started: Thread Group 1-189
2024-11-27 11:00:55,662 INFO o.a.j.t.JMeterThread: Thread started: Thread Group 1-190
2024-11-27 11:00:55,669 INFO o.a.j.t.JMeterThread: Thread started: Thread Group 1-191
2024-11-27 11:00:55,670 INFO o.a.j.t.JMeterThread: Thread started: Thread Group 1-192
2024-11-27 11:00:55,678 INFO o.a.j.t.JMeterThread: Thread started: Thread Group 1-193
2024-11-27 11:00:55,683 INFO o.a.j.t.JMeterThread: Thread started: Thread Group 1-194
2024-11-27 11:00:55,687 INFO o.a.j.t.JMeterThread: Thread started: Thread Group 1-195
2024-11-27 11:00:55,693 INFO o.a.j.t.JMeterThread: Thread started: Thread Group 1-196
2024-11-27 11:00:55,695 INFO o.a.j.t.JMeterThread: Thread started: Thread Group 1-197
2024-11-27 11:00:55,700 INFO o.a.j.t.JMeterThread: Thread started: Thread Group 1-198
2024-11-27 11:00:55,706 INFO o.a.j.t.JMeterThread: Thread started: Thread Group 1-199
2024-11-27 11:00:55,726 INFO o.a.j.t.JMeterThread: Thread started: Thread Group 1-200
2024-11-27 11:00:55,726 INFO o.a.j.t.JMeterThread: Thread started: Thread Group 1-202
2024-11-27 11:00:55,728 INFO o.a.j.t.JMeterThread: Thread started: Thread Group 1-204
2024-11-27 11:00:55,729 INFO o.a.j.t.JMeterThread: Thread started: Thread Group 1-203
2024-11-27 11:00:55,738 INFO o.a.j.t.JMeterThread: Thread started: Thread Group 1-205
2024-11-27 11:00:55,738 INFO o.a.j.t.JMeterThread: Thread started: Thread Group 1-201
2024-11-27 11:00:55,743 INFO o.a.j.t.JMeterThread: Thread started: Thread Group 1-206
2024-11-27 11:00:55,747 INFO o.a.j.t.JMeterThread: Thread started: Thread Group 1-207
2024-11-27 11:00:55,751 INFO o.a.j.t.JMeterThread: Thread started: Thread Group 1-208
2024-11-27 11:00:55,757 INFO o.a.j.t.JMeterThread: Thread started: Thread Group 1-209
2024-11-27 11:00:55,765 INFO o.a.j.t.JMeterThread: Thread started: Thread Group 1-210
2024-11-27 11:00:55,765 INFO o.a.j.t.JMeterThread: Thread started: Thread Group 1-211
2024-11-27 11:00:55,774 INFO o.a.j.t.JMeterThread: Thread started: Thread Group 1-212
2024-11-27 11:00:55,784 INFO o.a.j.t.JMeterThread: Thread started: Thread Group 1-215
2024-11-27 11:00:55,786 INFO o.a.j.t.JMeterThread: Thread started: Thread Group 1-213
2024-11-27 11:00:55,787 INFO o.a.j.t.JMeterThread: Thread started: Thread Group 1-214
2024-11-27 11:00:55,795 INFO o.a.j.t.JMeterThread: Thread started: Thread Group 1-216
2024-11-27 11:00:55,797 INFO o.a.j.t.JMeterThread: Thread started: Thread Group 1-217
2024-11-27 11:00:55,804 INFO o.a.j.t.JMeterThread: Thread started: Thread Group 1-218
2024-11-27 11:00:55,808 INFO o.a.j.t.JMeterThread: Thread started: Thread Group 1-219
2024-11-27 11:00:55,814 INFO o.a.j.t.JMeterThread: Thread started: Thread Group 1-221
2024-11-27 11:00:55,814 INFO o.a.j.t.JMeterThread: Thread started: Thread Group 1-220
2024-11-27 11:00:55,823 INFO o.a.j.t.JMeterThread: Thread started: Thread Group 1-222
2024-11-27 11:00:55,828 INFO o.a.j.t.JMeterThread: Thread started: Thread Group 1-223
2024-11-27 11:00:55,830 INFO o.a.j.t.JMeterThread: Thread started: Thread Group 1-224
2024-11-27 11:00:55,835 INFO o.a.j.t.JMeterThread: Thread started: Thread Group 1-225
2024-11-27 11:00:55,843 INFO o.a.j.t.JMeterThread: Thread started: Thread Group 1-226
2024-11-27 11:00:55,848 INFO o.a.j.t.JMeterThread: Thread started: Thread Group 1-227
2024-11-27 11:00:55,853 INFO o.a.j.t.JMeterThread: Thread started: Thread Group 1-228
2024-11-27 11:00:55,860 INFO o.a.j.t.JMeterThread: Thread started: Thread Group 1-229
2024-11-27 11:00:55,862 INFO o.a.j.t.JMeterThread: Thread started: Thread Group 1-230
2024-11-27 11:00:55,865 INFO o.a.j.t.JMeterThread: Thread started: Thread Group 1-231
2024-11-27 11:00:55,872 INFO o.a.j.t.JMeterThread: Thread started: Thread Group 1-232
2024-11-27 11:00:55,878 INFO o.a.j.t.JMeterThread: Thread started: Thread Group 1-233
2024-11-27 11:00:55,890 INFO o.a.j.t.JMeterThread: Thread started: Thread Group 1-234
2024-11-27 11:00:55,893 INFO o.a.j.t.JMeterThread: Thread started: Thread Group 1-236
2024-11-27 11:00:55,895 INFO o.a.j.t.JMeterThread: Thread started: Thread Group 1-237
2024-11-27 11:00:55,895 INFO o.a.j.t.JMeterThread: Thread started: Thread Group 1-235
2024-11-27 11:00:55,903 INFO o.a.j.t.JMeterThread: Thread started: Thread Group 1-238
2024-11-27 11:00:55,906 INFO o.a.j.t.JMeterThread: Thread started: Thread Group 1-239
2024-11-27 11:00:55,910 INFO o.a.j.t.JMeterThread: Thread started: Thread Group 1-240
2024-11-27 11:00:55,917 INFO o.a.j.t.JMeterThread: Thread started: Thread Group 1-241
2024-11-27 11:00:55,921 INFO o.a.j.t.JMeterThread: Thread started: Thread Group 1-242
2024-11-27 11:00:55,928 INFO o.a.j.t.JMeterThread: Thread started: Thread Group 1-243
2024-11-27 11:00:55,933 INFO o.a.j.t.JMeterThread: Thread started: Thread Group 1-244
2024-11-27 11:00:55,936 INFO o.a.j.t.JMeterThread: Thread started: Thread Group 1-245
2024-11-27 11:00:55,943 INFO o.a.j.t.JMeterThread: Thread started: Thread Group 1-246
2024-11-27 11:00:55,945 INFO o.a.j.t.JMeterThread: Thread started: Thread Group 1-247
2024-11-27 11:00:55,949 INFO o.a.j.t.JMeterThread: Thread started: Thread Group 1-248
2024-11-27 11:00:55,954 INFO o.a.j.t.JMeterThread: Thread started: Thread Group 1-249
2024-11-27 11:00:55,958 INFO o.a.j.t.JMeterThread: Thread started: Thread Group 1-250
2024-11-27 11:00:55,965 INFO o.a.j.t.JMeterThread: Thread started: Thread Group 1-251
2024-11-27 11:00:55,972 INFO o.a.j.t.JMeterThread: Thread started: Thread Group 1-252
2024-11-27 11:00:55,978 INFO o.a.j.t.JMeterThread: Thread started: Thread Group 1-253
2024-11-27 11:00:55,983 INFO o.a.j.t.JMeterThread: Thread started: Thread Group 1-254
2024-11-27 11:00:55,989 INFO o.a.j.t.JMeterThread: Thread started: Thread Group 1-255
2024-11-27 11:00:55,993 INFO o.a.j.t.JMeterThread: Thread started: Thread Group 1-256
2024-11-27 11:00:55,998 INFO o.a.j.t.JMeterThread: Thread started: Thread Group 1-257
2024-11-27 11:00:56,002 INFO o.a.j.t.JMeterThread: Thread started: Thread Group 1-258
2024-11-27 11:00:56,005 INFO o.a.j.t.JMeterThread: Thread started: Thread Group 1-259
2024-11-27 11:00:56,009 INFO o.a.j.t.JMeterThread: Thread started: Thread Group 1-260
2024-11-27 11:00:56,020 INFO o.a.j.t.JMeterThread: Thread started: Thread Group 1-261
2024-11-27 11:00:56,023 INFO o.a.j.t.JMeterThread: Thread started: Thread Group 1-262
2024-11-27 11:00:56,030 INFO o.a.j.t.JMeterThread: Thread started: Thread Group 1-263
2024-11-27 11:00:56,031 INFO o.a.j.t.JMeterThread: Thread started: Thread Group 1-264
2024-11-27 11:00:56,036 INFO o.a.j.t.JMeterThread: Thread started: Thread Group 1-265
2024-11-27 11:00:56,044 INFO o.a.j.t.JMeterThread: Thread started: Thread Group 1-266
2024-11-27 11:00:56,048 INFO o.a.j.t.JMeterThread: Thread started: Thread Group 1-267
2024-11-27 11:00:56,049 INFO o.a.j.t.JMeterThread: Thread started: Thread Group 1-268
2024-11-27 11:00:56,055 INFO o.a.j.t.JMeterThread: Thread started: Thread Group 1-269
2024-11-27 11:00:56,059 INFO o.a.j.t.JMeterThread: Thread started: Thread Group 1-270
2024-11-27 11:00:56,067 INFO o.a.j.t.JMeterThread: Thread started: Thread Group 1-271
2024-11-27 11:00:56,073 INFO o.a.j.t.JMeterThread: Thread started: Thread Group 1-272
2024-11-27 11:00:56,078 INFO o.a.j.t.JMeterThread: Thread started: Thread Group 1-273
2024-11-27 11:00:56,082 INFO o.a.j.t.JMeterThread: Thread started: Thread Group 1-274
2024-11-27 11:00:56,085 INFO o.a.j.t.JMeterThread: Thread started: Thread Group 1-275
2024-11-27 11:00:56,093 INFO o.a.j.t.JMeterThread: Thread started: Thread Group 1-276
2024-11-27 11:00:56,097 INFO o.a.j.t.JMeterThread: Thread started: Thread Group 1-277
2024-11-27 11:00:56,101 INFO o.a.j.t.JMeterThread: Thread started: Thread Group 1-278
2024-11-27 11:00:56,105 INFO o.a.j.t.JMeterThread: Thread started: Thread Group 1-279
2024-11-27 11:00:56,109 INFO o.a.j.t.JMeterThread: Thread started: Thread Group 1-280
2024-11-27 11:00:56,118 INFO o.a.j.t.JMeterThread: Thread started: Thread Group 1-281
2024-11-27 11:00:56,119 INFO o.a.j.t.JMeterThread: Thread started: Thread Group 1-282
2024-11-27 11:00:56,123 INFO o.a.j.t.JMeterThread: Thread started: Thread Group 1-283
2024-11-27 11:00:56,129 INFO o.a.j.t.JMeterThread: Thread started: Thread Group 1-284
2024-11-27 11:00:56,134 INFO o.a.j.t.JMeterThread: Thread started: Thread Group 1-285
2024-11-27 11:00:56,143 INFO o.a.j.t.JMeterThread: Thread started: Thread Group 1-286
2024-11-27 11:00:56,147 INFO o.a.j.t.JMeterThread: Thread started: Thread Group 1-287
2024-11-27 11:00:56,151 INFO o.a.j.t.JMeterThread: Thread started: Thread Group 1-288
2024-11-27 11:00:56,153 INFO o.a.j.t.JMeterThread: Thread started: Thread Group 1-289
2024-11-27 11:00:56,164 INFO o.a.j.t.JMeterThread: Thread started: Thread Group 1-290
2024-11-27 11:00:56,164 INFO o.a.j.t.JMeterThread: Thread started: Thread Group 1-291
2024-11-27 11:00:56,168 INFO o.a.j.t.JMeterThread: Thread started: Thread Group 1-292
2024-11-27 11:00:56,178 INFO o.a.j.t.JMeterThread: Thread started: Thread Group 1-293
2024-11-27 11:00:56,180 INFO o.a.j.t.JMeterThread: Thread started: Thread Group 1-294
2024-11-27 11:00:56,187 INFO o.a.j.t.JMeterThread: Thread started: Thread Group 1-295
2024-11-27 11:00:56,193 INFO o.a.j.t.JMeterThread: Thread started: Thread Group 1-296
2024-11-27 11:00:56,194 INFO o.a.j.t.JMeterThread: Thread started: Thread Group 1-297
2024-11-27 11:00:56,203 INFO o.a.j.t.JMeterThread: Thread started: Thread Group 1-298
2024-11-27 11:00:56,209 INFO o.a.j.t.JMeterThread: Thread started: Thread Group 1-299
2024-11-27 11:00:56,214 INFO o.a.j.t.JMeterThread: Thread started: Thread Group 1-300
2024-11-27 11:00:56,217 INFO o.a.j.t.JMeterThread: Thread started: Thread Group 1-301
2024-11-27 11:00:56,221 INFO o.a.j.t.JMeterThread: Thread started: Thread Group 1-302
2024-11-27 11:00:56,228 INFO o.a.j.t.JMeterThread: Thread started: Thread Group 1-303
2024-11-27 11:00:56,230 INFO o.a.j.t.JMeterThread: Thread started: Thread Group 1-304
2024-11-27 11:00:56,238 INFO o.a.j.t.JMeterThread: Thread started: Thread Group 1-305
2024-11-27 11:00:56,253 INFO o.a.j.t.JMeterThread: Thread started: Thread Group 1-306
2024-11-27 11:00:56,253 INFO o.a.j.t.JMeterThread: Thread started: Thread Group 1-308
2024-11-27 11:00:56,253 INFO o.a.j.t.JMeterThread: Thread started: Thread Group 1-307
2024-11-27 11:00:56,255 INFO o.a.j.t.JMeterThread: Thread started: Thread Group 1-309
2024-11-27 11:00:56,260 INFO o.a.j.t.JMeterThread: Thread started: Thread Group 1-310
2024-11-27 11:00:56,266 INFO o.a.j.t.JMeterThread: Thread started: Thread Group 1-311
2024-11-27 11:00:56,270 INFO o.a.j.t.JMeterThread: Thread started: Thread Group 1-312
2024-11-27 11:00:56,278 INFO o.a.j.t.JMeterThread: Thread started: Thread Group 1-313
2024-11-27 11:00:56,282 INFO o.a.j.t.JMeterThread: Thread started: Thread Group 1-314
2024-11-27 11:00:56,283 INFO o.a.j.t.JMeterThread: Thread started: Thread Group 1-315
2024-11-27 11:00:56,294 INFO o.a.j.t.JMeterThread: Thread started: Thread Group 1-316
2024-11-27 11:00:56,295 INFO o.a.j.t.JMeterThread: Thread started: Thread Group 1-317
2024-11-27 11:00:56,302 INFO o.a.j.t.JMeterThread: Thread started: Thread Group 1-318
2024-11-27 11:00:56,304 INFO o.a.j.t.JMeterThread: Thread started: Thread Group 1-319
2024-11-27 11:00:56,310 INFO o.a.j.t.JMeterThread: Thread started: Thread Group 1-320
2024-11-27 11:00:56,317 INFO o.a.j.t.JMeterThread: Thread started: Thread Group 1-321
2024-11-27 11:00:56,318 INFO o.a.j.t.JMeterThread: Thread started: Thread Group 1-322
2024-11-27 11:00:56,328 INFO o.a.j.t.JMeterThread: Thread started: Thread Group 1-323
2024-11-27 11:00:56,331 INFO o.a.j.t.JMeterThread: Thread started: Thread Group 1-324
2024-11-27 11:00:56,333 INFO o.a.j.t.JMeterThread: Thread started: Thread Group 1-325
2024-11-27 11:00:56,343 INFO o.a.j.t.JMeterThread: Thread started: Thread Group 1-326
2024-11-27 11:00:56,343 INFO o.a.j.t.JMeterThread: Thread started: Thread Group 1-327
2024-11-27 11:00:56,348 INFO o.a.j.t.JMeterThread: Thread started: Thread Group 1-328
2024-11-27 11:00:56,356 INFO o.a.j.t.JMeterThread: Thread started: Thread Group 1-329
2024-11-27 11:00:56,361 INFO o.a.j.t.JMeterThread: Thread started: Thread Group 1-330
2024-11-27 11:00:56,365 INFO o.a.j.t.JMeterThread: Thread started: Thread Group 1-331
2024-11-27 11:00:56,369 INFO o.a.j.t.JMeterThread: Thread started: Thread Group 1-332
2024-11-27 11:00:56,379 INFO o.a.j.t.JMeterThread: Thread started: Thread Group 1-333
2024-11-27 11:00:56,383 INFO o.a.j.t.JMeterThread: Thread started: Thread Group 1-334
2024-11-27 11:00:56,386 INFO o.a.j.t.JMeterThread: Thread started: Thread Group 1-335
2024-11-27 11:00:56,393 INFO o.a.j.t.JMeterThread: Thread started: Thread Group 1-336
2024-11-27 11:00:56,395 INFO o.a.j.t.JMeterThread: Thread started: Thread Group 1-337
2024-11-27 11:00:56,403 INFO o.a.j.t.JMeterThread: Thread started: Thread Group 1-338
2024-11-27 11:00:56,404 INFO o.a.j.t.JMeterThread: Thread started: Thread Group 1-339
2024-11-27 11:00:56,410 INFO o.a.j.t.JMeterThread: Thread started: Thread Group 1-340
2024-11-27 11:00:56,417 INFO o.a.j.t.JMeterThread: Thread started: Thread Group 1-341
2024-11-27 11:00:56,424 INFO o.a.j.t.JMeterThread: Thread started: Thread Group 1-342
2024-11-27 11:00:56,428 INFO o.a.j.t.JMeterThread: Thread started: Thread Group 1-343
2024-11-27 11:00:56,429 INFO o.a.j.t.JMeterThread: Thread started: Thread Group 1-344
2024-11-27 11:00:56,439 INFO o.a.j.t.JMeterThread: Thread started: Thread Group 1-345
2024-11-27 11:00:56,443 INFO o.a.j.t.JMeterThread: Thread started: Thread Group 1-346
2024-11-27 11:00:56,446 INFO o.a.j.t.JMeterThread: Thread started: Thread Group 1-347
2024-11-27 11:00:56,449 INFO o.a.j.t.JMeterThread: Thread started: Thread Group 1-348
2024-11-27 11:00:56,454 INFO o.a.j.t.JMeterThread: Thread started: Thread Group 1-349
2024-11-27 11:00:56,463 INFO o.a.j.t.JMeterThread: Thread started: Thread Group 1-350
2024-11-27 11:00:56,468 INFO o.a.j.t.JMeterThread: Thread started: Thread Group 1-351
2024-11-27 11:00:56,471 INFO o.a.j.t.JMeterThread: Thread started: Thread Group 1-352
2024-11-27 11:00:56,478 INFO o.a.j.t.JMeterThread: Thread started: Thread Group 1-353
2024-11-27 11:00:56,480 INFO o.a.j.t.JMeterThread: Thread started: Thread Group 1-354
2024-11-27 11:00:56,484 INFO o.a.j.t.JMeterThread: Thread started: Thread Group 1-355
2024-11-27 11:00:56,493 INFO o.a.j.t.JMeterThread: Thread started: Thread Group 1-356
2024-11-27 11:00:56,498 INFO o.a.j.t.JMeterThread: Thread started: Thread Group 1-357
2024-11-27 11:00:56,498 INFO o.a.j.t.JMeterThread: Thread started: Thread Group 1-358
2024-11-27 11:00:56,507 INFO o.a.j.t.JMeterThread: Thread started: Thread Group 1-359
2024-11-27 11:00:56,512 INFO o.a.j.t.JMeterThread: Thread started: Thread Group 1-360
2024-11-27 11:00:56,518 INFO o.a.j.t.JMeterThread: Thread started: Thread Group 1-361
2024-11-27 11:00:56,522 INFO o.a.j.t.JMeterThread: Thread started: Thread Group 1-362
2024-11-27 11:00:56,529 INFO o.a.j.t.JMeterThread: Thread started: Thread Group 1-363
2024-11-27 11:00:56,531 INFO o.a.j.t.JMeterThread: Thread started: Thread Group 1-364
2024-11-27 11:00:56,536 INFO o.a.j.t.JMeterThread: Thread started: Thread Group 1-365
2024-11-27 11:00:56,543 INFO o.a.j.t.JMeterThread: Thread started: Thread Group 1-366
2024-11-27 11:00:56,545 INFO o.a.j.t.JMeterThread: Thread started: Thread Group 1-367
2024-11-27 11:00:56,556 INFO o.a.j.t.JMeterThread: Thread started: Thread Group 1-369
2024-11-27 11:00:56,556 INFO o.a.j.t.JMeterThread: Thread started: Thread Group 1-368
2024-11-27 11:00:56,559 INFO o.a.j.t.JMeterThread: Thread started: Thread Group 1-370
2024-11-27 11:00:56,567 INFO o.a.j.t.JMeterThread: Thread started: Thread Group 1-371
2024-11-27 11:00:56,572 INFO o.a.j.t.JMeterThread: Thread started: Thread Group 1-372
2024-11-27 11:00:56,578 INFO o.a.j.t.JMeterThread: Thread started: Thread Group 1-373
2024-11-27 11:00:56,580 INFO o.a.j.t.JMeterThread: Thread started: Thread Group 1-374
2024-11-27 11:00:56,584 INFO o.a.j.t.JMeterThread: Thread started: Thread Group 1-375
2024-11-27 11:00:56,593 INFO o.a.j.t.JMeterThread: Thread started: Thread Group 1-376
2024-11-27 11:00:56,596 INFO o.a.j.t.JMeterThread: Thread started: Thread Group 1-377
2024-11-27 11:00:56,602 INFO o.a.j.t.JMeterThread: Thread started: Thread Group 1-378
2024-11-27 11:00:56,617 INFO o.a.j.t.JMeterThread: Thread started: Thread Group 1-379
2024-11-27 11:00:56,617 INFO o.a.j.t.JMeterThread: Thread started: Thread Group 1-380
2024-11-27 11:00:56,617 INFO o.a.j.t.JMeterThread: Thread started: Thread Group 1-381
2024-11-27 11:00:56,619 INFO o.a.j.t.JMeterThread: Thread started: Thread Group 1-382
2024-11-27 11:00:56,628 INFO o.a.j.t.JMeterThread: Thread started: Thread Group 1-383
2024-11-27 11:00:56,631 INFO o.a.j.t.JMeterThread: Thread started: Thread Group 1-384
2024-11-27 11:00:56,636 INFO o.a.j.t.JMeterThread: Thread started: Thread Group 1-385
2024-11-27 11:00:56,644 INFO o.a.j.t.JMeterThread: Thread started: Thread Group 1-386
2024-11-27 11:00:56,647 INFO o.a.j.t.JMeterThread: Thread started: Thread Group 1-387
2024-11-27 11:00:56,650 INFO o.a.j.t.JMeterThread: Thread started: Thread Group 1-388
2024-11-27 11:00:56,656 INFO o.a.j.t.JMeterThread: Thread started: Thread Group 1-389
2024-11-27 11:00:56,660 INFO o.a.j.t.JMeterThread: Thread started: Thread Group 1-390
2024-11-27 11:00:56,664 INFO o.a.j.t.JMeterThread: Thread started: Thread Group 1-391
2024-11-27 11:00:56,673 INFO o.a.j.t.JMeterThread: Thread started: Thread Group 1-392
2024-11-27 11:00:56,678 INFO o.a.j.t.JMeterThread: Thread started: Thread Group 1-393
2024-11-27 11:00:56,682 INFO o.a.j.t.JMeterThread: Thread started: Thread Group 1-394
2024-11-27 11:00:56,683 INFO o.a.j.t.JMeterThread: Thread started: Thread Group 1-395
2024-11-27 11:00:56,693 INFO o.a.j.t.JMeterThread: Thread started: Thread Group 1-396
2024-11-27 11:00:56,694 INFO o.a.j.t.JMeterThread: Thread started: Thread Group 1-397
2024-11-27 11:00:56,700 INFO o.a.j.t.JMeterThread: Thread started: Thread Group 1-398
2024-11-27 11:00:56,709 INFO o.a.j.t.JMeterThread: Thread started: Thread Group 1-399
2024-11-27 11:00:56,713 INFO o.a.j.t.JMeterThread: Thread started: Thread Group 1-400
2024-11-27 11:00:56,717 INFO o.a.j.t.JMeterThread: Thread started: Thread Group 1-401
2024-11-27 11:00:56,721 INFO o.a.j.t.JMeterThread: Thread started: Thread Group 1-402
2024-11-27 11:00:56,728 INFO o.a.j.t.JMeterThread: Thread started: Thread Group 1-404
2024-11-27 11:00:56,728 INFO o.a.j.t.JMeterThread: Thread started: Thread Group 1-403
2024-11-27 11:00:56,738 INFO o.a.j.t.JMeterThread: Thread started: Thread Group 1-405
2024-11-27 11:00:56,743 INFO o.a.j.t.JMeterThread: Thread started: Thread Group 1-406
2024-11-27 11:00:56,744 INFO o.a.j.t.JMeterThread: Thread started: Thread Group 1-407
2024-11-27 11:00:56,754 INFO o.a.j.t.JMeterThread: Thread started: Thread Group 1-408
2024-11-27 11:00:56,757 INFO o.a.j.t.JMeterThread: Thread started: Thread Group 1-409
2024-11-27 11:00:56,759 INFO o.a.j.t.JMeterThread: Thread started: Thread Group 1-410
2024-11-27 11:00:56,769 INFO o.a.j.t.JMeterThread: Thread started: Thread Group 1-411
2024-11-27 11:00:56,770 INFO o.a.j.t.JMeterThread: Thread started: Thread Group 1-412
2024-11-27 11:00:56,778 INFO o.a.j.t.JMeterThread: Thread started: Thread Group 1-413
2024-11-27 11:00:56,780 INFO o.a.j.t.JMeterThread: Thread started: Thread Group 1-414
2024-11-27 11:00:56,786 INFO o.a.j.t.JMeterThread: Thread started: Thread Group 1-415
2024-11-27 11:00:56,794 INFO o.a.j.t.JMeterThread: Thread started: Thread Group 1-416
2024-11-27 11:00:56,795 INFO o.a.j.t.JMeterThread: Thread started: Thread Group 1-417
2024-11-27 11:00:56,803 INFO o.a.j.t.JMeterThread: Thread started: Thread Group 1-418
2024-11-27 11:00:56,807 INFO o.a.j.t.JMeterThread: Thread started: Thread Group 1-419
2024-11-27 11:00:56,809 INFO o.a.j.t.JMeterThread: Thread started: Thread Group 1-420
2024-11-27 11:00:56,817 INFO o.a.j.t.JMeterThread: Thread started: Thread Group 1-421
2024-11-27 11:00:56,822 INFO o.a.j.t.JMeterThread: Thread started: Thread Group 1-422
2024-11-27 11:00:56,829 INFO o.a.j.t.JMeterThread: Thread started: Thread Group 1-423
2024-11-27 11:00:56,831 INFO o.a.j.t.JMeterThread: Thread started: Thread Group 1-424
2024-11-27 11:00:56,838 INFO o.a.j.t.JMeterThread: Thread started: Thread Group 1-425
2024-11-27 11:00:56,843 INFO o.a.j.t.JMeterThread: Thread started: Thread Group 1-426
2024-11-27 11:00:56,849 INFO o.a.j.t.JMeterThread: Thread started: Thread Group 1-427
2024-11-27 11:00:56,854 INFO o.a.j.t.JMeterThread: Thread started: Thread Group 1-428
2024-11-27 11:00:56,856 INFO o.a.j.t.JMeterThread: Thread started: Thread Group 1-429
2024-11-27 11:00:56,862 INFO o.a.j.t.JMeterThread: Thread started: Thread Group 1-430
2024-11-27 11:00:56,868 INFO o.a.j.t.JMeterThread: Thread started: Thread Group 1-431
2024-11-27 11:00:56,872 INFO o.a.j.t.JMeterThread: Thread started: Thread Group 1-432
2024-11-27 11:00:56,878 INFO o.a.j.t.JMeterThread: Thread started: Thread Group 1-433
2024-11-27 11:00:56,883 INFO o.a.j.t.JMeterThread: Thread started: Thread Group 1-434
2024-11-27 11:00:56,888 INFO o.a.j.t.JMeterThread: Thread started: Thread Group 1-435
2024-11-27 11:00:56,894 INFO o.a.j.t.JMeterThread: Thread started: Thread Group 1-437
2024-11-27 11:00:56,894 INFO o.a.j.t.JMeterThread: Thread started: Thread Group 1-436
2024-11-27 11:00:56,902 INFO o.a.j.t.JMeterThread: Thread started: Thread Group 1-438
2024-11-27 11:00:56,905 INFO o.a.j.t.JMeterThread: Thread started: Thread Group 1-439
2024-11-27 11:00:56,911 INFO o.a.j.t.JMeterThread: Thread started: Thread Group 1-440
2024-11-27 11:00:56,920 INFO o.a.j.t.JMeterThread: Thread started: Thread Group 1-441
2024-11-27 11:00:56,921 INFO o.a.j.t.JMeterThread: Thread started: Thread Group 1-442
2024-11-27 11:00:56,924 INFO o.a.j.t.JMeterThread: Thread started: Thread Group 1-443
2024-11-27 11:00:56,929 INFO o.a.j.t.JMeterThread: Thread started: Thread Group 1-444
2024-11-27 11:00:56,936 INFO o.a.j.t.JMeterThread: Thread started: Thread Group 1-445
2024-11-27 11:00:56,943 INFO o.a.j.t.JMeterThread: Thread started: Thread Group 1-446
2024-11-27 11:00:56,945 INFO o.a.j.t.JMeterThread: Thread started: Thread Group 1-447
2024-11-27 11:00:56,951 INFO o.a.j.t.JMeterThread: Thread started: Thread Group 1-448
2024-11-27 11:00:56,958 INFO o.a.j.t.JMeterThread: Thread started: Thread Group 1-449
2024-11-27 11:00:56,963 INFO o.a.j.t.JMeterThread: Thread started: Thread Group 1-450
2024-11-27 11:00:56,965 INFO o.a.j.t.JMeterThread: Thread started: Thread Group 1-451
2024-11-27 11:00:56,973 INFO o.a.j.t.JMeterThread: Thread started: Thread Group 1-452
2024-11-27 11:00:56,978 INFO o.a.j.t.JMeterThread: Thread started: Thread Group 1-453
2024-11-27 11:00:56,979 INFO o.a.j.t.JMeterThread: Thread started: Thread Group 1-454
2024-11-27 11:00:56,986 INFO o.a.j.t.JMeterThread: Thread started: Thread Group 1-455
2024-11-27 11:00:56,993 INFO o.a.j.t.JMeterThread: Thread started: Thread Group 1-456
2024-11-27 11:00:56,994 INFO o.a.j.t.JMeterThread: Thread started: Thread Group 1-457
2024-11-27 11:00:57,000 INFO o.a.j.t.JMeterThread: Thread started: Thread Group 1-458
2024-11-27 11:00:57,006 INFO o.a.j.t.JMeterThread: Thread started: Thread Group 1-459
2024-11-27 11:00:57,013 INFO o.a.j.t.JMeterThread: Thread started: Thread Group 1-460
2024-11-27 11:00:57,019 INFO o.a.j.t.JMeterThread: Thread started: Thread Group 1-461
2024-11-27 11:00:57,022 INFO o.a.j.t.JMeterThread: Thread started: Thread Group 1-462
2024-11-27 11:00:57,030 INFO o.a.j.t.JMeterThread: Thread started: Thread Group 1-463
2024-11-27 11:00:57,031 INFO o.a.j.t.JMeterThread: Thread started: Thread Group 1-464
2024-11-27 11:00:57,035 INFO o.a.j.t.JMeterThread: Thread started: Thread Group 1-465
2024-11-27 11:00:57,044 INFO o.a.j.t.JMeterThread: Thread started: Thread Group 1-466
2024-11-27 11:00:57,046 INFO o.a.j.t.JMeterThread: Thread started: Thread Group 1-467
2024-11-27 11:00:57,049 INFO o.a.j.t.JMeterThread: Thread started: Thread Group 1-468
2024-11-27 11:00:57,055 INFO o.a.j.t.JMeterThread: Thread started: Thread Group 1-469
2024-11-27 11:00:57,063 INFO o.a.j.t.JMeterThread: Thread started: Thread Group 1-470
2024-11-27 11:00:57,065 INFO o.a.j.t.JMeterThread: Thread started: Thread Group 1-471
2024-11-27 11:00:57,092 INFO o.a.j.t.JMeterThread: Thread started: Thread Group 1-472
2024-11-27 11:00:57,092 INFO o.a.j.t.JMeterThread: Thread started: Thread Group 1-474
2024-11-27 11:00:57,093 INFO o.a.j.t.JMeterThread: Thread started: Thread Group 1-475
2024-11-27 11:00:57,092 INFO o.a.j.t.JMeterThread: Thread started: Thread Group 1-473
2024-11-27 11:00:57,094 INFO o.a.j.t.JMeterThread: Thread started: Thread Group 1-476
2024-11-27 11:00:57,098 INFO o.a.j.t.JMeterThread: Thread started: Thread Group 1-477
2024-11-27 11:00:57,100 INFO o.a.j.t.JMeterThread: Thread started: Thread Group 1-478
2024-11-27 11:00:57,106 INFO o.a.j.t.JMeterThread: Thread started: Thread Group 1-479
2024-11-27 11:00:57,113 INFO o.a.j.t.JMeterThread: Thread started: Thread Group 1-480
2024-11-27 11:00:57,119 INFO o.a.j.t.JMeterThread: Thread started: Thread Group 1-481
2024-11-27 11:00:57,120 INFO o.a.j.t.JMeterThread: Thread started: Thread Group 1-482
2024-11-27 11:00:57,128 INFO o.a.j.t.JMeterThread: Thread started: Thread Group 1-483
2024-11-27 11:00:57,130 INFO o.a.j.t.JMeterThread: Thread started: Thread Group 1-484
2024-11-27 11:00:57,137 INFO o.a.j.t.JMeterThread: Thread started: Thread Group 1-485
2024-11-27 11:00:57,143 INFO o.a.j.t.JMeterThread: Thread started: Thread Group 1-486
2024-11-27 11:00:57,145 INFO o.a.j.t.JMeterThread: Thread started: Thread Group 1-487
2024-11-27 11:00:57,152 INFO o.a.j.t.JMeterThread: Thread started: Thread Group 1-488
2024-11-27 11:00:57,156 INFO o.a.j.t.JMeterThread: Thread started: Thread Group 1-489
2024-11-27 11:00:57,163 INFO o.a.j.t.JMeterThread: Thread started: Thread Group 1-490
2024-11-27 11:00:57,165 INFO o.a.j.t.JMeterThread: Thread started: Thread Group 1-491
2024-11-27 11:00:57,171 INFO o.a.j.t.JMeterThread: Thread started: Thread Group 1-492
2024-11-27 11:00:57,178 INFO o.a.j.t.JMeterThread: Thread started: Thread Group 1-493
2024-11-27 11:00:57,178 INFO o.a.j.t.JMeterThread: Thread started: Thread Group 1-494
2024-11-27 11:00:57,185 INFO o.a.j.t.JMeterThread: Thread started: Thread Group 1-495
2024-11-27 11:00:57,194 INFO o.a.j.t.JMeterThread: Thread started: Thread Group 1-496
2024-11-27 11:00:57,194 INFO o.a.j.t.JMeterThread: Thread started: Thread Group 1-497
2024-11-27 11:00:57,201 INFO o.a.j.t.JMeterThread: Thread started: Thread Group 1-498
2024-11-27 11:00:57,208 INFO o.a.j.t.JMeterThread: Thread started: Thread Group 1-499
2024-11-27 11:00:57,209 INFO o.a.j.t.JMeterThread: Thread started: Thread Group 1-500
2024-11-27 11:00:57,214 INFO o.a.j.t.JMeterThread: Thread started: Thread Group 1-501
2024-11-27 11:00:57,221 INFO o.a.j.t.JMeterThread: Thread started: Thread Group 1-502
2024-11-27 11:00:57,228 INFO o.a.j.t.JMeterThread: Thread started: Thread Group 1-503
2024-11-27 11:00:57,237 INFO o.a.j.t.JMeterThread: Thread started: Thread Group 1-504
2024-11-27 11:00:57,238 INFO o.a.j.t.JMeterThread: Thread started: Thread Group 1-505
2024-11-27 11:00:57,249 INFO o.a.j.t.JMeterThread: Thread started: Thread Group 1-506
2024-11-27 11:00:57,249 INFO o.a.j.t.JMeterThread: Thread started: Thread Group 1-507
2024-11-27 11:00:57,251 INFO o.a.j.t.JMeterThread: Thread started: Thread Group 1-508
2024-11-27 11:00:57,256 INFO o.a.j.t.JMeterThread: Thread started: Thread Group 1-509
2024-11-27 11:00:57,259 INFO o.a.j.t.JMeterThread: Thread started: Thread Group 1-510
2024-11-27 11:00:57,263 INFO o.a.j.t.JMeterThread: Thread started: Thread Group 1-511
2024-11-27 11:00:57,272 INFO o.a.j.t.JMeterThread: Thread started: Thread Group 1-512
2024-11-27 11:00:57,278 INFO o.a.j.t.JMeterThread: Thread started: Thread Group 1-513
2024-11-27 11:00:57,283 INFO o.a.j.t.JMeterThread: Thread started: Thread Group 1-515
2024-11-27 11:00:57,283 INFO o.a.j.t.JMeterThread: Thread started: Thread Group 1-514
2024-11-27 11:00:57,290 INFO o.a.j.t.JMeterThread: Thread started: Thread Group 1-516
2024-11-27 11:00:57,296 INFO o.a.j.t.JMeterThread: Thread started: Thread Group 1-517
2024-11-27 11:00:57,299 INFO o.a.j.t.JMeterThread: Thread started: Thread Group 1-518
2024-11-27 11:00:57,305 INFO o.a.j.t.JMeterThread: Thread started: Thread Group 1-519
2024-11-27 11:00:57,309 INFO o.a.j.t.JMeterThread: Thread started: Thread Group 1-520
2024-11-27 11:00:57,314 INFO o.a.j.t.JMeterThread: Thread started: Thread Group 1-521
2024-11-27 11:00:57,318 INFO o.a.j.t.JMeterThread: Thread started: Thread Group 1-522
2024-11-27 11:00:57,327 INFO o.a.j.t.JMeterThread: Thread started: Thread Group 1-523
2024-11-27 11:00:57,329 INFO o.a.j.t.JMeterThread: Thread started: Thread Group 1-524
2024-11-27 11:00:57,335 INFO o.a.j.t.JMeterThread: Thread started: Thread Group 1-525
2024-11-27 11:00:57,342 INFO o.a.j.t.JMeterThread: Thread started: Thread Group 1-526
2024-11-27 11:00:57,346 INFO o.a.j.t.JMeterThread: Thread started: Thread Group 1-527
2024-11-27 11:00:57,350 INFO o.a.j.t.JMeterThread: Thread started: Thread Group 1-528
2024-11-27 11:00:57,355 INFO o.a.j.t.JMeterThread: Thread started: Thread Group 1-529
2024-11-27 11:00:57,358 INFO o.a.j.t.JMeterThread: Thread started: Thread Group 1-530
2024-11-27 11:00:57,367 INFO o.a.j.t.JMeterThread: Thread started: Thread Group 1-531
2024-11-27 11:00:57,372 INFO o.a.j.t.JMeterThread: Thread started: Thread Group 1-532
2024-11-27 11:00:57,373 INFO o.a.j.t.JMeterThread: Thread started: Thread Group 1-533
2024-11-27 11:00:57,386 INFO o.a.j.t.JMeterThread: Thread started: Thread Group 1-534
2024-11-27 11:00:57,386 INFO o.a.j.t.JMeterThread: Thread started: Thread Group 1-535
2024-11-27 11:00:57,396 INFO o.a.j.t.JMeterThread: Thread started: Thread Group 1-537
2024-11-27 11:00:57,398 INFO o.a.j.t.JMeterThread: Thread started: Thread Group 1-538
2024-11-27 11:00:57,405 INFO o.a.j.t.JMeterThread: Thread started: Thread Group 1-539
2024-11-27 11:00:57,411 INFO o.a.j.t.JMeterThread: Thread started: Thread Group 1-536
2024-11-27 11:00:57,411 INFO o.a.j.t.JMeterThread: Thread started: Thread Group 1-540
2024-11-27 11:00:57,418 INFO o.a.j.t.JMeterThread: Thread started: Thread Group 1-541
2024-11-27 11:00:57,424 INFO o.a.j.t.JMeterThread: Thread started: Thread Group 1-542
2024-11-27 11:00:57,428 INFO o.a.j.t.JMeterThread: Thread started: Thread Group 1-543
2024-11-27 11:00:57,429 INFO o.a.j.t.JMeterThread: Thread started: Thread Group 1-544
2024-11-27 11:00:57,434 INFO o.a.j.t.JMeterThread: Thread started: Thread Group 1-545
2024-11-27 11:00:57,443 INFO o.a.j.t.JMeterThread: Thread started: Thread Group 1-546
2024-11-27 11:00:57,449 INFO o.a.j.t.JMeterThread: Thread started: Thread Group 1-547
2024-11-27 11:00:57,455 INFO o.a.j.t.JMeterThread: Thread started: Thread Group 1-548
2024-11-27 11:00:57,458 INFO o.a.j.t.JMeterThread: Thread started: Thread Group 1-549
2024-11-27 11:00:57,459 INFO o.a.j.t.JMeterThread: Thread started: Thread Group 1-550
2024-11-27 11:00:57,465 INFO o.a.j.t.JMeterThread: Thread started: Thread Group 1-551
2024-11-27 11:00:57,470 INFO o.a.j.t.JMeterThread: Thread started: Thread Group 1-552
2024-11-27 11:00:57,478 INFO o.a.j.t.JMeterThread: Thread started: Thread Group 1-553
2024-11-27 11:00:57,480 INFO o.a.j.t.JMeterThread: Thread started: Thread Group 1-554
2024-11-27 11:00:57,485 INFO o.a.j.t.JMeterThread: Thread started: Thread Group 1-555
2024-11-27 11:00:57,493 INFO o.a.j.t.JMeterThread: Thread started: Thread Group 1-556
2024-11-27 11:00:57,494 INFO o.a.j.t.JMeterThread: Thread started: Thread Group 1-557
2024-11-27 11:00:57,503 INFO o.a.j.t.JMeterThread: Thread started: Thread Group 1-558
2024-11-27 11:00:57,504 INFO o.a.j.t.JMeterThread: Thread started: Thread Group 1-559
2024-11-27 11:00:57,508 INFO o.a.j.t.JMeterThread: Thread started: Thread Group 1-560
2024-11-27 11:00:57,518 INFO o.a.j.t.JMeterThread: Thread started: Thread Group 1-561
2024-11-27 11:00:57,524 INFO o.a.j.t.JMeterThread: Thread started: Thread Group 1-562
2024-11-27 11:00:57,528 INFO o.a.j.t.JMeterThread: Thread started: Thread Group 1-563
2024-11-27 11:00:57,530 INFO o.a.j.t.JMeterThread: Thread started: Thread Group 1-564
2024-11-27 11:00:57,543 INFO o.a.j.t.JMeterThread: Thread started: Thread Group 1-566
2024-11-27 11:00:57,543 INFO o.a.j.t.JMeterThread: Thread started: Thread Group 1-565
2024-11-27 11:00:57,549 INFO o.a.j.t.JMeterThread: Thread started: Thread Group 1-567
2024-11-27 11:00:57,551 INFO o.a.j.t.JMeterThread: Thread started: Thread Group 1-568
2024-11-27 11:00:57,558 INFO o.a.j.t.JMeterThread: Thread started: Thread Group 1-569
2024-11-27 11:00:57,562 INFO o.a.j.t.JMeterThread: Thread started: Thread Group 1-570
2024-11-27 11:00:57,578 INFO o.a.j.t.JMeterThread: Thread started: Thread Group 1-571
2024-11-27 11:00:57,578 INFO o.a.j.t.JMeterThread: Thread started: Thread Group 1-572
2024-11-27 11:00:57,578 INFO o.a.j.t.JMeterThread: Thread started: Thread Group 1-573
2024-11-27 11:00:57,579 INFO o.a.j.t.JMeterThread: Thread started: Thread Group 1-574
2024-11-27 11:00:57,586 INFO o.a.j.t.JMeterThread: Thread started: Thread Group 1-575
2024-11-27 11:00:57,593 INFO o.a.j.t.JMeterThread: Thread started: Thread Group 1-576
2024-11-27 11:00:57,598 INFO o.a.j.t.JMeterThread: Thread started: Thread Group 1-577
2024-11-27 11:00:57,604 INFO o.a.j.t.JMeterThread: Thread started: Thread Group 1-578
2024-11-27 11:00:57,608 INFO o.a.j.t.JMeterThread: Thread started: Thread Group 1-579
2024-11-27 11:00:57,612 INFO o.a.j.t.JMeterThread: Thread started: Thread Group 1-580
2024-11-27 11:00:57,617 INFO o.a.j.t.JMeterThread: Thread started: Thread Group 1-581
2024-11-27 11:00:57,622 INFO o.a.j.t.JMeterThread: Thread started: Thread Group 1-582
2024-11-27 11:00:57,628 INFO o.a.j.t.JMeterThread: Thread started: Thread Group 1-583
2024-11-27 11:00:57,631 INFO o.a.j.t.JMeterThread: Thread started: Thread Group 1-584
2024-11-27 11:00:57,636 INFO o.a.j.t.JMeterThread: Thread started: Thread Group 1-585
2024-11-27 11:00:57,643 INFO o.a.j.t.JMeterThread: Thread started: Thread Group 1-586
2024-11-27 11:00:57,645 INFO o.a.j.t.JMeterThread: Thread started: Thread Group 1-587
2024-11-27 11:00:57,652 INFO o.a.j.t.JMeterThread: Thread started: Thread Group 1-588
2024-11-27 11:00:57,655 INFO o.a.j.t.JMeterThread: Thread started: Thread Group 1-589
2024-11-27 11:00:57,663 INFO o.a.j.t.JMeterThread: Thread started: Thread Group 1-590
2024-11-27 11:00:57,669 INFO o.a.j.t.JMeterThread: Thread started: Thread Group 1-591
2024-11-27 11:00:57,672 INFO o.a.j.t.JMeterThread: Thread started: Thread Group 1-592
2024-11-27 11:00:57,678 INFO o.a.j.t.JMeterThread: Thread started: Thread Group 1-593
2024-11-27 11:00:57,680 INFO o.a.j.t.JMeterThread: Thread started: Thread Group 1-594
2024-11-27 11:00:57,686 INFO o.a.j.t.JMeterThread: Thread started: Thread Group 1-595
2024-11-27 11:00:57,693 INFO o.a.j.t.JMeterThread: Thread started: Thread Group 1-596
2024-11-27 11:00:57,696 INFO o.a.j.t.JMeterThread: Thread started: Thread Group 1-597
2024-11-27 11:00:57,704 INFO o.a.j.t.JMeterThread: Thread started: Thread Group 1-598
2024-11-27 11:00:57,708 INFO o.a.j.t.JMeterThread: Thread started: Thread Group 1-599
2024-11-27 11:00:57,709 INFO o.a.j.t.JMeterThread: Thread started: Thread Group 1-600
2024-11-27 11:00:57,717 INFO o.a.j.t.JMeterThread: Thread started: Thread Group 1-601
2024-11-27 11:00:57,723 INFO o.a.j.t.JMeterThread: Thread started: Thread Group 1-602
2024-11-27 11:00:57,729 INFO o.a.j.t.JMeterThread: Thread started: Thread Group 1-603
2024-11-27 11:00:57,732 INFO o.a.j.t.JMeterThread: Thread started: Thread Group 1-604
2024-11-27 11:00:57,737 INFO o.a.j.t.JMeterThread: Thread started: Thread Group 1-605
2024-11-27 11:00:57,743 INFO o.a.j.t.JMeterThread: Thread started: Thread Group 1-606
2024-11-27 11:00:57,747 INFO o.a.j.t.JMeterThread: Thread started: Thread Group 1-607
2024-11-27 11:00:57,752 INFO o.a.j.t.JMeterThread: Thread started: Thread Group 1-608
2024-11-27 11:00:57,755 INFO o.a.j.t.JMeterThread: Thread started: Thread Group 1-609
2024-11-27 11:00:57,763 INFO o.a.j.t.JMeterThread: Thread started: Thread Group 1-610
2024-11-27 11:00:57,769 INFO o.a.j.t.JMeterThread: Thread started: Thread Group 1-611
2024-11-27 11:00:57,770 INFO o.a.j.t.JMeterThread: Thread started: Thread Group 1-612
2024-11-27 11:00:57,778 INFO o.a.j.t.JMeterThread: Thread started: Thread Group 1-613
2024-11-27 11:00:57,784 INFO o.a.j.t.JMeterThread: Thread started: Thread Group 1-614
2024-11-27 11:00:57,784 INFO o.a.j.t.JMeterThread: Thread started: Thread Group 1-615
2024-11-27 11:00:57,793 INFO o.a.j.t.JMeterThread: Thread started: Thread Group 1-616
2024-11-27 11:00:57,798 INFO o.a.j.t.JMeterThread: Thread started: Thread Group 1-617
2024-11-27 11:00:57,799 INFO o.a.j.t.JMeterThread: Thread started: Thread Group 1-618
2024-11-27 11:00:57,805 INFO o.a.j.t.JMeterThread: Thread started: Thread Group 1-619
2024-11-27 11:00:57,809 INFO o.a.j.t.JMeterThread: Thread started: Thread Group 1-620
2024-11-27 11:00:57,821 INFO o.a.j.t.JMeterThread: Thread started: Thread Group 1-621
2024-11-27 11:00:57,821 INFO o.a.j.t.JMeterThread: Thread started: Thread Group 1-622
2024-11-27 11:00:57,829 INFO o.a.j.t.JMeterThread: Thread started: Thread Group 1-623
2024-11-27 11:00:57,829 INFO o.a.j.t.JMeterThread: Thread started: Thread Group 1-624
2024-11-27 11:00:57,838 INFO o.a.j.t.JMeterThread: Thread started: Thread Group 1-625
2024-11-27 11:00:57,858 INFO o.a.j.t.JMeterThread: Thread started: Thread Group 1-627
2024-11-27 11:00:57,857 INFO o.a.j.t.JMeterThread: Thread started: Thread Group 1-626
2024-11-27 11:00:57,859 INFO o.a.j.t.JMeterThread: Thread started: Thread Group 1-628
2024-11-27 11:00:57,860 INFO o.a.j.t.JMeterThread: Thread started: Thread Group 1-629
2024-11-27 11:00:57,865 INFO o.a.j.t.JMeterThread: Thread started: Thread Group 1-630
2024-11-27 11:00:57,867 INFO o.a.j.t.JMeterThread: Thread started: Thread Group 1-631
2024-11-27 11:00:57,871 INFO o.a.j.t.JMeterThread: Thread started: Thread Group 1-632
2024-11-27 11:00:57,879 INFO o.a.j.t.JMeterThread: Thread started: Thread Group 1-633
2024-11-27 11:00:57,882 INFO o.a.j.t.JMeterThread: Thread started: Thread Group 1-634
2024-11-27 11:00:57,888 INFO o.a.j.t.JMeterThread: Thread started: Thread Group 1-635
2024-11-27 11:00:57,893 INFO o.a.j.t.JMeterThread: Thread started: Thread Group 1-636
2024-11-27 11:00:57,898 INFO o.a.j.t.JMeterThread: Thread started: Thread Group 1-637
2024-11-27 11:00:57,900 INFO o.a.j.t.JMeterThread: Thread started: Thread Group 1-638
2024-11-27 11:00:57,905 INFO o.a.j.t.JMeterThread: Thread started: Thread Group 1-639
2024-11-27 11:00:57,910 INFO o.a.j.t.JMeterThread: Thread started: Thread Group 1-640
2024-11-27 11:00:57,917 INFO o.a.j.t.JMeterThread: Thread started: Thread Group 1-641
2024-11-27 11:00:57,921 INFO o.a.j.t.JMeterThread: Thread started: Thread Group 1-642
2024-11-27 11:00:57,928 INFO o.a.j.t.JMeterThread: Thread started: Thread Group 1-643
2024-11-27 11:00:57,929 INFO o.a.j.t.JMeterThread: Thread started: Thread Group 1-644
2024-11-27 11:00:57,938 INFO o.a.j.t.JMeterThread: Thread started: Thread Group 1-645
2024-11-27 11:00:57,943 INFO o.a.j.t.JMeterThread: Thread started: Thread Group 1-646
2024-11-27 11:00:57,944 INFO o.a.j.t.JMeterThread: Thread started: Thread Group 1-647
2024-11-27 11:00:57,953 INFO o.a.j.t.JMeterThread: Thread started: Thread Group 1-648
2024-11-27 11:00:57,955 INFO o.a.j.t.JMeterThread: Thread started: Thread Group 1-649
2024-11-27 11:00:57,960 INFO o.a.j.t.JMeterThread: Thread started: Thread Group 1-650
2024-11-27 11:00:57,967 INFO o.a.j.t.JMeterThread: Thread started: Thread Group 1-651
2024-11-27 11:00:57,975 INFO o.a.j.t.JMeterThread: Thread started: Thread Group 1-652
2024-11-27 11:00:57,979 INFO o.a.j.t.JMeterThread: Thread started: Thread Group 1-653
2024-11-27 11:00:57,980 INFO o.a.j.t.JMeterThread: Thread started: Thread Group 1-654
2024-11-27 11:00:57,988 INFO o.a.j.t.JMeterThread: Thread started: Thread Group 1-655
2024-11-27 11:00:57,993 INFO o.a.j.t.JMeterThread: Thread started: Thread Group 1-656
2024-11-27 11:00:57,996 INFO o.a.j.t.JMeterThread: Thread started: Thread Group 1-657
2024-11-27 11:00:58,001 INFO o.a.j.t.JMeterThread: Thread started: Thread Group 1-658
2024-11-27 11:00:58,004 INFO o.a.j.t.JMeterThread: Thread started: Thread Group 1-659
2024-11-27 11:00:58,013 INFO o.a.j.t.JMeterThread: Thread started: Thread Group 1-660
2024-11-27 11:00:58,019 INFO o.a.j.t.JMeterThread: Thread started: Thread Group 1-661
2024-11-27 11:00:58,019 INFO o.a.j.t.JMeterThread: Thread started: Thread Group 1-662
2024-11-27 11:00:58,028 INFO o.a.j.t.JMeterThread: Thread started: Thread Group 1-663
2024-11-27 11:00:58,031 INFO o.a.j.t.JMeterThread: Thread started: Thread Group 1-664
2024-11-27 11:00:58,034 INFO o.a.j.t.JMeterThread: Thread started: Thread Group 1-665
2024-11-27 11:00:58,043 INFO o.a.j.t.JMeterThread: Thread started: Thread Group 1-666
2024-11-27 11:00:58,053 INFO o.a.j.t.JMeterThread: Thread started: Thread Group 1-668
2024-11-27 11:00:58,055 INFO o.a.j.t.JMeterThread: Thread started: Thread Group 1-669
2024-11-27 11:00:58,057 INFO o.a.j.t.JMeterThread: Thread started: Thread Group 1-667
2024-11-27 11:00:58,062 INFO o.a.j.t.JMeterThread: Thread started: Thread Group 1-670
2024-11-27 11:00:58,065 INFO o.a.j.t.JMeterThread: Thread started: Thread Group 1-671
2024-11-27 11:00:58,073 INFO o.a.j.t.JMeterThread: Thread started: Thread Group 1-672
2024-11-27 11:00:58,078 INFO o.a.j.t.JMeterThread: Thread started: Thread Group 1-673
2024-11-27 11:00:58,079 INFO o.a.j.t.JMeterThread: Thread started: Thread Group 1-674
2024-11-27 11:00:58,083 INFO o.a.j.t.JMeterThread: Thread started: Thread Group 1-675
2024-11-27 11:00:58,093 INFO o.a.j.t.JMeterThread: Thread started: Thread Group 1-676
2024-11-27 11:00:58,096 INFO o.a.j.t.JMeterThread: Thread started: Thread Group 1-677
2024-11-27 11:00:58,100 INFO o.a.j.t.JMeterThread: Thread started: Thread Group 1-678
2024-11-27 11:00:58,105 INFO o.a.j.t.JMeterThread: Thread started: Thread Group 1-679
2024-11-27 11:00:58,109 INFO o.a.j.t.JMeterThread: Thread started: Thread Group 1-680
2024-11-27 11:00:58,117 INFO o.a.j.t.JMeterThread: Thread started: Thread Group 1-681
2024-11-27 11:00:58,120 INFO o.a.j.t.JMeterThread: Thread started: Thread Group 1-682
2024-11-27 11:00:58,128 INFO o.a.j.t.JMeterThread: Thread started: Thread Group 1-683
2024-11-27 11:00:58,131 INFO o.a.j.t.JMeterThread: Thread started: Thread Group 1-684
2024-11-27 11:00:58,153 INFO o.a.j.t.JMeterThread: Thread started: Thread Group 1-686
2024-11-27 11:00:58,153 INFO o.a.j.t.JMeterThread: Thread started: Thread Group 1-685
2024-11-27 11:00:58,155 INFO o.a.j.t.JMeterThread: Thread started: Thread Group 1-689
2024-11-27 11:00:58,153 INFO o.a.j.t.JMeterThread: Thread started: Thread Group 1-687
2024-11-27 11:00:58,153 INFO o.a.j.t.JMeterThread: Thread started: Thread Group 1-688
2024-11-27 11:00:58,158 INFO o.a.j.t.JMeterThread: Thread started: Thread Group 1-690
2024-11-27 11:00:58,164 INFO o.a.j.t.JMeterThread: Thread started: Thread Group 1-691
2024-11-27 11:00:58,168 INFO o.a.j.t.JMeterThread: Thread started: Thread Group 1-692
2024-11-27 11:00:58,181 INFO o.a.j.t.JMeterThread: Thread started: Thread Group 1-693
2024-11-27 11:00:58,184 INFO o.a.j.t.JMeterThread: Thread started: Thread Group 1-694
2024-11-27 11:00:58,188 INFO o.a.j.t.JMeterThread: Thread started: Thread Group 1-695
2024-11-27 11:00:58,193 INFO o.a.j.t.JMeterThread: Thread started: Thread Group 1-696
2024-11-27 11:00:58,195 INFO o.a.j.t.JMeterThread: Thread started: Thread Group 1-697
2024-11-27 11:00:58,201 INFO o.a.j.t.JMeterThread: Thread started: Thread Group 1-698
2024-11-27 11:00:58,206 INFO o.a.j.t.JMeterThread: Thread started: Thread Group 1-699
2024-11-27 11:00:58,210 INFO o.a.j.t.JMeterThread: Thread started: Thread Group 1-700
2024-11-27 11:00:58,217 INFO o.a.j.t.JMeterThread: Thread started: Thread Group 1-701
2024-11-27 11:00:58,222 INFO o.a.j.t.JMeterThread: Thread started: Thread Group 1-702
2024-11-27 11:00:58,231 INFO o.a.j.t.JMeterThread: Thread is done: Thread Group 1-677
2024-11-27 11:00:58,232 INFO o.a.j.t.JMeterThread: Thread finished: Thread Group 1-677
2024-11-27 11:00:58,233 INFO o.a.j.t.JMeterThread: Thread started: Thread Group 1-703
2024-11-27 11:00:58,234 INFO o.a.j.t.JMeterThread: Thread is done: Thread Group 1-557
2024-11-27 11:00:58,234 INFO o.a.j.t.JMeterThread: Thread finished: Thread Group 1-557
2024-11-27 11:00:58,236 INFO o.a.j.t.JMeterThread: Thread is done: Thread Group 1-657
2024-11-27 11:00:58,236 INFO o.a.j.t.JMeterThread: Thread finished: Thread Group 1-657
2024-11-27 11:00:58,236 INFO o.a.j.t.JMeterThread: Thread is done: Thread Group 1-656
2024-11-27 11:00:58,236 INFO o.a.j.t.JMeterThread: Thread finished: Thread Group 1-656
2024-11-27 11:00:58,236 INFO o.a.j.t.JMeterThread: Thread started: Thread Group 1-704
2024-11-27 11:00:58,236 INFO o.a.j.t.JMeterThread: Thread is done: Thread Group 1-597
2024-11-27 11:00:58,240 INFO o.a.j.t.JMeterThread: Thread finished: Thread Group 1-597
2024-11-27 11:00:58,240 INFO o.a.j.t.JMeterThread: Thread started: Thread Group 1-705
2024-11-27 11:00:58,241 INFO o.a.j.t.JMeterThread: Thread is done: Thread Group 1-665
2024-11-27 11:00:58,241 INFO o.a.j.t.JMeterThread: Thread finished: Thread Group 1-665
2024-11-27 11:00:58,243 INFO o.a.j.t.JMeterThread: Thread started: Thread Group 1-706
2024-11-27 11:00:58,247 INFO o.a.j.t.JMeterThread: Thread started: Thread Group 1-707
2024-11-27 11:00:58,248 INFO o.a.j.t.JMeterThread: Thread started: Thread Group 1-708
2024-11-27 11:00:58,250 INFO o.a.j.t.JMeterThread: Thread is done: Thread Group 1-636
2024-11-27 11:00:58,250 INFO o.a.j.t.JMeterThread: Thread finished: Thread Group 1-636
2024-11-27 11:00:58,258 INFO o.a.j.t.JMeterThread: Thread started: Thread Group 1-709
2024-11-27 11:00:58,258 INFO o.a.j.t.JMeterThread: Thread started: Thread Group 1-710
2024-11-27 11:00:58,263 INFO o.a.j.t.JMeterThread: Thread started: Thread Group 1-711
2024-11-27 11:00:58,272 INFO o.a.j.t.JMeterThread: Thread started: Thread Group 1-712
2024-11-27 11:00:58,278 INFO o.a.j.t.JMeterThread: Thread started: Thread Group 1-713
2024-11-27 11:00:58,280 INFO o.a.j.t.JMeterThread: Thread started: Thread Group 1-714
2024-11-27 11:00:58,283 INFO o.a.j.t.JMeterThread: Thread started: Thread Group 1-715
2024-11-27 11:00:58,293 INFO o.a.j.t.JMeterThread: Thread started: Thread Group 1-716
2024-11-27 11:00:58,297 INFO o.a.j.t.JMeterThread: Thread started: Thread Group 1-717
2024-11-27 11:00:58,302 INFO o.a.j.t.JMeterThread: Thread started: Thread Group 1-718
2024-11-27 11:00:58,305 INFO o.a.j.t.JMeterThread: Thread started: Thread Group 1-719
2024-11-27 11:00:58,314 INFO o.a.j.t.JMeterThread: Thread started: Thread Group 1-720
2024-11-27 11:00:58,318 INFO o.a.j.t.JMeterThread: Thread started: Thread Group 1-721
2024-11-27 11:00:58,324 INFO o.a.j.t.JMeterThread: Thread started: Thread Group 1-722
2024-11-27 11:00:58,328 INFO o.a.j.t.JMeterThread: Thread started: Thread Group 1-723
2024-11-27 11:00:58,330 INFO o.a.j.t.JMeterThread: Thread started: Thread Group 1-724
2024-11-27 11:00:58,334 INFO o.a.j.t.JMeterThread: Thread started: Thread Group 1-725
2024-11-27 11:00:58,343 INFO o.a.j.t.JMeterThread: Thread started: Thread Group 1-726
2024-11-27 11:00:58,344 INFO o.a.j.t.JMeterThread: Thread started: Thread Group 1-727
2024-11-27 11:00:58,349 INFO o.a.j.t.JMeterThread: Thread started: Thread Group 1-728
2024-11-27 11:00:58,355 INFO o.a.j.t.JMeterThread: Thread started: Thread Group 1-729
2024-11-27 11:00:58,363 INFO o.a.j.t.JMeterThread: Thread started: Thread Group 1-730
2024-11-27 11:00:58,366 INFO o.a.j.t.JMeterThread: Thread started: Thread Group 1-731
2024-11-27 11:00:58,369 INFO o.a.j.t.JMeterThread: Thread is done: Thread Group 1-671
2024-11-27 11:00:58,369 INFO o.a.j.t.JMeterThread: Thread finished: Thread Group 1-671
2024-11-27 11:00:58,370 INFO o.a.j.t.JMeterThread: Thread started: Thread Group 1-732
2024-11-27 11:00:58,378 INFO o.a.j.t.JMeterThread: Thread started: Thread Group 1-733
2024-11-27 11:00:58,382 INFO o.a.j.t.JMeterThread: Thread started: Thread Group 1-734
2024-11-27 11:00:58,385 INFO o.a.j.t.JMeterThread: Thread started: Thread Group 1-735
2024-11-27 11:00:58,393 INFO o.a.j.t.JMeterThread: Thread started: Thread Group 1-737
2024-11-27 11:00:58,393 INFO o.a.j.t.JMeterThread: Thread started: Thread Group 1-736
2024-11-27 11:00:58,399 INFO o.a.j.t.JMeterThread: Thread started: Thread Group 1-738
2024-11-27 11:00:58,406 INFO o.a.j.t.JMeterThread: Thread started: Thread Group 1-739
2024-11-27 11:00:58,408 INFO o.a.j.t.JMeterThread: Thread started: Thread Group 1-740
2024-11-27 11:00:58,419 INFO o.a.j.t.JMeterThread: Thread started: Thread Group 1-741
2024-11-27 11:00:58,422 INFO o.a.j.t.JMeterThread: Thread started: Thread Group 1-742
2024-11-27 11:00:58,429 INFO o.a.j.t.JMeterThread: Thread started: Thread Group 1-743
2024-11-27 11:00:58,430 INFO o.a.j.t.JMeterThread: Thread started: Thread Group 1-744
2024-11-27 11:00:58,435 INFO o.a.j.t.JMeterThread: Thread started: Thread Group 1-745
2024-11-27 11:00:58,444 INFO o.a.j.t.JMeterThread: Thread started: Thread Group 1-746
2024-11-27 11:00:58,446 INFO o.a.j.t.JMeterThread: Thread started: Thread Group 1-747
2024-11-27 11:00:58,451 INFO o.a.j.t.JMeterThread: Thread started: Thread Group 1-748
2024-11-27 11:00:58,454 INFO o.a.j.t.JMeterThread: Thread started: Thread Group 1-749
2024-11-27 11:00:58,463 INFO o.a.j.t.JMeterThread: Thread started: Thread Group 1-750
2024-11-27 11:00:58,468 INFO o.a.j.t.JMeterThread: Thread started: Thread Group 1-751
2024-11-27 11:00:58,473 INFO o.a.j.t.JMeterThread: Thread started: Thread Group 1-752
2024-11-27 11:00:58,479 INFO o.a.j.t.JMeterThread: Thread started: Thread Group 1-753
2024-11-27 11:00:58,479 INFO o.a.j.t.JMeterThread: Thread started: Thread Group 1-754
2024-11-27 11:00:58,484 INFO o.a.j.t.JMeterThread: Thread started: Thread Group 1-755
2024-11-27 11:00:58,490 INFO o.a.j.t.JMeterThread: Thread started: Thread Group 1-756
2024-11-27 11:00:58,494 INFO o.a.j.t.JMeterThread: Thread started: Thread Group 1-757
2024-11-27 11:00:58,501 INFO o.a.j.t.JMeterThread: Thread started: Thread Group 1-758
2024-11-27 11:00:58,504 INFO o.a.j.t.JMeterThread: Thread started: Thread Group 1-759
2024-11-27 11:00:58,517 INFO o.a.j.t.JMeterThread: Thread started: Thread Group 1-761
2024-11-27 11:00:58,517 INFO o.a.j.t.JMeterThread: Thread started: Thread Group 1-760
2024-11-27 11:00:58,524 INFO o.a.j.t.JMeterThread: Thread started: Thread Group 1-762
2024-11-27 11:00:58,528 INFO o.a.j.t.JMeterThread: Thread started: Thread Group 1-763
2024-11-27 11:00:58,528 INFO o.a.j.t.JMeterThread: Thread started: Thread Group 1-764
2024-11-27 11:00:58,533 INFO o.a.j.t.JMeterThread: Thread started: Thread Group 1-765
2024-11-27 11:00:58,543 INFO o.a.j.t.JMeterThread: Thread started: Thread Group 1-766
2024-11-27 11:00:58,547 INFO o.a.j.t.JMeterThread: Thread started: Thread Group 1-767
2024-11-27 11:00:58,552 INFO o.a.j.t.JMeterThread: Thread started: Thread Group 1-768
2024-11-27 11:00:58,558 INFO o.a.j.t.JMeterThread: Thread started: Thread Group 1-769
2024-11-27 11:00:58,563 INFO o.a.j.t.JMeterThread: Thread started: Thread Group 1-770
2024-11-27 11:00:58,567 INFO o.a.j.t.JMeterThread: Thread started: Thread Group 1-771
2024-11-27 11:00:58,568 INFO o.a.j.t.JMeterThread: Thread started: Thread Group 1-772
2024-11-27 11:00:58,578 INFO o.a.j.t.JMeterThread: Thread started: Thread Group 1-773
2024-11-27 11:00:58,580 INFO o.a.j.t.JMeterThread: Thread started: Thread Group 1-774
2024-11-27 11:00:58,587 INFO o.a.j.t.JMeterThread: Thread started: Thread Group 1-775
2024-11-27 11:00:58,593 INFO o.a.j.t.JMeterThread: Thread started: Thread Group 1-776
2024-11-27 11:00:58,599 INFO o.a.j.t.JMeterThread: Thread started: Thread Group 1-777
2024-11-27 11:00:58,602 INFO o.a.j.t.JMeterThread: Thread started: Thread Group 1-778
2024-11-27 11:00:58,604 INFO o.a.j.t.JMeterThread: Thread started: Thread Group 1-779
2024-11-27 11:00:58,610 INFO o.a.j.t.JMeterThread: Thread started: Thread Group 1-780
2024-11-27 11:00:58,615 INFO o.a.j.t.JMeterThread: Thread started: Thread Group 1-781
2024-11-27 11:00:58,623 INFO o.a.j.t.JMeterThread: Thread started: Thread Group 1-782
2024-11-27 11:00:58,628 INFO o.a.j.t.JMeterThread: Thread started: Thread Group 1-783
2024-11-27 11:00:58,634 INFO o.a.j.t.JMeterThread: Thread started: Thread Group 1-784
2024-11-27 11:00:58,638 INFO o.a.j.t.JMeterThread: Thread started: Thread Group 1-785
2024-11-27 11:00:58,643 INFO o.a.j.t.JMeterThread: Thread started: Thread Group 1-786
2024-11-27 11:00:58,648 INFO o.a.j.t.JMeterThread: Thread started: Thread Group 1-787
2024-11-27 11:00:58,653 INFO o.a.j.t.JMeterThread: Thread started: Thread Group 1-788
2024-11-27 11:00:58,659 INFO o.a.j.t.JMeterThread: Thread started: Thread Group 1-789
2024-11-27 11:00:58,664 INFO o.a.j.t.JMeterThread: Thread started: Thread Group 1-790
2024-11-27 11:00:58,669 INFO o.a.j.t.JMeterThread: Thread started: Thread Group 1-791
2024-11-27 11:00:58,669 INFO o.a.j.t.JMeterThread: Thread started: Thread Group 1-792
2024-11-27 11:00:58,678 INFO o.a.j.t.JMeterThread: Thread started: Thread Group 1-793
2024-11-27 11:00:58,680 INFO o.a.j.t.JMeterThread: Thread started: Thread Group 1-794
2024-11-27 11:00:58,685 INFO o.a.j.t.JMeterThread: Thread started: Thread Group 1-795
2024-11-27 11:00:58,693 INFO o.a.j.t.JMeterThread: Thread started: Thread Group 1-796
2024-11-27 11:00:58,694 INFO o.a.j.t.JMeterThread: Thread started: Thread Group 1-797
2024-11-27 11:00:58,698 INFO o.a.j.t.JMeterThread: Thread started: Thread Group 1-798
2024-11-27 11:00:58,704 INFO o.a.j.t.JMeterThread: Thread started: Thread Group 1-799
2024-11-27 11:00:58,711 INFO o.a.j.t.JMeterThread: Thread started: Thread Group 1-800
2024-11-27 11:00:58,717 INFO o.a.j.t.JMeterThread: Thread started: Thread Group 1-801
2024-11-27 11:00:58,722 INFO o.a.j.t.JMeterThread: Thread started: Thread Group 1-802
2024-11-27 11:00:58,728 INFO o.a.j.t.JMeterThread: Thread started: Thread Group 1-803
2024-11-27 11:00:58,734 INFO o.a.j.t.JMeterThread: Thread started: Thread Group 1-804
2024-11-27 11:00:58,735 INFO o.a.j.t.JMeterThread: Thread started: Thread Group 1-805
2024-11-27 11:00:58,743 INFO o.a.j.t.JMeterThread: Thread started: Thread Group 1-806
2024-11-27 11:00:58,746 INFO o.a.j.t.JMeterThread: Thread started: Thread Group 1-807
2024-11-27 11:00:58,751 INFO o.a.j.t.JMeterThread: Thread started: Thread Group 1-808
2024-11-27 11:00:58,754 INFO o.a.j.t.JMeterThread: Thread started: Thread Group 1-809
2024-11-27 11:00:58,761 INFO o.a.j.t.JMeterThread: Thread started: Thread Group 1-810
2024-11-27 11:00:58,768 INFO o.a.j.t.JMeterThread: Thread started: Thread Group 1-811
2024-11-27 11:00:58,807 INFO o.a.j.t.JMeterThread: Thread started: Thread Group 1-812
2024-11-27 11:00:58,807 INFO o.a.j.t.JMeterThread: Thread started: Thread Group 1-814
2024-11-27 11:00:58,808 INFO o.a.j.t.JMeterThread: Thread started: Thread Group 1-813
2024-11-27 11:00:58,808 INFO o.a.j.t.JMeterThread: Thread started: Thread Group 1-816
2024-11-27 11:00:58,808 INFO o.a.j.t.JMeterThread: Thread started: Thread Group 1-818
2024-11-27 11:00:58,808 INFO o.a.j.t.JMeterThread: Thread started: Thread Group 1-819
2024-11-27 11:00:58,807 INFO o.a.j.t.JMeterThread: Thread started: Thread Group 1-815
2024-11-27 11:00:58,808 INFO o.a.j.t.JMeterThread: Thread started: Thread Group 1-817
2024-11-27 11:00:58,810 INFO o.a.j.t.JMeterThread: Thread started: Thread Group 1-820
2024-11-27 11:00:58,817 INFO o.a.j.t.JMeterThread: Thread started: Thread Group 1-821
2024-11-27 11:00:58,824 INFO o.a.j.t.JMeterThread: Thread started: Thread Group 1-822
2024-11-27 11:00:58,828 INFO o.a.j.t.JMeterThread: Thread started: Thread Group 1-823
2024-11-27 11:00:58,829 INFO o.a.j.t.JMeterThread: Thread started: Thread Group 1-824
2024-11-27 11:00:58,837 INFO o.a.j.t.JMeterThread: Thread started: Thread Group 1-825
2024-11-27 11:00:58,843 INFO o.a.j.t.JMeterThread: Thread started: Thread Group 1-827
2024-11-27 11:00:58,843 INFO o.a.j.t.JMeterThread: Thread started: Thread Group 1-826
2024-11-27 11:00:58,849 INFO o.a.j.t.JMeterThread: Thread started: Thread Group 1-828
2024-11-27 11:00:58,854 INFO o.a.j.t.JMeterThread: Thread started: Thread Group 1-829
2024-11-27 11:00:58,862 INFO o.a.j.t.JMeterThread: Thread started: Thread Group 1-830
2024-11-27 11:00:58,864 INFO o.a.j.t.JMeterThread: Thread started: Thread Group 1-831
2024-11-27 11:00:58,872 INFO o.a.j.t.JMeterThread: Thread started: Thread Group 1-832
2024-11-27 11:00:58,879 INFO o.a.j.t.JMeterThread: Thread started: Thread Group 1-834
2024-11-27 11:00:58,879 INFO o.a.j.t.JMeterThread: Thread started: Thread Group 1-833
2024-11-27 11:00:58,885 INFO o.a.j.t.JMeterThread: Thread started: Thread Group 1-835
2024-11-27 11:00:58,893 INFO o.a.j.t.JMeterThread: Thread started: Thread Group 1-836
2024-11-27 11:00:58,895 INFO o.a.j.t.JMeterThread: Thread started: Thread Group 1-837
2024-11-27 11:00:58,898 INFO o.a.j.t.JMeterThread: Thread started: Thread Group 1-838
2024-11-27 11:00:58,906 INFO o.a.j.t.JMeterThread: Thread is done: Thread Group 1-136
2024-11-27 11:00:58,906 INFO o.a.j.t.JMeterThread: Thread is done: Thread Group 1-445
2024-11-27 11:00:58,906 INFO o.a.j.t.JMeterThread: Thread finished: Thread Group 1-136
2024-11-27 11:00:58,906 INFO o.a.j.t.JMeterThread: Thread is done: Thread Group 1-135
2024-11-27 11:00:58,906 INFO o.a.j.t.JMeterThread: Thread finished: Thread Group 1-135
2024-11-27 11:00:58,907 INFO o.a.j.t.JMeterThread: Thread is done: Thread Group 1-826
2024-11-27 11:00:58,907 INFO o.a.j.t.JMeterThread: Thread is done: Thread Group 1-837
2024-11-27 11:00:58,907 INFO o.a.j.t.JMeterThread: Thread finished: Thread Group 1-826
2024-11-27 11:00:58,907 INFO o.a.j.t.JMeterThread: Thread is done: Thread Group 1-829
2024-11-27 11:00:58,907 INFO o.a.j.t.JMeterThread: Thread finished: Thread Group 1-829
2024-11-27 11:00:58,907 INFO o.a.j.t.JMeterThread: Thread is done: Thread Group 1-835
2024-11-27 11:00:58,907 INFO o.a.j.t.JMeterThread: Thread finished: Thread Group 1-835
2024-11-27 11:00:58,908 INFO o.a.j.t.JMeterThread: Thread is done: Thread Group 1-828
2024-11-27 11:00:58,908 INFO o.a.j.t.JMeterThread: Thread finished: Thread Group 1-828
2024-11-27 11:00:58,908 INFO o.a.j.t.JMeterThread: Thread is done: Thread Group 1-834
2024-11-27 11:00:58,908 INFO o.a.j.t.JMeterThread: Thread finished: Thread Group 1-834
2024-11-27 11:00:58,908 INFO o.a.j.t.JMeterThread: Thread is done: Thread Group 1-836
2024-11-27 11:00:58,908 INFO o.a.j.t.JMeterThread: Thread finished: Thread Group 1-836
2024-11-27 11:00:58,909 INFO o.a.j.t.JMeterThread: Thread is done: Thread Group 1-830
2024-11-27 11:00:58,909 INFO o.a.j.t.JMeterThread: Thread finished: Thread Group 1-830
2024-11-27 11:00:58,909 INFO o.a.j.t.JMeterThread: Thread is done: Thread Group 1-809
2024-11-27 11:00:58,909 INFO o.a.j.t.JMeterThread: Thread finished: Thread Group 1-809
2024-11-27 11:00:58,909 INFO o.a.j.t.JMeterThread: Thread is done: Thread Group 1-808
2024-11-27 11:00:58,909 INFO o.a.j.t.JMeterThread: Thread finished: Thread Group 1-808
2024-11-27 11:00:58,910 INFO o.a.j.t.JMeterThread: Thread is done: Thread Group 1-807
2024-11-27 11:00:58,910 INFO o.a.j.t.JMeterThread: Thread finished: Thread Group 1-807
2024-11-27 11:00:58,910 INFO o.a.j.t.JMeterThread: Thread is done: Thread Group 1-794
2024-11-27 11:00:58,910 INFO o.a.j.t.JMeterThread: Thread finished: Thread Group 1-794
2024-11-27 11:00:58,910 INFO o.a.j.t.JMeterThread: Thread is done: Thread Group 1-791
2024-11-27 11:00:58,910 INFO o.a.j.t.JMeterThread: Thread finished: Thread Group 1-791
2024-11-27 11:00:58,910 INFO o.a.j.t.JMeterThread: Thread is done: Thread Group 1-789
2024-11-27 11:00:58,911 INFO o.a.j.t.JMeterThread: Thread finished: Thread Group 1-789
2024-11-27 11:00:58,911 INFO o.a.j.t.JMeterThread: Thread is done: Thread Group 1-793
2024-11-27 11:00:58,911 INFO o.a.j.t.JMeterThread: Thread finished: Thread Group 1-793
2024-11-27 11:00:58,911 INFO o.a.j.t.JMeterThread: Thread is done: Thread Group 1-838
2024-11-27 11:00:58,912 INFO o.a.j.t.JMeterThread: Thread finished: Thread Group 1-838
2024-11-27 11:00:58,912 INFO o.a.j.t.JMeterThread: Thread is done: Thread Group 1-787
2024-11-27 11:00:58,912 INFO o.a.j.t.JMeterThread: Thread finished: Thread Group 1-787
2024-11-27 11:00:58,912 INFO o.a.j.t.JMeterThread: Thread is done: Thread Group 1-771
2024-11-27 11:00:58,912 INFO o.a.j.t.JMeterThread: Thread is done: Thread Group 1-772
2024-11-27 11:00:58,912 INFO o.a.j.t.JMeterThread: Thread finished: Thread Group 1-772
2024-11-27 11:00:58,913 INFO o.a.j.t.JMeterThread: Thread is done: Thread Group 1-769
2024-11-27 11:00:58,913 INFO o.a.j.t.JMeterThread: Thread finished: Thread Group 1-769
2024-11-27 11:00:58,913 INFO o.a.j.t.JMeterThread: Thread is done: Thread Group 1-785
2024-11-27 11:00:58,913 INFO o.a.j.t.JMeterThread: Thread finished: Thread Group 1-785
2024-11-27 11:00:58,913 INFO o.a.j.t.JMeterThread: Thread is done: Thread Group 1-766
2024-11-27 11:00:58,913 INFO o.a.j.t.JMeterThread: Thread finished: Thread Group 1-766
2024-11-27 11:00:58,914 INFO o.a.j.t.JMeterThread: Thread is done: Thread Group 1-754
2024-11-27 11:00:58,914 INFO o.a.j.t.JMeterThread: Thread finished: Thread Group 1-754
2024-11-27 11:00:58,920 INFO o.a.j.t.JMeterThread: Thread finished: Thread Group 1-445
2024-11-27 11:00:58,921 INFO o.a.j.t.JMeterThread: Thread started: Thread Group 1-839
2024-11-27 11:00:58,921 INFO o.a.j.t.JMeterThread: Thread started: Thread Group 1-840
2024-11-27 11:00:58,922 INFO o.a.j.t.JMeterThread: Thread started: Thread Group 1-841
2024-11-27 11:00:58,913 INFO o.a.j.t.JMeterThread: Thread is done: Thread Group 1-768
2024-11-27 11:00:58,922 INFO o.a.j.t.JMeterThread: Thread finished: Thread Group 1-768
2024-11-27 11:00:58,913 INFO o.a.j.t.JMeterThread: Thread is done: Thread Group 1-767
2024-11-27 11:00:58,923 INFO o.a.j.t.JMeterThread: Thread finished: Thread Group 1-767
2024-11-27 11:00:58,912 INFO o.a.j.t.JMeterThread: Thread finished: Thread Group 1-771
2024-11-27 11:00:58,909 INFO o.a.j.t.JMeterThread: Thread is done: Thread Group 1-831
2024-11-27 11:00:58,923 INFO o.a.j.t.JMeterThread: Thread finished: Thread Group 1-831
2024-11-27 11:00:58,923 INFO o.a.j.t.JMeterThread: Thread finished: Thread Group 1-837
2024-11-27 11:00:58,906 INFO o.a.j.t.JMeterThread: Thread is done: Thread Group 1-134
2024-11-27 11:00:58,922 INFO o.a.j.t.JMeterThread: Thread started: Thread Group 1-842
2024-11-27 11:00:58,923 INFO o.a.j.t.JMeterThread: Thread finished: Thread Group 1-134
2024-11-27 11:00:58,928 INFO o.a.j.t.JMeterThread: Thread started: Thread Group 1-843
2024-11-27 11:00:58,929 INFO o.a.j.t.JMeterThread: Thread started: Thread Group 1-844
2024-11-27 11:00:58,934 INFO o.a.j.t.JMeterThread: Thread started: Thread Group 1-845
2024-11-27 11:00:58,943 INFO o.a.j.t.JMeterThread: Thread started: Thread Group 1-846
2024-11-27 11:00:58,944 INFO o.a.j.t.JMeterThread: Thread started: Thread Group 1-847
2024-11-27 11:00:58,949 INFO o.a.j.t.JMeterThread: Thread started: Thread Group 1-848
2024-11-27 11:00:58,956 INFO o.a.j.t.JMeterThread: Thread started: Thread Group 1-849
2024-11-27 11:00:58,962 INFO o.a.j.t.JMeterThread: Thread started: Thread Group 1-850
2024-11-27 11:00:58,966 INFO o.a.j.t.JMeterThread: Thread started: Thread Group 1-851
2024-11-27 11:00:58,973 INFO o.a.j.t.JMeterThread: Thread started: Thread Group 1-852
2024-11-27 11:00:58,978 INFO o.a.j.t.JMeterThread: Thread started: Thread Group 1-853
2024-11-27 11:00:58,979 INFO o.a.j.t.JMeterThread: Thread started: Thread Group 1-854
2024-11-27 11:00:58,986 INFO o.a.j.t.JMeterThread: Thread started: Thread Group 1-855
2024-11-27 11:00:58,993 INFO o.a.j.t.JMeterThread: Thread started: Thread Group 1-856
2024-11-27 11:00:58,997 INFO o.a.j.t.JMeterThread: Thread started: Thread Group 1-857
2024-11-27 11:00:59,001 INFO o.a.j.t.JMeterThread: Thread started: Thread Group 1-858
2024-11-27 11:00:59,006 INFO o.a.j.t.JMeterThread: Thread is done: Thread Group 1-755
2024-11-27 11:00:59,006 INFO o.a.j.t.JMeterThread: Thread finished: Thread Group 1-755
2024-11-27 11:00:59,006 INFO o.a.j.t.JMeterThread: Thread is done: Thread Group 1-694
2024-11-27 11:00:59,006 INFO o.a.j.t.JMeterThread: Thread finished: Thread Group 1-694
2024-11-27 11:00:59,007 INFO o.a.j.t.JMeterThread: Thread is done: Thread Group 1-448
2024-11-27 11:00:59,007 INFO o.a.j.t.JMeterThread: Thread finished: Thread Group 1-448
2024-11-27 11:00:59,007 INFO o.a.j.t.JMeterThread: Thread is done: Thread Group 1-733
2024-11-27 11:00:59,007 INFO o.a.j.t.JMeterThread: Thread finished: Thread Group 1-733
2024-11-27 11:00:59,007 INFO o.a.j.t.JMeterThread: Thread started: Thread Group 1-859
2024-11-27 11:00:59,007 INFO o.a.j.t.JMeterThread: Thread is done: Thread Group 1-773
2024-11-27 11:00:59,007 INFO o.a.j.t.JMeterThread: Thread finished: Thread Group 1-773
2024-11-27 11:00:59,007 INFO o.a.j.t.JMeterThread: Thread is done: Thread Group 1-770
2024-11-27 11:00:59,007 INFO o.a.j.t.JMeterThread: Thread finished: Thread Group 1-770
2024-11-27 11:00:59,007 INFO o.a.j.t.JMeterThread: Thread is done: Thread Group 1-133
2024-11-27 11:00:59,008 INFO o.a.j.t.JMeterThread: Thread finished: Thread Group 1-133
2024-11-27 11:00:59,008 INFO o.a.j.t.JMeterThread: Thread is done: Thread Group 1-774
2024-11-27 11:00:59,008 INFO o.a.j.t.JMeterThread: Thread finished: Thread Group 1-774
2024-11-27 11:00:59,008 INFO o.a.j.t.JMeterThread: Thread is done: Thread Group 1-827
2024-11-27 11:00:59,008 INFO o.a.j.t.JMeterThread: Thread finished: Thread Group 1-827
2024-11-27 11:00:59,008 INFO o.a.j.t.JMeterThread: Thread is done: Thread Group 1-779
2024-11-27 11:00:59,008 INFO o.a.j.t.JMeterThread: Thread finished: Thread Group 1-779
2024-11-27 11:00:59,009 INFO o.a.j.t.JMeterThread: Thread is done: Thread Group 1-758
2024-11-27 11:00:59,009 INFO o.a.j.t.JMeterThread: Thread finished: Thread Group 1-758
2024-11-27 11:00:59,009 INFO o.a.j.t.JMeterThread: Thread is done: Thread Group 1-446
2024-11-27 11:00:59,009 INFO o.a.j.t.JMeterThread: Thread finished: Thread Group 1-446
2024-11-27 11:00:59,009 INFO o.a.j.t.JMeterThread: Thread is done: Thread Group 1-778
2024-11-27 11:00:59,009 INFO o.a.j.t.JMeterThread: Thread finished: Thread Group 1-778
2024-11-27 11:00:59,009 INFO o.a.j.t.JMeterThread: Thread is done: Thread Group 1-799
2024-11-27 11:00:59,009 INFO o.a.j.t.JMeterThread: Thread finished: Thread Group 1-799
2024-11-27 11:00:59,009 INFO o.a.j.t.JMeterThread: Thread is done: Thread Group 1-137
2024-11-27 11:00:59,009 INFO o.a.j.t.JMeterThread: Thread finished: Thread Group 1-137
2024-11-27 11:00:59,009 INFO o.a.j.t.JMeterThread: Thread is done: Thread Group 1-618
2024-11-27 11:00:59,009 INFO o.a.j.t.JMeterThread: Thread finished: Thread Group 1-618
2024-11-27 11:00:59,009 INFO o.a.j.t.JMeterThread: Thread is done: Thread Group 1-450
2024-11-27 11:00:59,009 INFO o.a.j.t.JMeterThread: Thread is done: Thread Group 1-698
2024-11-27 11:00:59,009 INFO o.a.j.t.JMeterThread: Thread is done: Thread Group 1-451
2024-11-27 11:00:59,010 INFO o.a.j.t.JMeterThread: Thread finished: Thread Group 1-698
2024-11-27 11:00:59,009 INFO o.a.j.t.JMeterThread: Thread is done: Thread Group 1-455
2024-11-27 11:00:59,010 INFO o.a.j.t.JMeterThread: Thread finished: Thread Group 1-455
2024-11-27 11:00:59,010 INFO o.a.j.t.JMeterThread: Thread is done: Thread Group 1-454
2024-11-27 11:00:59,010 INFO o.a.j.t.JMeterThread: Thread is done: Thread Group 1-456
2024-11-27 11:00:59,009 INFO o.a.j.t.JMeterThread: Thread finished: Thread Group 1-450
2024-11-27 11:00:59,010 INFO o.a.j.t.JMeterThread: Thread is done: Thread Group 1-606
2024-11-27 11:00:59,010 INFO o.a.j.t.JMeterThread: Thread finished: Thread Group 1-454
2024-11-27 11:00:59,010 INFO o.a.j.t.JMeterThread: Thread finished: Thread Group 1-451
2024-11-27 11:00:59,010 INFO o.a.j.t.JMeterThread: Thread is done: Thread Group 1-605
2024-11-27 11:00:59,010 INFO o.a.j.t.JMeterThread: Thread finished: Thread Group 1-605
2024-11-27 11:00:59,010 INFO o.a.j.t.JMeterThread: Thread finished: Thread Group 1-606
2024-11-27 11:00:59,010 INFO o.a.j.t.JMeterThread: Thread finished: Thread Group 1-456
2024-11-27 11:00:59,010 INFO o.a.j.t.JMeterThread: Thread is done: Thread Group 1-457
2024-11-27 11:00:59,010 INFO o.a.j.t.JMeterThread: Thread is done: Thread Group 1-608
2024-11-27 11:00:59,010 INFO o.a.j.t.JMeterThread: Thread finished: Thread Group 1-457
2024-11-27 11:00:59,010 INFO o.a.j.t.JMeterThread: Thread finished: Thread Group 1-608
2024-11-27 11:00:59,010 INFO o.a.j.t.JMeterThread: Thread started: Thread Group 1-860
2024-11-27 11:00:59,010 INFO o.a.j.t.JMeterThread: Thread is done: Thread Group 1-607
2024-11-27 11:00:59,011 INFO o.a.j.t.JMeterThread: Thread finished: Thread Group 1-607
2024-11-27 11:00:59,011 INFO o.a.j.t.JMeterThread: Thread is done: Thread Group 1-609
2024-11-27 11:00:59,011 INFO o.a.j.t.JMeterThread: Thread finished: Thread Group 1-609
2024-11-27 11:00:59,011 INFO o.a.j.t.JMeterThread: Thread is done: Thread Group 1-610
2024-11-27 11:00:59,011 INFO o.a.j.t.JMeterThread: Thread finished: Thread Group 1-610
2024-11-27 11:00:59,011 INFO o.a.j.t.JMeterThread: Thread is done: Thread Group 1-611
2024-11-27 11:00:59,011 INFO o.a.j.t.JMeterThread: Thread finished: Thread Group 1-611
2024-11-27 11:00:59,011 INFO o.a.j.t.JMeterThread: Thread is done: Thread Group 1-614
2024-11-27 11:00:59,011 INFO o.a.j.t.JMeterThread: Thread is done: Thread Group 1-612
2024-11-27 11:00:59,011 INFO o.a.j.t.JMeterThread: Thread finished: Thread Group 1-614
2024-11-27 11:00:59,011 INFO o.a.j.t.JMeterThread: Thread is done: Thread Group 1-615
2024-11-27 11:00:59,011 INFO o.a.j.t.JMeterThread: Thread finished: Thread Group 1-615
2024-11-27 11:00:59,011 INFO o.a.j.t.JMeterThread: Thread is done: Thread Group 1-687
2024-11-27 11:00:59,011 INFO o.a.j.t.JMeterThread: Thread finished: Thread Group 1-687
2024-11-27 11:00:59,011 INFO o.a.j.t.JMeterThread: Thread finished: Thread Group 1-612
2024-11-27 11:00:59,012 INFO o.a.j.t.JMeterThread: Thread is done: Thread Group 1-686
2024-11-27 11:00:59,012 INFO o.a.j.t.JMeterThread: Thread finished: Thread Group 1-686
2024-11-27 11:00:59,012 INFO o.a.j.t.JMeterThread: Thread is done: Thread Group 1-689
2024-11-27 11:00:59,012 INFO o.a.j.t.JMeterThread: Thread finished: Thread Group 1-689
2024-11-27 11:00:59,012 INFO o.a.j.t.JMeterThread: Thread is done: Thread Group 1-684
2024-11-27 11:00:59,012 INFO o.a.j.t.JMeterThread: Thread finished: Thread Group 1-684
2024-11-27 11:00:59,012 INFO o.a.j.t.JMeterThread: Thread is done: Thread Group 1-777
2024-11-27 11:00:59,012 INFO o.a.j.t.JMeterThread: Thread is done: Thread Group 1-685
2024-11-27 11:00:59,012 INFO o.a.j.t.JMeterThread: Thread is done: Thread Group 1-688
2024-11-27 11:00:59,012 INFO o.a.j.t.JMeterThread: Thread finished: Thread Group 1-688
2024-11-27 11:00:59,012 INFO o.a.j.t.JMeterThread: Thread finished: Thread Group 1-777
2024-11-27 11:00:59,012 INFO o.a.j.t.JMeterThread: Thread is done: Thread Group 1-738
2024-11-27 11:00:59,012 INFO o.a.j.t.JMeterThread: Thread finished: Thread Group 1-738
2024-11-27 11:00:59,012 INFO o.a.j.t.JMeterThread: Thread is done: Thread Group 1-692
2024-11-27 11:00:59,012 INFO o.a.j.t.JMeterThread: Thread is done: Thread Group 1-725
2024-11-27 11:00:59,012 INFO o.a.j.t.JMeterThread: Thread finished: Thread Group 1-692
2024-11-27 11:00:59,012 INFO o.a.j.t.JMeterThread: Thread finished: Thread Group 1-685
2024-11-27 11:00:59,013 INFO o.a.j.t.JMeterThread: Thread is done: Thread Group 1-728
2024-11-27 11:00:59,013 INFO o.a.j.t.JMeterThread: Thread finished: Thread Group 1-728
2024-11-27 11:00:59,012 INFO o.a.j.t.JMeterThread: Thread finished: Thread Group 1-725
2024-11-27 11:00:59,013 INFO o.a.j.t.JMeterThread: Thread is done: Thread Group 1-729
2024-11-27 11:00:59,013 INFO o.a.j.t.JMeterThread: Thread finished: Thread Group 1-729
2024-11-27 11:00:59,013 INFO o.a.j.t.JMeterThread: Thread is done: Thread Group 1-726
2024-11-27 11:00:59,013 INFO o.a.j.t.JMeterThread: Thread finished: Thread Group 1-726
2024-11-27 11:00:59,013 INFO o.a.j.t.JMeterThread: Thread is done: Thread Group 1-734
2024-11-27 11:00:59,013 INFO o.a.j.t.JMeterThread: Thread is done: Thread Group 1-732
2024-11-27 11:00:59,013 INFO o.a.j.t.JMeterThread: Thread finished: Thread Group 1-732
2024-11-27 11:00:59,013 INFO o.a.j.t.JMeterThread: Thread finished: Thread Group 1-734
2024-11-27 11:00:59,013 INFO o.a.j.t.JMeterThread: Thread is done: Thread Group 1-735
2024-11-27 11:00:59,013 INFO o.a.j.t.JMeterThread: Thread finished: Thread Group 1-735
2024-11-27 11:00:59,013 INFO o.a.j.t.JMeterThread: Thread is done: Thread Group 1-747
2024-11-27 11:00:59,013 INFO o.a.j.t.JMeterThread: Thread is done: Thread Group 1-745
2024-11-27 11:00:59,013 INFO o.a.j.t.JMeterThread: Thread finished: Thread Group 1-745
2024-11-27 11:00:59,013 INFO o.a.j.t.JMeterThread: Thread finished: Thread Group 1-747
2024-11-27 11:00:59,013 INFO o.a.j.t.JMeterThread: Thread is done: Thread Group 1-746
2024-11-27 11:00:59,013 INFO o.a.j.t.JMeterThread: Thread is done: Thread Group 1-748
2024-11-27 11:00:59,014 INFO o.a.j.t.JMeterThread: Thread finished: Thread Group 1-746
2024-11-27 11:00:59,014 INFO o.a.j.t.JMeterThread: Thread started: Thread Group 1-861
2024-11-27 11:00:59,014 INFO o.a.j.t.JMeterThread: Thread is done: Thread Group 1-751
2024-11-27 11:00:59,014 INFO o.a.j.t.JMeterThread: Thread finished: Thread Group 1-751
2024-11-27 11:00:59,014 INFO o.a.j.t.JMeterThread: Thread finished: Thread Group 1-748
2024-11-27 11:00:59,014 INFO o.a.j.t.JMeterThread: Thread is done: Thread Group 1-750
2024-11-27 11:00:59,014 INFO o.a.j.t.JMeterThread: Thread finished: Thread Group 1-750
2024-11-27 11:00:59,014 INFO o.a.j.t.JMeterThread: Thread is done: Thread Group 1-749
2024-11-27 11:00:59,014 INFO o.a.j.t.JMeterThread: Thread finished: Thread Group 1-749
2024-11-27 11:00:59,014 INFO o.a.j.t.JMeterThread: Thread is done: Thread Group 1-825
2024-11-27 11:00:59,014 INFO o.a.j.t.JMeterThread: Thread finished: Thread Group 1-825
2024-11-27 11:00:59,014 INFO o.a.j.t.JMeterThread: Thread is done: Thread Group 1-753
2024-11-27 11:00:59,014 INFO o.a.j.t.JMeterThread: Thread finished: Thread Group 1-753
2024-11-27 11:00:59,020 INFO o.a.j.t.JMeterThread: Thread started: Thread Group 1-862
2024-11-27 11:00:59,028 INFO o.a.j.t.JMeterThread: Thread started: Thread Group 1-863
2024-11-27 11:00:59,032 INFO o.a.j.t.JMeterThread: Thread started: Thread Group 1-864
2024-11-27 11:00:59,038 INFO o.a.j.t.JMeterThread: Thread started: Thread Group 1-865
2024-11-27 11:00:59,043 INFO o.a.j.t.JMeterThread: Thread started: Thread Group 1-866
2024-11-27 11:00:59,046 INFO o.a.j.t.JMeterThread: Thread started: Thread Group 1-867
2024-11-27 11:00:59,051 INFO o.a.j.t.JMeterThread: Thread started: Thread Group 1-868
2024-11-27 11:00:59,058 INFO o.a.j.t.JMeterThread: Thread started: Thread Group 1-869
2024-11-27 11:00:59,062 INFO o.a.j.t.JMeterThread: Thread started: Thread Group 1-870
2024-11-27 11:00:59,067 INFO o.a.j.t.JMeterThread: Thread started: Thread Group 1-871
2024-11-27 11:00:59,071 INFO o.a.j.t.JMeterThread: Thread started: Thread Group 1-872
2024-11-27 11:00:59,073 INFO o.a.j.t.JMeterThread: Thread started: Thread Group 1-873
2024-11-27 11:00:59,078 INFO o.a.j.t.JMeterThread: Thread started: Thread Group 1-874
2024-11-27 11:00:59,085 INFO o.a.j.t.JMeterThread: Thread started: Thread Group 1-875
2024-11-27 11:00:59,086 INFO o.a.j.t.JMeterThread: Thread is done: Thread Group 1-172
2024-11-27 11:00:59,087 INFO o.a.j.t.JMeterThread: Thread finished: Thread Group 1-172
2024-11-27 11:00:59,090 INFO o.a.j.t.JMeterThread: Thread is done: Thread Group 1-175
2024-11-27 11:00:59,090 INFO o.a.j.t.JMeterThread: Thread is done: Thread Group 1-495
2024-11-27 11:00:59,090 INFO o.a.j.t.JMeterThread: Thread finished: Thread Group 1-175
2024-11-27 11:00:59,090 INFO o.a.j.t.JMeterThread: Thread finished: Thread Group 1-495
2024-11-27 11:00:59,093 INFO o.a.j.t.JMeterThread: Thread started: Thread Group 1-876
2024-11-27 11:00:59,093 INFO o.a.j.t.JMeterThread: Thread started: Thread Group 1-877
2024-11-27 11:00:59,098 INFO o.a.j.t.JMeterThread: Thread started: Thread Group 1-878
2024-11-27 11:00:59,103 INFO o.a.j.t.JMeterThread: Thread started: Thread Group 1-879
2024-11-27 11:00:59,110 INFO o.a.j.t.JMeterThread: Thread started: Thread Group 1-880
2024-11-27 11:00:59,111 INFO o.a.j.t.JMeterThread: Thread is done: Thread Group 1-819
2024-11-27 11:00:59,111 INFO o.a.j.t.JMeterThread: Thread is done: Thread Group 1-820
2024-11-27 11:00:59,112 INFO o.a.j.t.JMeterThread: Thread finished: Thread Group 1-820
2024-11-27 11:00:59,112 INFO o.a.j.t.JMeterThread: Thread is done: Thread Group 1-812
2024-11-27 11:00:59,112 INFO o.a.j.t.JMeterThread: Thread finished: Thread Group 1-812
2024-11-27 11:00:59,112 INFO o.a.j.t.JMeterThread: Thread is done: Thread Group 1-815
2024-11-27 11:00:59,112 INFO o.a.j.t.JMeterThread: Thread finished: Thread Group 1-815
2024-11-27 11:00:59,112 INFO o.a.j.t.JMeterThread: Thread is done: Thread Group 1-817
2024-11-27 11:00:59,112 INFO o.a.j.t.JMeterThread: Thread finished: Thread Group 1-817
2024-11-27 11:00:59,112 INFO o.a.j.t.JMeterThread: Thread is done: Thread Group 1-816
2024-11-27 11:00:59,112 INFO o.a.j.t.JMeterThread: Thread finished: Thread Group 1-816
2024-11-27 11:00:59,111 INFO o.a.j.t.JMeterThread: Thread finished: Thread Group 1-819
2024-11-27 11:00:59,111 INFO o.a.j.t.JMeterThread: Thread is done: Thread Group 1-811
2024-11-27 11:00:59,112 INFO o.a.j.t.JMeterThread: Thread finished: Thread Group 1-811
2024-11-27 11:00:59,113 INFO o.a.j.t.JMeterThread: Thread is done: Thread Group 1-814
2024-11-27 11:00:59,113 INFO o.a.j.t.JMeterThread: Thread finished: Thread Group 1-814
2024-11-27 11:00:59,117 INFO o.a.j.t.JMeterThread: Thread started: Thread Group 1-881
2024-11-27 11:00:59,121 INFO o.a.j.t.JMeterThread: Thread started: Thread Group 1-882
2024-11-27 11:00:59,128 INFO o.a.j.t.JMeterThread: Thread started: Thread Group 1-883
2024-11-27 11:00:59,131 INFO o.a.j.t.JMeterThread: Thread started: Thread Group 1-884
2024-11-27 11:00:59,134 INFO o.a.j.t.JMeterThread: Thread started: Thread Group 1-885
2024-11-27 11:00:59,143 INFO o.a.j.t.JMeterThread: Thread started: Thread Group 1-886
2024-11-27 11:00:59,146 INFO o.a.j.t.JMeterThread: Thread started: Thread Group 1-887
2024-11-27 11:00:59,150 INFO o.a.j.t.JMeterThread: Thread started: Thread Group 1-888
2024-11-27 11:00:59,158 INFO o.a.j.t.JMeterThread: Thread started: Thread Group 1-889
2024-11-27 11:00:59,161 INFO o.a.j.t.JMeterThread: Thread started: Thread Group 1-890
2024-11-27 11:00:59,165 INFO o.a.j.t.JMeterThread: Thread started: Thread Group 1-891
2024-11-27 11:00:59,169 INFO o.a.j.t.JMeterThread: Thread started: Thread Group 1-892
2024-11-27 11:00:59,178 INFO o.a.j.t.JMeterThread: Thread started: Thread Group 1-893
2024-11-27 11:00:59,179 INFO o.a.j.t.JMeterThread: Thread started: Thread Group 1-894
2024-11-27 11:00:59,185 INFO o.a.j.t.JMeterThread: Thread started: Thread Group 1-895
2024-11-27 11:00:59,193 INFO o.a.j.t.JMeterThread: Thread started: Thread Group 1-896
2024-11-27 11:00:59,197 INFO o.a.j.t.JMeterThread: Thread started: Thread Group 1-897
2024-11-27 11:00:59,200 INFO o.a.j.t.JMeterThread: Thread started: Thread Group 1-898
2024-11-27 11:00:59,208 INFO o.a.j.t.JMeterThread: Thread started: Thread Group 1-899
2024-11-27 11:00:59,210 INFO o.a.j.t.JMeterThread: Thread started: Thread Group 1-900
2024-11-27 11:00:59,220 INFO o.a.j.t.JMeterThread: Thread started: Thread Group 1-901
2024-11-27 11:00:59,228 INFO o.a.j.t.JMeterThread: Thread started: Thread Group 1-903
2024-11-27 11:00:59,229 INFO o.a.j.t.JMeterThread: Thread started: Thread Group 1-904
2024-11-27 11:00:59,236 INFO o.a.j.t.JMeterThread: Thread started: Thread Group 1-905
2024-11-27 11:00:59,244 INFO o.a.j.t.JMeterThread: Thread started: Thread Group 1-906
2024-11-27 11:00:59,249 INFO o.a.j.t.JMeterThread: Thread is done: Thread Group 1-867
2024-11-27 11:00:59,249 INFO o.a.j.t.JMeterThread: Thread finished: Thread Group 1-867
2024-11-27 11:00:59,249 INFO o.a.j.t.JMeterThread: Thread started: Thread Group 1-907
2024-11-27 11:00:59,249 INFO o.a.j.t.JMeterThread: Thread started: Thread Group 1-908
2024-11-27 11:00:59,258 INFO o.a.j.t.JMeterThread: Thread started: Thread Group 1-909
2024-11-27 11:00:59,258 INFO o.a.j.t.JMeterThread: Thread started: Thread Group 1-902
2024-11-27 11:00:59,259 INFO o.a.j.t.JMeterThread: Thread started: Thread Group 1-910
2024-11-27 11:00:59,267 INFO o.a.j.t.JMeterThread: Thread started: Thread Group 1-911
2024-11-27 11:00:59,273 INFO o.a.j.t.JMeterThread: Thread started: Thread Group 1-912
2024-11-27 11:00:59,278 INFO o.a.j.t.JMeterThread: Thread started: Thread Group 1-913
2024-11-27 11:00:59,279 INFO o.a.j.t.JMeterThread: Thread started: Thread Group 1-914
2024-11-27 11:00:59,284 INFO o.a.j.t.JMeterThread: Thread started: Thread Group 1-915
2024-11-27 11:00:59,293 INFO o.a.j.t.JMeterThread: Thread started: Thread Group 1-916
2024-11-27 11:00:59,295 INFO o.a.j.t.JMeterThread: Thread started: Thread Group 1-917
2024-11-27 11:00:59,300 INFO o.a.j.t.JMeterThread: Thread started: Thread Group 1-918
2024-11-27 11:00:59,309 INFO o.a.j.t.JMeterThread: Thread started: Thread Group 1-919
2024-11-27 11:00:59,309 INFO o.a.j.t.JMeterThread: Thread started: Thread Group 1-920
2024-11-27 11:00:59,316 INFO o.a.j.t.JMeterThread: Thread started: Thread Group 1-921
2024-11-27 11:00:59,318 INFO o.a.j.t.JMeterThread: Thread started: Thread Group 1-922
2024-11-27 11:00:59,328 INFO o.a.j.t.JMeterThread: Thread started: Thread Group 1-923
2024-11-27 11:00:59,328 INFO o.a.j.t.JMeterThread: Thread started: Thread Group 1-924
2024-11-27 11:00:59,333 INFO o.a.j.t.JMeterThread: Thread started: Thread Group 1-925
2024-11-27 11:00:59,343 INFO o.a.j.t.JMeterThread: Thread started: Thread Group 1-926
2024-11-27 11:00:59,344 INFO o.a.j.t.JMeterThread: Thread started: Thread Group 1-927
2024-11-27 11:00:59,348 INFO o.a.j.t.JMeterThread: Thread started: Thread Group 1-928
2024-11-27 11:00:59,353 INFO o.a.j.t.JMeterThread: Thread started: Thread Group 1-929
2024-11-27 11:00:59,359 INFO o.a.j.t.JMeterThread: Thread started: Thread Group 1-930
2024-11-27 11:00:59,367 INFO o.a.j.t.JMeterThread: Thread started: Thread Group 1-931
2024-11-27 11:00:59,369 INFO o.a.j.t.JMeterThread: Thread started: Thread Group 1-932
2024-11-27 11:00:59,396 INFO o.a.j.t.JMeterThread: Thread started: Thread Group 1-933
2024-11-27 11:00:59,396 INFO o.a.j.t.JMeterThread: Thread started: Thread Group 1-934
2024-11-27 11:00:59,396 INFO o.a.j.t.JMeterThread: Thread started: Thread Group 1-935
2024-11-27 11:00:59,396 INFO o.a.j.t.JMeterThread: Thread started: Thread Group 1-936
2024-11-27 11:00:59,398 INFO o.a.j.t.JMeterThread: Thread started: Thread Group 1-937
2024-11-27 11:00:59,399 INFO o.a.j.t.JMeterThread: Thread started: Thread Group 1-938
2024-11-27 11:00:59,402 INFO o.a.j.t.JMeterThread: Thread is done: Thread Group 1-918
2024-11-27 11:00:59,402 INFO o.a.j.t.JMeterThread: Thread finished: Thread Group 1-918
2024-11-27 11:00:59,404 INFO o.a.j.t.JMeterThread: Thread started: Thread Group 1-939
2024-11-27 11:00:59,408 INFO o.a.j.t.JMeterThread: Thread started: Thread Group 1-940
2024-11-27 11:00:59,412 INFO o.a.j.t.JMeterThread: Thread is done: Thread Group 1-900
2024-11-27 11:00:59,412 INFO o.a.j.t.JMeterThread: Thread finished: Thread Group 1-900
2024-11-27 11:00:59,415 INFO o.a.j.t.JMeterThread: Thread started: Thread Group 1-941
2024-11-27 11:00:59,420 INFO o.a.j.t.JMeterThread: Thread started: Thread Group 1-942
2024-11-27 11:00:59,428 INFO o.a.j.t.JMeterThread: Thread started: Thread Group 1-943
2024-11-27 11:00:59,430 INFO o.a.j.t.JMeterThread: Thread started: Thread Group 1-944
2024-11-27 11:00:59,432 INFO o.a.j.t.JMeterThread: Thread is done: Thread Group 1-904
2024-11-27 11:00:59,432 INFO o.a.j.t.JMeterThread: Thread finished: Thread Group 1-904
2024-11-27 11:00:59,432 INFO o.a.j.t.JMeterThread: Thread is done: Thread Group 1-844
2024-11-27 11:00:59,432 INFO o.a.j.t.JMeterThread: Thread finished: Thread Group 1-844
2024-11-27 11:00:59,433 INFO o.a.j.t.JMeterThread: Thread started: Thread Group 1-945
2024-11-27 11:00:59,443 INFO o.a.j.t.JMeterThread: Thread started: Thread Group 1-946
2024-11-27 11:00:59,445 INFO o.a.j.t.JMeterThread: Thread started: Thread Group 1-947
2024-11-27 11:00:59,453 INFO o.a.j.t.JMeterThread: Thread started: Thread Group 1-948
2024-11-27 11:00:59,454 INFO o.a.j.t.JMeterThread: Thread started: Thread Group 1-949
2024-11-27 11:00:59,464 INFO o.a.j.t.JMeterThread: Thread started: Thread Group 1-950
2024-11-27 11:00:59,464 INFO o.a.j.t.JMeterThread: Thread started: Thread Group 1-951
2024-11-27 11:00:59,470 INFO o.a.j.t.JMeterThread: Thread started: Thread Group 1-952
2024-11-27 11:00:59,478 INFO o.a.j.t.JMeterThread: Thread started: Thread Group 1-953
2024-11-27 11:00:59,480 INFO o.a.j.t.JMeterThread: Thread started: Thread Group 1-954
2024-11-27 11:00:59,486 INFO o.a.j.t.JMeterThread: Thread started: Thread Group 1-955
2024-11-27 11:00:59,493 INFO o.a.j.t.JMeterThread: Thread started: Thread Group 1-956
2024-11-27 11:00:59,497 INFO o.a.j.t.JMeterThread: Thread started: Thread Group 1-957
2024-11-27 11:00:59,500 INFO o.a.j.t.JMeterThread: Thread started: Thread Group 1-958
2024-11-27 11:00:59,506 INFO o.a.j.t.JMeterThread: Thread started: Thread Group 1-959
2024-11-27 11:00:59,509 INFO o.a.j.t.JMeterThread: Thread started: Thread Group 1-960
2024-11-27 11:00:59,515 INFO o.a.j.t.JMeterThread: Thread started: Thread Group 1-961
2024-11-27 11:00:59,520 INFO o.a.j.t.JMeterThread: Thread started: Thread Group 1-962
2024-11-27 11:00:59,529 INFO o.a.j.t.JMeterThread: Thread started: Thread Group 1-963
2024-11-27 11:00:59,531 INFO o.a.j.t.JMeterThread: Thread started: Thread Group 1-964
2024-11-27 11:00:59,534 INFO o.a.j.t.JMeterThread: Thread started: Thread Group 1-965
2024-11-27 11:00:59,543 INFO o.a.j.t.JMeterThread: Thread started: Thread Group 1-966
2024-11-27 11:00:59,544 INFO o.a.j.t.JMeterThread: Thread started: Thread Group 1-967
2024-11-27 11:00:59,549 INFO o.a.j.t.JMeterThread: Thread started: Thread Group 1-968
2024-11-27 11:00:59,557 INFO o.a.j.t.JMeterThread: Thread started: Thread Group 1-969
2024-11-27 11:00:59,559 INFO o.a.j.t.JMeterThread: Thread started: Thread Group 1-970
2024-11-27 11:00:59,565 INFO o.a.j.t.JMeterThread: Thread started: Thread Group 1-971
2024-11-27 11:00:59,569 INFO o.a.j.t.JMeterThread: Thread started: Thread Group 1-972
2024-11-27 11:00:59,578 INFO o.a.j.t.JMeterThread: Thread started: Thread Group 1-973
2024-11-27 11:00:59,581 INFO o.a.j.t.JMeterThread: Thread started: Thread Group 1-974
2024-11-27 11:00:59,587 INFO o.a.j.t.JMeterThread: Thread started: Thread Group 1-975
2024-11-27 11:00:59,593 INFO o.a.j.t.JMeterThread: Thread started: Thread Group 1-976
2024-11-27 11:00:59,596 INFO o.a.j.t.JMeterThread: Thread started: Thread Group 1-977
2024-11-27 11:00:59,599 INFO o.a.j.t.JMeterThread: Thread started: Thread Group 1-978
2024-11-27 11:00:59,600 INFO o.a.j.t.JMeterThread: Thread is done: Thread Group 1-935
2024-11-27 11:00:59,600 INFO o.a.j.t.JMeterThread: Thread finished: Thread Group 1-935
2024-11-27 11:00:59,606 INFO o.a.j.t.JMeterThread: Thread started: Thread Group 1-979
2024-11-27 11:00:59,609 INFO o.a.j.t.JMeterThread: Thread started: Thread Group 1-980
2024-11-27 11:00:59,613 INFO o.a.j.t.JMeterThread: Thread started: Thread Group 1-981
2024-11-27 11:00:59,620 INFO o.a.j.t.JMeterThread: Thread started: Thread Group 1-982
2024-11-27 11:00:59,628 INFO o.a.j.t.JMeterThread: Thread started: Thread Group 1-984
2024-11-27 11:00:59,628 INFO o.a.j.t.JMeterThread: Thread started: Thread Group 1-983
2024-11-27 11:00:59,633 INFO o.a.j.t.JMeterThread: Thread started: Thread Group 1-985
2024-11-27 11:00:59,638 INFO o.a.j.t.JMeterThread: Thread started: Thread Group 1-986
2024-11-27 11:00:59,645 INFO o.a.j.t.JMeterThread: Thread started: Thread Group 1-987
2024-11-27 11:00:59,648 INFO o.a.j.t.JMeterThread: Thread started: Thread Group 1-988
2024-11-27 11:00:59,653 INFO o.a.j.t.JMeterThread: Thread started: Thread Group 1-989
2024-11-27 11:00:59,661 INFO o.a.j.t.JMeterThread: Thread started: Thread Group 1-990
2024-11-27 11:00:59,664 INFO o.a.j.t.JMeterThread: Thread started: Thread Group 1-991
2024-11-27 11:00:59,670 INFO o.a.j.t.JMeterThread: Thread started: Thread Group 1-992
2024-11-27 11:00:59,674 INFO o.a.j.t.JMeterThread: Thread started: Thread Group 1-993
2024-11-27 11:00:59,679 INFO o.a.j.t.JMeterThread: Thread started: Thread Group 1-994
2024-11-27 11:00:59,684 INFO o.a.j.t.JMeterThread: Thread started: Thread Group 1-995
2024-11-27 11:00:59,689 INFO o.a.j.t.JMeterThread: Thread started: Thread Group 1-996
2024-11-27 11:00:59,693 INFO o.a.j.t.JMeterThread: Thread started: Thread Group 1-997
2024-11-27 11:00:59,699 INFO o.a.j.t.JMeterThread: Thread started: Thread Group 1-998
2024-11-27 11:00:59,705 INFO o.a.j.t.JMeterThread: Thread started: Thread Group 1-999
2024-11-27 11:00:59,709 INFO o.a.j.t.JMeterThread: Thread started: Thread Group 1-1000
2024-11-27 11:01:04,630 INFO o.a.j.t.JMeterThread: Thread is done: Thread Group 1-58
2024-11-27 11:01:04,630 INFO o.a.j.t.JMeterThread: Thread finished: Thread Group 1-58
2024-11-27 11:01:04,630 INFO o.a.j.t.JMeterThread: Thread is done: Thread Group 1-316
2024-11-27 11:01:04,631 INFO o.a.j.t.JMeterThread: Thread finished: Thread Group 1-316
2024-11-27 11:01:04,631 INFO o.a.j.t.JMeterThread: Thread is done: Thread Group 1-99
2024-11-27 11:01:04,631 INFO o.a.j.t.JMeterThread: Thread finished: Thread Group 1-99
2024-11-27 11:01:04,631 INFO o.a.j.t.JMeterThread: Thread is done: Thread Group 1-98
2024-11-27 11:01:04,631 INFO o.a.j.t.JMeterThread: Thread finished: Thread Group 1-98
2024-11-27 11:01:04,632 INFO o.a.j.t.JMeterThread: Thread is done: Thread Group 1-63
2024-11-27 11:01:04,632 INFO o.a.j.t.JMeterThread: Thread finished: Thread Group 1-63
2024-11-27 11:01:04,640 INFO o.a.j.r.Summariser: summary +    114 in 00:00:10 =   11.4/s Avg:   844 Min:    11 Max:  9615 Err:   113 (99.12%) Active: 882 Started: 1000 Finished: 118
2024-11-27 11:01:04,641 INFO o.a.j.t.JMeterThread: Thread is done: Thread Group 1-2
2024-11-27 11:01:04,641 INFO o.a.j.t.JMeterThread: Thread finished: Thread Group 1-2
2024-11-27 11:01:04,668 INFO o.a.j.t.JMeterThread: Thread is done: Thread Group 1-21
2024-11-27 11:01:04,668 INFO o.a.j.t.JMeterThread: Thread finished: Thread Group 1-21
2024-11-27 11:01:04,782 INFO o.a.j.t.JMeterThread: Thread is done: Thread Group 1-62
2024-11-27 11:01:04,782 INFO o.a.j.t.JMeterThread: Thread finished: Thread Group 1-62
2024-11-27 11:01:04,883 INFO o.a.j.t.JMeterThread: Thread is done: Thread Group 1-28
2024-11-27 11:01:04,883 INFO o.a.j.t.JMeterThread: Thread finished: Thread Group 1-28
2024-11-27 11:01:04,998 INFO o.a.j.t.JMeterThread: Thread is done: Thread Group 1-624
2024-11-27 11:01:04,998 INFO o.a.j.t.JMeterThread: Thread finished: Thread Group 1-624
2024-11-27 11:01:05,109 INFO o.a.j.t.JMeterThread: Thread is done: Thread Group 1-109
2024-11-27 11:01:05,109 INFO o.a.j.t.JMeterThread: Thread finished: Thread Group 1-109
2024-11-27 11:01:05,216 INFO o.a.j.t.JMeterThread: Thread is done: Thread Group 1-202
2024-11-27 11:01:05,216 INFO o.a.j.t.JMeterThread: Thread finished: Thread Group 1-202
2024-11-27 11:01:05,324 INFO o.a.j.t.JMeterThread: Thread is done: Thread Group 1-124
2024-11-27 11:01:05,324 INFO o.a.j.t.JMeterThread: Thread finished: Thread Group 1-124
2024-11-27 11:01:05,435 INFO o.a.j.t.JMeterThread: Thread is done: Thread Group 1-150
2024-11-27 11:01:05,435 INFO o.a.j.t.JMeterThread: Thread finished: Thread Group 1-150
2024-11-27 11:01:05,549 INFO o.a.j.t.JMeterThread: Thread is done: Thread Group 1-601
2024-11-27 11:01:05,549 INFO o.a.j.t.JMeterThread: Thread finished: Thread Group 1-601
2024-11-27 11:01:05,658 INFO o.a.j.t.JMeterThread: Thread is done: Thread Group 1-203
2024-11-27 11:01:05,658 INFO o.a.j.t.JMeterThread: Thread finished: Thread Group 1-203
2024-11-27 11:01:05,772 INFO o.a.j.t.JMeterThread: Thread is done: Thread Group 1-101
2024-11-27 11:01:05,773 INFO o.a.j.t.JMeterThread: Thread finished: Thread Group 1-101
2024-11-27 11:01:05,878 INFO o.a.j.t.JMeterThread: Thread is done: Thread Group 1-164
2024-11-27 11:01:05,878 INFO o.a.j.t.JMeterThread: Thread finished: Thread Group 1-164
2024-11-27 11:01:05,989 INFO o.a.j.t.JMeterThread: Thread is done: Thread Group 1-479
2024-11-27 11:01:05,989 INFO o.a.j.t.JMeterThread: Thread finished: Thread Group 1-479
2024-11-27 11:01:06,102 INFO o.a.j.t.JMeterThread: Thread is done: Thread Group 1-143
2024-11-27 11:01:06,102 INFO o.a.j.t.JMeterThread: Thread finished: Thread Group 1-143
2024-11-27 11:01:06,210 INFO o.a.j.t.JMeterThread: Thread is done: Thread Group 1-593
2024-11-27 11:01:06,210 INFO o.a.j.t.JMeterThread: Thread finished: Thread Group 1-593
2024-11-27 11:01:06,409 INFO o.a.j.t.JMeterThread: Thread is done: Thread Group 1-24
2024-11-27 11:01:06,409 INFO o.a.j.t.JMeterThread: Thread finished: Thread Group 1-24
2024-11-27 11:01:06,514 INFO o.a.j.t.JMeterThread: Thread is done: Thread Group 1-79
2024-11-27 11:01:06,515 INFO o.a.j.t.JMeterThread: Thread finished: Thread Group 1-79
2024-11-27 11:01:06,627 INFO o.a.j.t.JMeterThread: Thread is done: Thread Group 1-78
2024-11-27 11:01:06,627 INFO o.a.j.t.JMeterThread: Thread finished: Thread Group 1-78
2024-11-27 11:01:06,862 INFO o.a.j.t.JMeterThread: Thread is done: Thread Group 1-52
2024-11-27 11:01:06,862 INFO o.a.j.t.JMeterThread: Thread finished: Thread Group 1-52
2024-11-27 11:01:06,864 INFO o.a.j.t.JMeterThread: Thread is done: Thread Group 1-39
2024-11-27 11:01:06,864 INFO o.a.j.t.JMeterThread: Thread finished: Thread Group 1-39
2024-11-27 11:01:06,956 INFO o.a.j.t.JMeterThread: Thread is done: Thread Group 1-30
2024-11-27 11:01:06,957 INFO o.a.j.t.JMeterThread: Thread finished: Thread Group 1-30
2024-11-27 11:01:07,182 INFO o.a.j.t.JMeterThread: Thread is done: Thread Group 1-102
2024-11-27 11:01:07,183 INFO o.a.j.t.JMeterThread: Thread finished: Thread Group 1-102
2024-11-27 11:01:07,183 INFO o.a.j.t.JMeterThread: Thread is done: Thread Group 1-244
2024-11-27 11:01:07,183 INFO o.a.j.t.JMeterThread: Thread finished: Thread Group 1-244
2024-11-27 11:01:07,287 INFO o.a.j.t.JMeterThread: Thread is done: Thread Group 1-224
2024-11-27 11:01:07,287 INFO o.a.j.t.JMeterThread: Thread finished: Thread Group 1-224
2024-11-27 11:01:07,397 INFO o.a.j.t.JMeterThread: Thread is done: Thread Group 1-86
2024-11-27 11:01:07,397 INFO o.a.j.t.JMeterThread: Thread finished: Thread Group 1-86
2024-11-27 11:01:07,506 INFO o.a.j.t.JMeterThread: Thread is done: Thread Group 1-74
2024-11-27 11:01:07,507 INFO o.a.j.t.JMeterThread: Thread finished: Thread Group 1-74
2024-11-27 11:01:07,620 INFO o.a.j.t.JMeterThread: Thread is done: Thread Group 1-85
2024-11-27 11:01:07,620 INFO o.a.j.t.JMeterThread: Thread finished: Thread Group 1-85
2024-11-27 11:01:07,730 INFO o.a.j.t.JMeterThread: Thread is done: Thread Group 1-51
2024-11-27 11:01:07,730 INFO o.a.j.t.JMeterThread: Thread finished: Thread Group 1-51
2024-11-27 11:01:07,837 INFO o.a.j.t.JMeterThread: Thread is done: Thread Group 1-34
2024-11-27 11:01:07,837 INFO o.a.j.t.JMeterThread: Thread finished: Thread Group 1-34
2024-11-27 11:01:07,940 INFO o.a.j.t.JMeterThread: Thread is done: Thread Group 1-65
2024-11-27 11:01:07,940 INFO o.a.j.t.JMeterThread: Thread finished: Thread Group 1-65
2024-11-27 11:01:08,051 INFO o.a.j.t.JMeterThread: Thread is done: Thread Group 1-350
2024-11-27 11:01:08,051 INFO o.a.j.t.JMeterThread: Thread finished: Thread Group 1-350
2024-11-27 11:01:08,165 INFO o.a.j.t.JMeterThread: Thread is done: Thread Group 1-510
2024-11-27 11:01:08,165 INFO o.a.j.t.JMeterThread: Thread finished: Thread Group 1-510
2024-11-27 11:01:08,266 INFO o.a.j.t.JMeterThread: Thread is done: Thread Group 1-121
2024-11-27 11:01:08,266 INFO o.a.j.t.JMeterThread: Thread finished: Thread Group 1-121
2024-11-27 11:01:08,372 INFO o.a.j.t.JMeterThread: Thread is done: Thread Group 1-32
2024-11-27 11:01:08,372 INFO o.a.j.t.JMeterThread: Thread finished: Thread Group 1-32
2024-11-27 11:01:08,483 INFO o.a.j.t.JMeterThread: Thread is done: Thread Group 1-225
2024-11-27 11:01:08,483 INFO o.a.j.t.JMeterThread: Thread finished: Thread Group 1-225
2024-11-27 11:01:08,588 INFO o.a.j.t.JMeterThread: Thread is done: Thread Group 1-554
2024-11-27 11:01:08,588 INFO o.a.j.t.JMeterThread: Thread finished: Thread Group 1-554
2024-11-27 11:01:08,701 INFO o.a.j.t.JMeterThread: Thread is done: Thread Group 1-40
2024-11-27 11:01:08,701 INFO o.a.j.t.JMeterThread: Thread finished: Thread Group 1-40
2024-11-27 11:01:08,812 INFO o.a.j.t.JMeterThread: Thread is done: Thread Group 1-71
2024-11-27 11:01:08,812 INFO o.a.j.t.JMeterThread: Thread finished: Thread Group 1-71
2024-11-27 11:01:08,925 INFO o.a.j.t.JMeterThread: Thread is done: Thread Group 1-737
2024-11-27 11:01:08,925 INFO o.a.j.t.JMeterThread: Thread finished: Thread Group 1-737
2024-11-27 11:01:09,030 INFO o.a.j.t.JMeterThread: Thread is done: Thread Group 1-72
2024-11-27 11:01:09,030 INFO o.a.j.t.JMeterThread: Thread finished: Thread Group 1-72
2024-11-27 11:01:09,140 INFO o.a.j.t.JMeterThread: Thread is done: Thread Group 1-660
2024-11-27 11:01:09,140 INFO o.a.j.t.JMeterThread: Thread finished: Thread Group 1-660
2024-11-27 11:01:09,247 INFO o.a.j.t.JMeterThread: Thread is done: Thread Group 1-96
2024-11-27 11:01:09,247 INFO o.a.j.t.JMeterThread: Thread finished: Thread Group 1-96
2024-11-27 11:01:09,362 INFO o.a.j.t.JMeterThread: Thread is done: Thread Group 1-223
2024-11-27 11:01:09,362 INFO o.a.j.t.JMeterThread: Thread finished: Thread Group 1-223
2024-11-27 11:01:09,463 INFO o.a.j.t.JMeterThread: Thread is done: Thread Group 1-594
2024-11-27 11:01:09,463 INFO o.a.j.t.JMeterThread: Thread finished: Thread Group 1-594
2024-11-27 11:01:09,578 INFO o.a.j.t.JMeterThread: Thread is done: Thread Group 1-165
2024-11-27 11:01:09,578 INFO o.a.j.t.JMeterThread: Thread finished: Thread Group 1-165
2024-11-27 11:01:09,694 INFO o.a.j.t.JMeterThread: Thread is done: Thread Group 1-130
2024-11-27 11:01:09,694 INFO o.a.j.t.JMeterThread: Thread finished: Thread Group 1-130
2024-11-27 11:01:09,795 INFO o.a.j.t.JMeterThread: Thread is done: Thread Group 1-476
2024-11-27 11:01:09,795 INFO o.a.j.t.JMeterThread: Thread finished: Thread Group 1-476
2024-11-27 11:01:09,917 INFO o.a.j.t.JMeterThread: Thread is done: Thread Group 1-95
2024-11-27 11:01:09,917 INFO o.a.j.t.JMeterThread: Thread finished: Thread Group 1-95
2024-11-27 11:01:10,020 INFO o.a.j.t.JMeterThread: Thread is done: Thread Group 1-35
2024-11-27 11:01:10,020 INFO o.a.j.t.JMeterThread: Thread finished: Thread Group 1-35
2024-11-27 11:01:10,124 INFO o.a.j.t.JMeterThread: Thread is done: Thread Group 1-80
2024-11-27 11:01:10,125 INFO o.a.j.t.JMeterThread: Thread finished: Thread Group 1-80
2024-11-27 11:01:10,237 INFO o.a.j.t.JMeterThread: Thread is done: Thread Group 1-623
2024-11-27 11:01:10,237 INFO o.a.j.t.JMeterThread: Thread finished: Thread Group 1-623
2024-11-27 11:01:10,356 INFO o.a.j.t.JMeterThread: Thread is done: Thread Group 1-20
2024-11-27 11:01:10,356 INFO o.a.j.t.JMeterThread: Thread finished: Thread Group 1-20
2024-11-27 11:01:10,453 INFO o.a.j.t.JMeterThread: Thread is done: Thread Group 1-59
2024-11-27 11:01:10,453 INFO o.a.j.t.JMeterThread: Thread finished: Thread Group 1-59
2024-11-27 11:01:10,566 INFO o.a.j.t.JMeterThread: Thread is done: Thread Group 1-77
2024-11-27 11:01:10,566 INFO o.a.j.t.JMeterThread: Thread finished: Thread Group 1-77
2024-11-27 11:01:10,676 INFO o.a.j.t.JMeterThread: Thread is done: Thread Group 1-46
2024-11-27 11:01:10,676 INFO o.a.j.t.JMeterThread: Thread finished: Thread Group 1-46
2024-11-27 11:01:10,814 INFO o.a.j.t.JMeterThread: Thread is done: Thread Group 1-111
2024-11-27 11:01:10,814 INFO o.a.j.t.JMeterThread: Thread finished: Thread Group 1-111
2024-11-27 11:01:10,912 INFO o.a.j.t.JMeterThread: Thread is done: Thread Group 1-122
2024-11-27 11:01:10,913 INFO o.a.j.t.JMeterThread: Thread finished: Thread Group 1-122
2024-11-27 11:01:11,019 INFO o.a.j.t.JMeterThread: Thread is done: Thread Group 1-475
2024-11-27 11:01:11,019 INFO o.a.j.t.JMeterThread: Thread finished: Thread Group 1-475
2024-11-27 11:01:11,131 INFO o.a.j.t.JMeterThread: Thread is done: Thread Group 1-321
2024-11-27 11:01:11,131 INFO o.a.j.t.JMeterThread: Thread finished: Thread Group 1-321
2024-11-27 11:01:11,236 INFO o.a.j.t.JMeterThread: Thread is done: Thread Group 1-116
2024-11-27 11:01:11,237 INFO o.a.j.t.JMeterThread: Thread finished: Thread Group 1-116
2024-11-27 11:01:11,357 INFO o.a.j.t.JMeterThread: Thread is done: Thread Group 1-243
2024-11-27 11:01:11,357 INFO o.a.j.t.JMeterThread: Thread finished: Thread Group 1-243
2024-11-27 11:01:11,474 INFO o.a.j.t.JMeterThread: Thread is done: Thread Group 1-635
2024-11-27 11:01:11,474 INFO o.a.j.t.JMeterThread: Thread finished: Thread Group 1-635
2024-11-27 11:01:11,573 INFO o.a.j.t.JMeterThread: Thread is done: Thread Group 1-10
2024-11-27 11:01:11,573 INFO o.a.j.t.JMeterThread: Thread finished: Thread Group 1-10
2024-11-27 11:01:11,692 INFO o.a.j.t.JMeterThread: Thread is done: Thread Group 1-82
2024-11-27 11:01:11,693 INFO o.a.j.t.JMeterThread: Thread finished: Thread Group 1-82
2024-11-27 11:01:11,803 INFO o.a.j.t.JMeterThread: Thread is done: Thread Group 1-11
2024-11-27 11:01:11,804 INFO o.a.j.t.JMeterThread: Thread finished: Thread Group 1-11
2024-11-27 11:01:11,915 INFO o.a.j.t.JMeterThread: Thread is done: Thread Group 1-26
2024-11-27 11:01:11,915 INFO o.a.j.t.JMeterThread: Thread finished: Thread Group 1-26
2024-11-27 11:01:12,028 INFO o.a.j.t.JMeterThread: Thread is done: Thread Group 1-700
2024-11-27 11:01:12,029 INFO o.a.j.t.JMeterThread: Thread finished: Thread Group 1-700
2024-11-27 11:01:12,148 INFO o.a.j.t.JMeterThread: Thread is done: Thread Group 1-670
2024-11-27 11:01:12,148 INFO o.a.j.t.JMeterThread: Thread finished: Thread Group 1-670
2024-11-27 11:01:12,266 INFO o.a.j.t.JMeterThread: Thread is done: Thread Group 1-76
2024-11-27 11:01:12,266 INFO o.a.j.t.JMeterThread: Thread finished: Thread Group 1-76
2024-11-27 11:01:12,380 INFO o.a.j.t.JMeterThread: Thread is done: Thread Group 1-64
2024-11-27 11:01:12,381 INFO o.a.j.t.JMeterThread: Thread finished: Thread Group 1-64
2024-11-27 11:01:12,486 INFO o.a.j.t.JMeterThread: Thread is done: Thread Group 1-147
2024-11-27 11:01:12,486 INFO o.a.j.t.JMeterThread: Thread finished: Thread Group 1-147
2024-11-27 11:01:12,604 INFO o.a.j.t.JMeterThread: Thread is done: Thread Group 1-54
2024-11-27 11:01:12,604 INFO o.a.j.t.JMeterThread: Thread finished: Thread Group 1-54
2024-11-27 11:01:12,717 INFO o.a.j.t.JMeterThread: Thread is done: Thread Group 1-17
2024-11-27 11:01:12,717 INFO o.a.j.t.JMeterThread: Thread finished: Thread Group 1-17
2024-11-27 11:01:12,828 INFO o.a.j.t.JMeterThread: Thread is done: Thread Group 1-110
2024-11-27 11:01:12,828 INFO o.a.j.t.JMeterThread: Thread finished: Thread Group 1-110
2024-11-27 11:01:12,941 INFO o.a.j.t.JMeterThread: Thread is done: Thread Group 1-126
2024-11-27 11:01:12,941 INFO o.a.j.t.JMeterThread: Thread finished: Thread Group 1-126
2024-11-27 11:01:13,053 INFO o.a.j.t.JMeterThread: Thread is done: Thread Group 1-149
2024-11-27 11:01:13,053 INFO o.a.j.t.JMeterThread: Thread finished: Thread Group 1-149
2024-11-27 11:01:13,162 INFO o.a.j.t.JMeterThread: Thread is done: Thread Group 1-45
2024-11-27 11:01:13,162 INFO o.a.j.t.JMeterThread: Thread finished: Thread Group 1-45
2024-11-27 11:01:13,301 INFO o.a.j.t.JMeterThread: Thread is done: Thread Group 1-92
2024-11-27 11:01:13,301 INFO o.a.j.t.JMeterThread: Thread finished: Thread Group 1-92
2024-11-27 11:01:13,388 INFO o.a.j.t.JMeterThread: Thread is done: Thread Group 1-81
2024-11-27 11:01:13,389 INFO o.a.j.t.JMeterThread: Thread finished: Thread Group 1-81
2024-11-27 11:01:13,501 INFO o.a.j.t.JMeterThread: Thread is done: Thread Group 1-93
2024-11-27 11:01:13,502 INFO o.a.j.t.JMeterThread: Thread finished: Thread Group 1-93
2024-11-27 11:01:13,612 INFO o.a.j.t.JMeterThread: Thread is done: Thread Group 1-120
2024-11-27 11:01:13,612 INFO o.a.j.t.JMeterThread: Thread finished: Thread Group 1-120
2024-11-27 11:01:13,725 INFO o.a.j.t.JMeterThread: Thread is done: Thread Group 1-6
2024-11-27 11:01:13,725 INFO o.a.j.t.JMeterThread: Thread finished: Thread Group 1-6
2024-11-27 11:01:13,835 INFO o.a.j.t.JMeterThread: Thread is done: Thread Group 1-697
2024-11-27 11:01:13,835 INFO o.a.j.t.JMeterThread: Thread finished: Thread Group 1-697
2024-11-27 11:01:13,949 INFO o.a.j.t.JMeterThread: Thread is done: Thread Group 1-113
2024-11-27 11:01:13,949 INFO o.a.j.t.JMeterThread: Thread finished: Thread Group 1-113
2024-11-27 11:01:14,053 INFO o.a.j.t.JMeterThread: Thread is done: Thread Group 1-100
2024-11-27 11:01:14,053 INFO o.a.j.t.JMeterThread: Thread finished: Thread Group 1-100
2024-11-27 11:01:14,164 INFO o.a.j.t.JMeterThread: Thread is done: Thread Group 1-104
2024-11-27 11:01:14,165 INFO o.a.j.t.JMeterThread: Thread finished: Thread Group 1-104
2024-11-27 11:01:14,383 INFO o.a.j.t.JMeterThread: Thread is done: Thread Group 1-185
2024-11-27 11:01:14,384 INFO o.a.j.t.JMeterThread: Thread finished: Thread Group 1-185
2024-11-27 11:01:14,384 INFO o.a.j.t.JMeterThread: Thread is done: Thread Group 1-672
2024-11-27 11:01:14,384 INFO o.a.j.t.JMeterThread: Thread finished: Thread Group 1-672
2024-11-27 11:01:14,606 INFO o.a.j.t.JMeterThread: Thread is done: Thread Group 1-599
2024-11-27 11:01:14,606 INFO o.a.j.t.JMeterThread: Thread is done: Thread Group 1-131
2024-11-27 11:01:14,607 INFO o.a.j.t.JMeterThread: Thread finished: Thread Group 1-599
2024-11-27 11:01:14,607 INFO o.a.j.t.JMeterThread: Thread finished: Thread Group 1-131
2024-11-27 11:01:14,718 INFO o.a.j.t.JMeterThread: Thread is done: Thread Group 1-148
2024-11-27 11:01:14,718 INFO o.a.j.t.JMeterThread: Thread finished: Thread Group 1-148
2024-11-27 11:01:14,829 INFO o.a.j.t.JMeterThread: Thread is done: Thread Group 1-142
2024-11-27 11:01:14,829 INFO o.a.j.t.JMeterThread: Thread finished: Thread Group 1-142
2024-11-27 11:01:14,940 INFO o.a.j.t.JMeterThread: Thread is done: Thread Group 1-47
2024-11-27 11:01:14,940 INFO o.a.j.t.JMeterThread: Thread finished: Thread Group 1-47
2024-11-27 11:01:15,059 INFO o.a.j.t.JMeterThread: Thread is done: Thread Group 1-115
2024-11-27 11:01:15,059 INFO o.a.j.t.JMeterThread: Thread finished: Thread Group 1-115
2024-11-27 11:01:15,278 INFO o.a.j.t.JMeterThread: Thread is done: Thread Group 1-27
2024-11-27 11:01:15,279 INFO o.a.j.t.JMeterThread: Thread finished: Thread Group 1-27
2024-11-27 11:01:15,280 INFO o.a.j.t.JMeterThread: Thread is done: Thread Group 1-114
2024-11-27 11:01:15,280 INFO o.a.j.t.JMeterThread: Thread finished: Thread Group 1-114
2024-11-27 11:01:15,396 INFO o.a.j.t.JMeterThread: Thread is done: Thread Group 1-41
2024-11-27 11:01:15,396 INFO o.a.j.t.JMeterThread: Thread finished: Thread Group 1-41
2024-11-27 11:01:15,508 INFO o.a.j.t.JMeterThread: Thread is done: Thread Group 1-118
2024-11-27 11:01:15,508 INFO o.a.j.t.JMeterThread: Thread finished: Thread Group 1-118
2024-11-27 11:01:15,610 INFO o.a.j.t.JMeterThread: Thread is done: Thread Group 1-31
2024-11-27 11:01:15,624 INFO o.a.j.t.JMeterThread: Thread finished: Thread Group 1-31
2024-11-27 11:01:15,837 INFO o.a.j.t.JMeterThread: Thread is done: Thread Group 1-16
2024-11-27 11:01:15,837 INFO o.a.j.t.JMeterThread: Thread is done: Thread Group 1-480
2024-11-27 11:01:15,837 INFO o.a.j.t.JMeterThread: Thread finished: Thread Group 1-16
2024-11-27 11:01:15,837 INFO o.a.j.t.JMeterThread: Thread finished: Thread Group 1-480
2024-11-27 11:01:15,943 INFO o.a.j.t.JMeterThread: Thread is done: Thread Group 1-8
2024-11-27 11:01:15,943 INFO o.a.j.t.JMeterThread: Thread finished: Thread Group 1-8
2024-11-27 11:01:16,058 INFO o.a.j.t.JMeterThread: Thread is done: Thread Group 1-619
2024-11-27 11:01:16,059 INFO o.a.j.t.JMeterThread: Thread finished: Thread Group 1-619
2024-11-27 11:01:16,163 INFO o.a.j.t.JMeterThread: Thread is done: Thread Group 1-49
2024-11-27 11:01:16,163 INFO o.a.j.t.JMeterThread: Thread finished: Thread Group 1-49
2024-11-27 11:01:16,277 INFO o.a.j.t.JMeterThread: Thread is done: Thread Group 1-73
2024-11-27 11:01:16,277 INFO o.a.j.t.JMeterThread: Thread finished: Thread Group 1-73
2024-11-27 11:01:16,607 INFO o.a.j.t.JMeterThread: Thread is done: Thread Group 1-75
2024-11-27 11:01:16,607 INFO o.a.j.t.JMeterThread: Thread finished: Thread Group 1-75
2024-11-27 11:01:16,608 INFO o.a.j.t.JMeterThread: Thread is done: Thread Group 1-61
2024-11-27 11:01:16,609 INFO o.a.j.t.JMeterThread: Thread finished: Thread Group 1-61
2024-11-27 11:01:16,612 INFO o.a.j.t.JMeterThread: Thread is done: Thread Group 1-152
2024-11-27 11:01:16,612 INFO o.a.j.t.JMeterThread: Thread finished: Thread Group 1-152
2024-11-27 11:01:16,709 INFO o.a.j.t.JMeterThread: Thread is done: Thread Group 1-125
2024-11-27 11:01:16,709 INFO o.a.j.t.JMeterThread: Thread finished: Thread Group 1-125
2024-11-27 11:01:16,823 INFO o.a.j.t.JMeterThread: Thread is done: Thread Group 1-146
2024-11-27 11:01:16,823 INFO o.a.j.t.JMeterThread: Thread finished: Thread Group 1-146
2024-11-27 11:01:16,933 INFO o.a.j.t.JMeterThread: Thread is done: Thread Group 1-13
2024-11-27 11:01:16,933 INFO o.a.j.t.JMeterThread: Thread finished: Thread Group 1-13
2024-11-27 11:01:17,045 INFO o.a.j.t.JMeterThread: Thread is done: Thread Group 1-66
2024-11-27 11:01:17,045 INFO o.a.j.t.JMeterThread: Thread finished: Thread Group 1-66
2024-11-27 11:01:17,153 INFO o.a.j.t.JMeterThread: Thread is done: Thread Group 1-107
2024-11-27 11:01:17,153 INFO o.a.j.t.JMeterThread: Thread finished: Thread Group 1-107
2024-11-27 11:01:17,267 INFO o.a.j.t.JMeterThread: Thread is done: Thread Group 1-48
2024-11-27 11:01:17,268 INFO o.a.j.t.JMeterThread: Thread finished: Thread Group 1-48
2024-11-27 11:01:17,380 INFO o.a.j.t.JMeterThread: Thread is done: Thread Group 1-33
2024-11-27 11:01:17,380 INFO o.a.j.t.JMeterThread: Thread finished: Thread Group 1-33
2024-11-27 11:01:17,484 INFO o.a.j.t.JMeterThread: Thread is done: Thread Group 1-7
2024-11-27 11:01:17,484 INFO o.a.j.t.JMeterThread: Thread finished: Thread Group 1-7
2024-11-27 11:01:17,592 INFO o.a.j.t.JMeterThread: Thread is done: Thread Group 1-22
2024-11-27 11:01:17,592 INFO o.a.j.t.JMeterThread: Thread finished: Thread Group 1-22
2024-11-27 11:01:17,709 INFO o.a.j.t.JMeterThread: Thread is done: Thread Group 1-474
2024-11-27 11:01:17,710 INFO o.a.j.t.JMeterThread: Thread finished: Thread Group 1-474
2024-11-27 11:01:17,819 INFO o.a.j.t.JMeterThread: Thread is done: Thread Group 1-5
2024-11-27 11:01:17,819 INFO o.a.j.t.JMeterThread: Thread finished: Thread Group 1-5
2024-11-27 11:01:17,932 INFO o.a.j.t.JMeterThread: Thread is done: Thread Group 1-127
2024-11-27 11:01:17,932 INFO o.a.j.t.JMeterThread: Thread finished: Thread Group 1-127
2024-11-27 11:01:18,045 INFO o.a.j.t.JMeterThread: Thread is done: Thread Group 1-105
2024-11-27 11:01:18,045 INFO o.a.j.t.JMeterThread: Thread finished: Thread Group 1-105
2024-11-27 11:01:18,160 INFO o.a.j.t.JMeterThread: Thread is done: Thread Group 1-200
2024-11-27 11:01:18,160 INFO o.a.j.t.JMeterThread: Thread finished: Thread Group 1-200
2024-11-27 11:01:18,260 INFO o.a.j.t.JMeterThread: Thread is done: Thread Group 1-94
2024-11-27 11:01:18,261 INFO o.a.j.t.JMeterThread: Thread finished: Thread Group 1-94
2024-11-27 11:01:18,493 INFO o.a.j.t.JMeterThread: Thread is done: Thread Group 1-106
2024-11-27 11:01:18,493 INFO o.a.j.t.JMeterThread: Thread finished: Thread Group 1-106
2024-11-27 11:01:18,497 INFO o.a.j.t.JMeterThread: Thread is done: Thread Group 1-4
2024-11-27 11:01:18,497 INFO o.a.j.t.JMeterThread: Thread finished: Thread Group 1-4
2024-11-27 11:01:18,594 INFO o.a.j.t.JMeterThread: Thread is done: Thread Group 1-183
2024-11-27 11:01:18,594 INFO o.a.j.t.JMeterThread: Thread finished: Thread Group 1-183
2024-11-27 11:01:18,854 INFO o.a.j.t.JMeterThread: Thread is done: Thread Group 1-3
2024-11-27 11:01:18,854 INFO o.a.j.t.JMeterThread: Thread finished: Thread Group 1-3
2024-11-27 11:01:18,867 INFO o.a.j.t.JMeterThread: Thread is done: Thread Group 1-91
2024-11-27 11:01:18,868 INFO o.a.j.t.JMeterThread: Thread finished: Thread Group 1-91
2024-11-27 11:01:18,912 INFO o.a.j.t.JMeterThread: Thread is done: Thread Group 1-595
2024-11-27 11:01:18,912 INFO o.a.j.t.JMeterThread: Thread finished: Thread Group 1-595
2024-11-27 11:01:19,043 INFO o.a.j.t.JMeterThread: Thread is done: Thread Group 1-89
2024-11-27 11:01:19,043 INFO o.a.j.t.JMeterThread: Thread finished: Thread Group 1-89
2024-11-27 11:01:19,148 INFO o.a.j.t.JMeterThread: Thread is done: Thread Group 1-632
2024-11-27 11:01:19,148 INFO o.a.j.t.JMeterThread: Thread finished: Thread Group 1-632
2024-11-27 11:01:19,465 INFO o.a.j.t.JMeterThread: Thread is done: Thread Group 1-44
2024-11-27 11:01:19,465 INFO o.a.j.t.JMeterThread: Thread finished: Thread Group 1-44
2024-11-27 11:01:19,466 INFO o.a.j.t.JMeterThread: Thread is done: Thread Group 1-112
2024-11-27 11:01:19,466 INFO o.a.j.t.JMeterThread: Thread finished: Thread Group 1-112
2024-11-27 11:01:19,701 INFO o.a.j.t.JMeterThread: Thread is done: Thread Group 1-163
2024-11-27 11:01:19,701 INFO o.a.j.t.JMeterThread: Thread finished: Thread Group 1-163
2024-11-27 11:01:19,703 INFO o.a.j.t.JMeterThread: Thread is done: Thread Group 1-108
2024-11-27 11:01:19,703 INFO o.a.j.t.JMeterThread: Thread finished: Thread Group 1-108
2024-11-27 11:01:19,731 INFO o.a.j.t.JMeterThread: Thread is done: Thread Group 1-123
2024-11-27 11:01:19,731 INFO o.a.j.t.JMeterThread: Thread finished: Thread Group 1-123
2024-11-27 11:01:19,797 INFO o.a.j.t.JMeterThread: Thread is done: Thread Group 1-37
2024-11-27 11:01:19,797 INFO o.a.j.t.JMeterThread: Thread finished: Thread Group 1-37
2024-11-27 11:01:19,924 INFO o.a.j.t.JMeterThread: Thread is done: Thread Group 1-23
2024-11-27 11:01:19,924 INFO o.a.j.t.JMeterThread: Thread finished: Thread Group 1-23
2024-11-27 11:01:20,140 INFO o.a.j.t.JMeterThread: Thread is done: Thread Group 1-153
2024-11-27 11:01:20,140 INFO o.a.j.t.JMeterThread: Thread finished: Thread Group 1-153
2024-11-27 11:01:20,223 INFO o.a.j.t.JMeterThread: Thread is done: Thread Group 1-19
2024-11-27 11:01:20,223 INFO o.a.j.t.JMeterThread: Thread finished: Thread Group 1-19
2024-11-27 11:01:20,464 INFO o.a.j.t.JMeterThread: Thread is done: Thread Group 1-313
2024-11-27 11:01:20,464 INFO o.a.j.t.JMeterThread: Thread finished: Thread Group 1-313
2024-11-27 11:01:20,464 INFO o.a.j.t.JMeterThread: Thread is done: Thread Group 1-696
2024-11-27 11:01:20,465 INFO o.a.j.t.JMeterThread: Thread finished: Thread Group 1-696
2024-11-27 11:01:20,685 INFO o.a.j.t.JMeterThread: Thread is done: Thread Group 1-145
2024-11-27 11:01:20,685 INFO o.a.j.t.JMeterThread: Thread finished: Thread Group 1-145
2024-11-27 11:01:20,686 INFO o.a.j.t.JMeterThread: Thread is done: Thread Group 1-499
2024-11-27 11:01:20,687 INFO o.a.j.t.JMeterThread: Thread finished: Thread Group 1-499
2024-11-27 11:01:20,811 INFO o.a.j.t.JMeterThread: Thread is done: Thread Group 1-194
2024-11-27 11:01:20,811 INFO o.a.j.t.JMeterThread: Thread finished: Thread Group 1-194
2024-11-27 11:01:20,911 INFO o.a.j.t.JMeterThread: Thread is done: Thread Group 1-43
2024-11-27 11:01:20,911 INFO o.a.j.t.JMeterThread: Thread finished: Thread Group 1-43
2024-11-27 11:01:20,913 INFO o.a.j.t.JMeterThread: Thread is done: Thread Group 1-97
2024-11-27 11:01:20,913 INFO o.a.j.t.JMeterThread: Thread finished: Thread Group 1-97
2024-11-27 11:01:21,021 INFO o.a.j.t.JMeterThread: Thread is done: Thread Group 1-673
2024-11-27 11:01:21,021 INFO o.a.j.t.JMeterThread: Thread finished: Thread Group 1-673
2024-11-27 11:01:21,130 INFO o.a.j.t.JMeterThread: Thread is done: Thread Group 1-57
2024-11-27 11:01:21,131 INFO o.a.j.t.JMeterThread: Thread finished: Thread Group 1-57
2024-11-27 11:01:21,244 INFO o.a.j.t.JMeterThread: Thread is done: Thread Group 1-29
2024-11-27 11:01:21,244 INFO o.a.j.t.JMeterThread: Thread finished: Thread Group 1-29
2024-11-27 11:01:21,473 INFO o.a.j.t.JMeterThread: Thread is done: Thread Group 1-905
2024-11-27 11:01:21,473 INFO o.a.j.t.JMeterThread: Thread finished: Thread Group 1-905
2024-11-27 11:01:21,474 INFO o.a.j.t.JMeterThread: Thread is done: Thread Group 1-680
2024-11-27 11:01:21,474 INFO o.a.j.t.JMeterThread: Thread finished: Thread Group 1-680
2024-11-27 11:01:21,575 INFO o.a.j.t.JMeterThread: Thread is done: Thread Group 1-555
2024-11-27 11:01:21,575 INFO o.a.j.t.JMeterThread: Thread finished: Thread Group 1-555
2024-11-27 11:01:21,688 INFO o.a.j.t.JMeterThread: Thread is done: Thread Group 1-151
2024-11-27 11:01:21,698 INFO o.a.j.t.JMeterThread: Thread finished: Thread Group 1-151
2024-11-27 11:01:21,807 INFO o.a.j.t.JMeterThread: Thread is done: Thread Group 1-25
2024-11-27 11:01:21,807 INFO o.a.j.t.JMeterThread: Thread finished: Thread Group 1-25
2024-11-27 11:01:21,910 INFO o.a.j.t.JMeterThread: Thread is done: Thread Group 1-83
2024-11-27 11:01:21,910 INFO o.a.j.t.JMeterThread: Thread finished: Thread Group 1-83
2024-11-27 11:01:22,022 INFO o.a.j.t.JMeterThread: Thread is done: Thread Group 1-184
2024-11-27 11:01:22,022 INFO o.a.j.t.JMeterThread: Thread finished: Thread Group 1-184
2024-11-27 11:01:22,132 INFO o.a.j.t.JMeterThread: Thread is done: Thread Group 1-38
2024-11-27 11:01:22,132 INFO o.a.j.t.JMeterThread: Thread finished: Thread Group 1-38
2024-11-27 11:01:22,229 INFO o.a.j.t.JMeterThread: Thread is done: Thread Group 1-119
2024-11-27 11:01:22,229 INFO o.a.j.t.JMeterThread: Thread finished: Thread Group 1-119
2024-11-27 11:01:22,451 INFO o.a.j.t.JMeterThread: Thread is done: Thread Group 1-616
2024-11-27 11:01:22,452 INFO o.a.j.t.JMeterThread: Thread finished: Thread Group 1-616
2024-11-27 11:01:22,452 INFO o.a.j.t.JMeterThread: Thread is done: Thread Group 1-613
2024-11-27 11:01:22,452 INFO o.a.j.t.JMeterThread: Thread finished: Thread Group 1-613
2024-11-27 11:01:22,563 INFO o.a.j.t.JMeterThread: Thread is done: Thread Group 1-15
2024-11-27 11:01:22,563 INFO o.a.j.t.JMeterThread: Thread finished: Thread Group 1-15
2024-11-27 11:01:22,667 INFO o.a.j.t.JMeterThread: Thread is done: Thread Group 1-655
2024-11-27 11:01:22,667 INFO o.a.j.t.JMeterThread: Thread finished: Thread Group 1-655
2024-11-27 11:01:22,784 INFO o.a.j.t.JMeterThread: Thread is done: Thread Group 1-117
2024-11-27 11:01:22,785 INFO o.a.j.t.JMeterThread: Thread finished: Thread Group 1-117
2024-11-27 11:01:22,887 INFO o.a.j.t.JMeterThread: Thread is done: Thread Group 1-103
2024-11-27 11:01:22,888 INFO o.a.j.t.JMeterThread: Thread finished: Thread Group 1-103
2024-11-27 11:01:22,996 INFO o.a.j.t.JMeterThread: Thread is done: Thread Group 1-36
2024-11-27 11:01:22,996 INFO o.a.j.t.JMeterThread: Thread finished: Thread Group 1-36
2024-11-27 11:01:23,206 INFO o.a.j.t.JMeterThread: Thread is done: Thread Group 1-60
2024-11-27 11:01:23,206 INFO o.a.j.t.JMeterThread: Thread finished: Thread Group 1-60
2024-11-27 11:01:23,207 INFO o.a.j.t.JMeterThread: Thread is done: Thread Group 1-144
2024-11-27 11:01:23,207 INFO o.a.j.t.JMeterThread: Thread finished: Thread Group 1-144
2024-11-27 11:01:23,325 INFO o.a.j.t.JMeterThread: Thread is done: Thread Group 1-129
2024-11-27 11:01:23,325 INFO o.a.j.t.JMeterThread: Thread finished: Thread Group 1-129
2024-11-27 11:01:23,453 INFO o.a.j.t.JMeterThread: Thread is done: Thread Group 1-652
2024-11-27 11:01:23,453 INFO o.a.j.t.JMeterThread: Thread finished: Thread Group 1-652
2024-11-27 11:01:23,566 INFO o.a.j.t.JMeterThread: Thread is done: Thread Group 1-681
2024-11-27 11:01:23,566 INFO o.a.j.t.JMeterThread: Thread finished: Thread Group 1-681
2024-11-27 11:01:23,671 INFO o.a.j.t.JMeterThread: Thread is done: Thread Group 1-12
2024-11-27 11:01:23,671 INFO o.a.j.t.JMeterThread: Thread finished: Thread Group 1-12
2024-11-27 11:01:23,782 INFO o.a.j.t.JMeterThread: Thread is done: Thread Group 1-245
2024-11-27 11:01:23,782 INFO o.a.j.t.JMeterThread: Thread finished: Thread Group 1-245
2024-11-27 11:01:24,062 INFO o.a.j.t.JMeterThread: Thread is done: Thread Group 1-1
2024-11-27 11:01:24,062 INFO o.a.j.t.JMeterThread: Thread finished: Thread Group 1-1
2024-11-27 11:01:24,064 INFO o.a.j.t.JMeterThread: Thread is done: Thread Group 1-14
2024-11-27 11:01:24,064 INFO o.a.j.t.JMeterThread: Thread finished: Thread Group 1-14
2024-11-27 11:01:24,281 INFO o.a.j.t.JMeterThread: Thread is done: Thread Group 1-42
2024-11-27 11:01:24,281 INFO o.a.j.t.JMeterThread: Thread finished: Thread Group 1-42
2024-11-27 11:01:24,283 INFO o.a.j.t.JMeterThread: Thread is done: Thread Group 1-320
2024-11-27 11:01:24,283 INFO o.a.j.t.JMeterThread: Thread finished: Thread Group 1-320
2024-11-27 11:01:24,395 INFO o.a.j.t.JMeterThread: Thread is done: Thread Group 1-88
2024-11-27 11:01:24,395 INFO o.a.j.t.JMeterThread: Thread finished: Thread Group 1-88
2024-11-27 11:01:24,495 INFO o.a.j.t.JMeterThread: Thread is done: Thread Group 1-87
2024-11-27 11:01:24,495 INFO o.a.j.t.JMeterThread: Thread finished: Thread Group 1-87
2024-11-27 11:01:24,610 INFO o.a.j.t.JMeterThread: Thread is done: Thread Group 1-654
2024-11-27 11:01:24,611 INFO o.a.j.t.JMeterThread: Thread finished: Thread Group 1-654
2024-11-27 11:01:24,715 INFO o.a.j.t.JMeterThread: Thread is done: Thread Group 1-18
2024-11-27 11:01:24,715 INFO o.a.j.t.JMeterThread: Thread finished: Thread Group 1-18
2024-11-27 11:01:24,823 INFO o.a.j.t.JMeterThread: Thread is done: Thread Group 1-674
2024-11-27 11:01:24,823 INFO o.a.j.t.JMeterThread: Thread finished: Thread Group 1-674
2024-11-27 11:01:24,931 INFO o.a.j.t.JMeterThread: Thread is done: Thread Group 1-600
2024-11-27 11:01:24,931 INFO o.a.j.t.JMeterThread: Thread finished: Thread Group 1-600
2024-11-27 11:01:25,040 INFO o.a.j.t.JMeterThread: Thread is done: Thread Group 1-596
2024-11-27 11:01:25,040 INFO o.a.j.t.JMeterThread: Thread finished: Thread Group 1-596
2024-11-27 11:01:25,152 INFO o.a.j.t.JMeterThread: Thread is done: Thread Group 1-644
2024-11-27 11:01:25,152 INFO o.a.j.t.JMeterThread: Thread finished: Thread Group 1-644
2024-11-27 11:01:25,370 INFO o.a.j.t.JMeterThread: Thread is done: Thread Group 1-482
2024-11-27 11:01:25,370 INFO o.a.j.t.JMeterThread: Thread finished: Thread Group 1-482
2024-11-27 11:01:25,476 INFO o.a.j.t.JMeterThread: Thread is done: Thread Group 1-90
2024-11-27 11:01:25,476 INFO o.a.j.t.JMeterThread: Thread is done: Thread Group 1-132
2024-11-27 11:01:25,476 INFO o.a.j.t.JMeterThread: Thread finished: Thread Group 1-90
2024-11-27 11:01:25,478 INFO o.a.j.t.JMeterThread: Thread finished: Thread Group 1-132
2024-11-27 11:01:25,581 INFO o.a.j.t.JMeterThread: Thread is done: Thread Group 1-204
2024-11-27 11:01:25,582 INFO o.a.j.t.JMeterThread: Thread finished: Thread Group 1-204
2024-11-27 11:01:25,683 INFO o.a.j.t.JMeterThread: Thread is done: Thread Group 1-128
2024-11-27 11:01:25,683 INFO o.a.j.t.JMeterThread: Thread finished: Thread Group 1-128
2024-11-27 11:01:25,796 INFO o.a.j.t.JMeterThread: Thread is done: Thread Group 1-633
2024-11-27 11:01:25,796 INFO o.a.j.t.JMeterThread: Thread finished: Thread Group 1-633
2024-11-27 11:01:25,906 INFO o.a.j.t.JMeterThread: Thread is done: Thread Group 1-69
2024-11-27 11:01:25,906 INFO o.a.j.t.JMeterThread: Thread finished: Thread Group 1-69
2024-11-27 11:01:26,025 INFO o.a.j.t.JMeterThread: Thread is done: Thread Group 1-50
2024-11-27 11:01:26,025 INFO o.a.j.t.JMeterThread: Thread finished: Thread Group 1-50
2024-11-27 11:01:26,125 INFO o.a.j.t.JMeterThread: Thread is done: Thread Group 1-706
2024-11-27 11:01:26,125 INFO o.a.j.t.JMeterThread: Thread finished: Thread Group 1-706
2024-11-27 11:01:26,235 INFO o.a.j.t.JMeterThread: Thread is done: Thread Group 1-70
2024-11-27 11:01:26,235 INFO o.a.j.t.JMeterThread: Thread finished: Thread Group 1-70
2024-11-27 11:01:26,346 INFO o.a.j.t.JMeterThread: Thread is done: Thread Group 1-603
2024-11-27 11:01:26,347 INFO o.a.j.t.JMeterThread: Thread finished: Thread Group 1-603
2024-11-27 11:01:26,444 INFO o.a.j.t.JMeterThread: Thread is done: Thread Group 1-323
2024-11-27 11:01:26,444 INFO o.a.j.t.JMeterThread: Thread finished: Thread Group 1-323
2024-11-27 11:01:26,678 INFO o.a.j.t.JMeterThread: Thread is done: Thread Group 1-664
2024-11-27 11:01:26,678 INFO o.a.j.t.JMeterThread: Thread finished: Thread Group 1-664
2024-11-27 11:01:26,683 INFO o.a.j.t.JMeterThread: Thread is done: Thread Group 1-563
2024-11-27 11:01:26,683 INFO o.a.j.t.JMeterThread: Thread finished: Thread Group 1-563
2024-11-27 11:01:26,805 INFO o.a.j.t.JMeterThread: Thread is done: Thread Group 1-56
2024-11-27 11:01:26,805 INFO o.a.j.t.JMeterThread: Thread finished: Thread Group 1-56
2024-11-27 11:01:26,883 INFO o.a.j.t.JMeterThread: Thread is done: Thread Group 1-484
2024-11-27 11:01:26,883 INFO o.a.j.t.JMeterThread: Thread finished: Thread Group 1-484
2024-11-27 11:01:26,991 INFO o.a.j.t.JMeterThread: Thread is done: Thread Group 1-653
2024-11-27 11:01:26,991 INFO o.a.j.t.JMeterThread: Thread finished: Thread Group 1-653
2024-11-27 11:01:27,324 INFO o.a.j.t.JMeterThread: Thread is done: Thread Group 1-242
2024-11-27 11:01:27,324 INFO o.a.j.t.JMeterThread: Thread finished: Thread Group 1-242
2024-11-27 11:01:27,325 INFO o.a.j.t.JMeterThread: Thread is done: Thread Group 1-604
2024-11-27 11:01:27,326 INFO o.a.j.t.JMeterThread: Thread finished: Thread Group 1-604
2024-11-27 11:01:27,329 INFO o.a.j.t.JMeterThread: Thread is done: Thread Group 1-695
2024-11-27 11:01:27,329 INFO o.a.j.t.JMeterThread: Thread finished: Thread Group 1-695
2024-11-27 11:01:27,440 INFO o.a.j.t.JMeterThread: Thread is done: Thread Group 1-592
2024-11-27 11:01:27,440 INFO o.a.j.t.JMeterThread: Thread finished: Thread Group 1-592
2024-11-27 11:01:27,551 INFO o.a.j.t.JMeterThread: Thread is done: Thread Group 1-553
2024-11-27 11:01:27,551 INFO o.a.j.t.JMeterThread: Thread finished: Thread Group 1-553
2024-11-27 11:01:27,718 INFO o.a.j.t.JMeterThread: Thread is done: Thread Group 1-693
2024-11-27 11:01:27,718 INFO o.a.j.t.JMeterThread: Thread finished: Thread Group 1-693
2024-11-27 11:01:27,776 INFO o.a.j.t.JMeterThread: Thread is done: Thread Group 1-473
2024-11-27 11:01:27,776 INFO o.a.j.t.JMeterThread: Thread finished: Thread Group 1-473
2024-11-27 11:01:27,882 INFO o.a.j.t.JMeterThread: Thread is done: Thread Group 1-714
2024-11-27 11:01:27,882 INFO o.a.j.t.JMeterThread: Thread finished: Thread Group 1-714
2024-11-27 11:01:27,994 INFO o.a.j.t.JMeterThread: Thread is done: Thread Group 1-629
2024-11-27 11:01:27,994 INFO o.a.j.t.JMeterThread: Thread finished: Thread Group 1-629
2024-11-27 11:01:28,110 INFO o.a.j.t.JMeterThread: Thread is done: Thread Group 1-709
2024-11-27 11:01:28,111 INFO o.a.j.t.JMeterThread: Thread finished: Thread Group 1-709
2024-11-27 11:01:28,213 INFO o.a.j.t.JMeterThread: Thread is done: Thread Group 1-730
2024-11-27 11:01:28,761 INFO o.a.j.t.JMeterThread: Thread is done: Thread Group 1-731
2024-11-27 11:01:28,793 INFO o.a.j.t.JMeterThread: Thread finished: Thread Group 1-730
2024-11-27 11:01:28,793 INFO o.a.j.t.JMeterThread: Thread finished: Thread Group 1-731
2024-11-27 11:01:28,654 INFO o.a.j.t.JMeterThread: Thread is done: Thread Group 1-626
2024-11-27 11:01:28,796 INFO o.a.j.t.JMeterThread: Thread finished: Thread Group 1-626
2024-11-27 11:01:28,542 INFO o.a.j.t.JMeterThread: Thread is done: Thread Group 1-710
2024-11-27 11:01:28,797 INFO o.a.j.t.JMeterThread: Thread finished: Thread Group 1-710
2024-11-27 11:01:28,446 INFO o.a.j.t.JMeterThread: Thread is done: Thread Group 1-628
2024-11-27 11:01:28,798 INFO o.a.j.t.JMeterThread: Thread finished: Thread Group 1-628
2024-11-27 11:01:28,327 INFO o.a.j.t.JMeterThread: Thread is done: Thread Group 1-711
2024-11-27 11:01:28,799 INFO o.a.j.t.JMeterThread: Thread finished: Thread Group 1-711
2024-11-27 11:01:28,870 INFO o.a.j.t.JMeterThread: Thread is done: Thread Group 1-627
2024-11-27 11:01:28,870 INFO o.a.j.t.JMeterThread: Thread finished: Thread Group 1-627
2024-11-27 11:01:28,982 INFO o.a.j.t.JMeterThread: Thread is done: Thread Group 1-84
2024-11-27 11:01:28,983 INFO o.a.j.t.JMeterThread: Thread finished: Thread Group 1-84
2024-11-27 11:01:29,102 INFO o.a.j.t.JMeterThread: Thread is done: Thread Group 1-562
2024-11-27 11:01:29,102 INFO o.a.j.t.JMeterThread: Thread finished: Thread Group 1-562
2024-11-27 11:01:29,204 INFO o.a.j.t.JMeterThread: Thread is done: Thread Group 1-511
2024-11-27 11:01:29,205 INFO o.a.j.t.JMeterThread: Thread finished: Thread Group 1-511
2024-11-27 11:01:29,323 INFO o.a.j.t.JMeterThread: Thread is done: Thread Group 1-620
2024-11-27 11:01:29,324 INFO o.a.j.t.JMeterThread: Thread finished: Thread Group 1-620
2024-11-27 11:01:29,434 INFO o.a.j.t.JMeterThread: Thread is done: Thread Group 1-640
2024-11-27 11:01:29,434 INFO o.a.j.t.JMeterThread: Thread finished: Thread Group 1-640
2024-11-27 11:01:29,541 INFO o.a.j.t.JMeterThread: Thread is done: Thread Group 1-9
2024-11-27 11:01:29,541 INFO o.a.j.t.JMeterThread: Thread finished: Thread Group 1-9
2024-11-27 11:01:29,653 INFO o.a.j.t.JMeterThread: Thread is done: Thread Group 1-560
2024-11-27 11:01:29,653 INFO o.a.j.t.JMeterThread: Thread finished: Thread Group 1-560
2024-11-27 11:01:29,762 INFO o.a.j.t.JMeterThread: Thread is done: Thread Group 1-416
2024-11-27 11:01:29,762 INFO o.a.j.t.JMeterThread: Thread finished: Thread Group 1-416
2024-11-27 11:01:29,877 INFO o.a.j.t.JMeterThread: Thread is done: Thread Group 1-561
2024-11-27 11:01:29,877 INFO o.a.j.t.JMeterThread: Thread finished: Thread Group 1-561
2024-11-27 11:01:29,985 INFO o.a.j.t.JMeterThread: Thread is done: Thread Group 1-415
2024-11-27 11:01:29,985 INFO o.a.j.t.JMeterThread: Thread finished: Thread Group 1-415
2024-11-27 11:01:30,113 INFO o.a.j.r.Summariser: summary +    235 in 00:00:25 =    9.2/s Avg: 21138 Min:  7168 Max: 34562 Err:     0 (0.00%) Active: 652 Started: 1000 Finished: 348
2024-11-27 11:01:30,114 INFO o.a.j.r.Summariser: summary =    349 in 00:00:35 =    9.8/s Avg: 14509 Min:    11 Max: 34562 Err:   113 (32.38%)
2024-11-27 11:01:30,114 INFO o.a.j.t.JMeterThread: Thread is done: Thread Group 1-717
2024-11-27 11:01:30,114 INFO o.a.j.t.JMeterThread: Thread finished: Thread Group 1-717
2024-11-27 11:01:30,214 INFO o.a.j.t.JMeterThread: Thread is done: Thread Group 1-798
2024-11-27 11:01:30,215 INFO o.a.j.t.JMeterThread: Thread finished: Thread Group 1-798
2024-11-27 11:01:30,318 INFO o.a.j.t.JMeterThread: Thread is done: Thread Group 1-757
2024-11-27 11:01:30,318 INFO o.a.j.t.JMeterThread: Thread finished: Thread Group 1-757
2024-11-27 11:01:30,442 INFO o.a.j.t.JMeterThread: Thread is done: Thread Group 1-796
2024-11-27 11:01:30,442 INFO o.a.j.t.JMeterThread: Thread finished: Thread Group 1-796
2024-11-27 11:01:30,567 INFO o.a.j.t.JMeterThread: Thread is done: Thread Group 1-775
2024-11-27 11:01:30,567 INFO o.a.j.t.JMeterThread: Thread finished: Thread Group 1-775
2024-11-27 11:01:30,651 INFO o.a.j.t.JMeterThread: Thread is done: Thread Group 1-736
2024-11-27 11:01:30,652 INFO o.a.j.t.JMeterThread: Thread finished: Thread Group 1-736
2024-11-27 11:01:30,762 INFO o.a.j.t.JMeterThread: Thread is done: Thread Group 1-576
2024-11-27 11:01:30,762 INFO o.a.j.t.JMeterThread: Thread finished: Thread Group 1-576
2024-11-27 11:01:30,975 INFO o.a.j.t.JMeterThread: Thread is done: Thread Group 1-483
2024-11-27 11:01:30,975 INFO o.a.j.t.JMeterThread: Thread finished: Thread Group 1-483
2024-11-27 11:01:30,976 INFO o.a.j.t.JMeterThread: Thread is done: Thread Group 1-575
2024-11-27 11:01:30,976 INFO o.a.j.t.JMeterThread: Thread finished: Thread Group 1-575
2024-11-27 11:01:31,087 INFO o.a.j.t.JMeterThread: Thread is done: Thread Group 1-797
2024-11-27 11:01:31,087 INFO o.a.j.t.JMeterThread: Thread finished: Thread Group 1-797
2024-11-27 11:01:31,198 INFO o.a.j.t.JMeterThread: Thread is done: Thread Group 1-843
2024-11-27 11:01:31,198 INFO o.a.j.t.JMeterThread: Thread finished: Thread Group 1-843
2024-11-27 11:01:31,312 INFO o.a.j.t.JMeterThread: Thread is done: Thread Group 1-682
2024-11-27 11:01:31,312 INFO o.a.j.t.JMeterThread: Thread finished: Thread Group 1-682
2024-11-27 11:01:31,423 INFO o.a.j.t.JMeterThread: Thread is done: Thread Group 1-663
2024-11-27 11:01:31,423 INFO o.a.j.t.JMeterThread: Thread finished: Thread Group 1-663
2024-11-27 11:01:31,536 INFO o.a.j.t.JMeterThread: Thread is done: Thread Group 1-564
2024-11-27 11:01:31,536 INFO o.a.j.t.JMeterThread: Thread finished: Thread Group 1-564
2024-11-27 11:01:31,651 INFO o.a.j.t.JMeterThread: Thread is done: Thread Group 1-761
2024-11-27 11:01:31,651 INFO o.a.j.t.JMeterThread: Thread finished: Thread Group 1-761
2024-11-27 11:01:31,762 INFO o.a.j.t.JMeterThread: Thread is done: Thread Group 1-324
2024-11-27 11:01:31,763 INFO o.a.j.t.JMeterThread: Thread finished: Thread Group 1-324
2024-11-27 11:01:31,870 INFO o.a.j.t.JMeterThread: Thread is done: Thread Group 1-924
2024-11-27 11:01:31,870 INFO o.a.j.t.JMeterThread: Thread finished: Thread Group 1-924
2024-11-27 11:01:31,987 INFO o.a.j.t.JMeterThread: Thread is done: Thread Group 1-760
2024-11-27 11:01:31,987 INFO o.a.j.t.JMeterThread: Thread finished: Thread Group 1-760
2024-11-27 11:01:32,206 INFO o.a.j.t.JMeterThread: Thread is done: Thread Group 1-821
2024-11-27 11:01:32,206 INFO o.a.j.t.JMeterThread: Thread finished: Thread Group 1-821
2024-11-27 11:01:32,304 INFO o.a.j.t.JMeterThread: Thread is done: Thread Group 1-782
2024-11-27 11:01:32,304 INFO o.a.j.t.JMeterThread: Thread finished: Thread Group 1-782
2024-11-27 11:01:32,325 INFO o.a.j.t.JMeterThread: Thread is done: Thread Group 1-441
2024-11-27 11:01:32,325 INFO o.a.j.t.JMeterThread: Thread finished: Thread Group 1-441
2024-11-27 11:01:32,428 INFO o.a.j.t.JMeterThread: Thread is done: Thread Group 1-762
2024-11-27 11:01:32,428 INFO o.a.j.t.JMeterThread: Thread finished: Thread Group 1-762
2024-11-27 11:01:32,523 INFO o.a.j.t.JMeterThread: Thread is done: Thread Group 1-721
2024-11-27 11:01:32,523 INFO o.a.j.t.JMeterThread: Thread finished: Thread Group 1-721
2024-11-27 11:01:32,630 INFO o.a.j.t.JMeterThread: Thread is done: Thread Group 1-742
2024-11-27 11:01:32,631 INFO o.a.j.t.JMeterThread: Thread finished: Thread Group 1-742
2024-11-27 11:01:32,661 INFO o.a.j.t.JMeterThread: Thread is done: Thread Group 1-68
2024-11-27 11:01:32,661 INFO o.a.j.t.JMeterThread: Thread finished: Thread Group 1-68
2024-11-27 11:01:32,661 INFO o.a.j.t.JMeterThread: Thread is done: Thread Group 1-55
2024-11-27 11:01:32,661 INFO o.a.j.t.JMeterThread: Thread finished: Thread Group 1-55
2024-11-27 11:01:32,671 INFO o.a.j.t.JMeterThread: Thread is done: Thread Group 1-643
2024-11-27 11:01:32,671 INFO o.a.j.t.JMeterThread: Thread finished: Thread Group 1-643
2024-11-27 11:01:32,675 INFO o.a.j.t.JMeterThread: Thread is done: Thread Group 1-53
2024-11-27 11:01:32,675 INFO o.a.j.t.JMeterThread: Thread finished: Thread Group 1-53
2024-11-27 11:01:32,744 INFO o.a.j.t.JMeterThread: Thread is done: Thread Group 1-690
2024-11-27 11:01:32,744 INFO o.a.j.t.JMeterThread: Thread finished: Thread Group 1-690
2024-11-27 11:01:32,965 INFO o.a.j.t.JMeterThread: Thread is done: Thread Group 1-602
2024-11-27 11:01:32,965 INFO o.a.j.t.JMeterThread: Thread finished: Thread Group 1-602
2024-11-27 11:01:32,966 INFO o.a.j.t.JMeterThread: Thread is done: Thread Group 1-724
2024-11-27 11:01:32,967 INFO o.a.j.t.JMeterThread: Thread finished: Thread Group 1-724
2024-11-27 11:01:33,064 INFO o.a.j.t.JMeterThread: Thread is done: Thread Group 1-650
2024-11-27 11:01:33,065 INFO o.a.j.t.JMeterThread: Thread finished: Thread Group 1-650
2024-11-27 11:01:33,171 INFO o.a.j.t.JMeterThread: Thread is done: Thread Group 1-759
2024-11-27 11:01:33,171 INFO o.a.j.t.JMeterThread: Thread finished: Thread Group 1-759
2024-11-27 11:01:33,282 INFO o.a.j.t.JMeterThread: Thread is done: Thread Group 1-67
2024-11-27 11:01:33,282 INFO o.a.j.t.JMeterThread: Thread finished: Thread Group 1-67
2024-11-27 11:01:33,389 INFO o.a.j.t.JMeterThread: Thread is done: Thread Group 1-691
2024-11-27 11:01:33,389 INFO o.a.j.t.JMeterThread: Thread finished: Thread Group 1-691
2024-11-27 11:01:33,499 INFO o.a.j.t.JMeterThread: Thread is done: Thread Group 1-784
2024-11-27 11:01:33,499 INFO o.a.j.t.JMeterThread: Thread finished: Thread Group 1-784
2024-11-27 11:01:33,728 INFO o.a.j.t.JMeterThread: Thread is done: Thread Group 1-996
2024-11-27 11:01:33,728 INFO o.a.j.t.JMeterThread: Thread finished: Thread Group 1-996
2024-11-27 11:01:33,827 INFO o.a.j.t.JMeterThread: Thread is done: Thread Group 1-444
2024-11-27 11:01:33,827 INFO o.a.j.t.JMeterThread: Thread finished: Thread Group 1-444
2024-11-27 11:01:33,932 INFO o.a.j.t.JMeterThread: Thread is done: Thread Group 1-447
2024-11-27 11:01:33,932 INFO o.a.j.t.JMeterThread: Thread finished: Thread Group 1-447
2024-11-27 11:01:33,939 INFO o.a.j.t.JMeterThread: Thread is done: Thread Group 1-795
2024-11-27 11:01:33,939 INFO o.a.j.t.JMeterThread: Thread finished: Thread Group 1-795
2024-11-27 11:01:34,140 INFO o.a.j.t.JMeterThread: Thread is done: Thread Group 1-832
2024-11-27 11:01:34,140 INFO o.a.j.t.JMeterThread: Thread finished: Thread Group 1-832
2024-11-27 11:01:34,141 INFO o.a.j.t.JMeterThread: Thread is done: Thread Group 1-765
2024-11-27 11:01:34,141 INFO o.a.j.t.JMeterThread: Thread finished: Thread Group 1-765
2024-11-27 11:01:34,176 INFO o.a.j.t.JMeterThread: Thread is done: Thread Group 1-683
2024-11-27 11:01:34,177 INFO o.a.j.t.JMeterThread: Thread finished: Thread Group 1-683
2024-11-27 11:01:34,244 INFO o.a.j.t.JMeterThread: Thread is done: Thread Group 1-788
2024-11-27 11:01:34,244 INFO o.a.j.t.JMeterThread: Thread finished: Thread Group 1-788
2024-11-27 11:01:34,357 INFO o.a.j.t.JMeterThread: Thread is done: Thread Group 1-744
2024-11-27 11:01:34,357 INFO o.a.j.t.JMeterThread: Thread finished: Thread Group 1-744
2024-11-27 11:01:34,466 INFO o.a.j.t.JMeterThread: Thread is done: Thread Group 1-716
2024-11-27 11:01:34,468 INFO o.a.j.t.JMeterThread: Thread finished: Thread Group 1-716
2024-11-27 11:01:34,582 INFO o.a.j.t.JMeterThread: Thread is done: Thread Group 1-617
2024-11-27 11:01:34,582 INFO o.a.j.t.JMeterThread: Thread finished: Thread Group 1-617
2024-11-27 11:01:34,680 INFO o.a.j.t.JMeterThread: Thread is done: Thread Group 1-776
2024-11-27 11:01:34,680 INFO o.a.j.t.JMeterThread: Thread finished: Thread Group 1-776
2024-11-27 11:01:34,787 INFO o.a.j.t.JMeterThread: Thread is done: Thread Group 1-756
2024-11-27 11:01:34,787 INFO o.a.j.t.JMeterThread: Thread finished: Thread Group 1-756
2024-11-27 11:01:34,895 INFO o.a.j.t.JMeterThread: Thread is done: Thread Group 1-472
2024-11-27 11:01:34,896 INFO o.a.j.t.JMeterThread: Thread finished: Thread Group 1-472
2024-11-27 11:01:35,004 INFO o.a.j.t.JMeterThread: Thread is done: Thread Group 1-417
2024-11-27 11:01:35,004 INFO o.a.j.t.JMeterThread: Thread finished: Thread Group 1-417
2024-11-27 11:01:35,108 INFO o.a.j.t.JMeterThread: Thread is done: Thread Group 1-156
2024-11-27 11:01:35,108 INFO o.a.j.t.JMeterThread: Thread finished: Thread Group 1-156
2024-11-27 11:01:35,217 INFO o.a.j.t.JMeterThread: Thread is done: Thread Group 1-792
2024-11-27 11:01:35,217 INFO o.a.j.t.JMeterThread: Thread finished: Thread Group 1-792
2024-11-27 11:01:35,325 INFO o.a.j.t.JMeterThread: Thread is done: Thread Group 1-471
2024-11-27 11:01:35,325 INFO o.a.j.t.JMeterThread: Thread finished: Thread Group 1-471
2024-11-27 11:01:35,435 INFO o.a.j.t.JMeterThread: Thread is done: Thread Group 1-857
2024-11-27 11:01:35,435 INFO o.a.j.t.JMeterThread: Thread finished: Thread Group 1-857
2024-11-27 11:01:35,446 INFO o.a.j.t.JMeterThread: Thread is done: Thread Group 1-556
2024-11-27 11:01:35,446 INFO o.a.j.t.JMeterThread: Thread finished: Thread Group 1-556
2024-11-27 11:01:35,543 INFO o.a.j.t.JMeterThread: Thread is done: Thread Group 1-856
2024-11-27 11:01:35,543 INFO o.a.j.t.JMeterThread: Thread finished: Thread Group 1-856
2024-11-27 11:01:35,732 INFO o.a.j.t.JMeterThread: Thread is done: Thread Group 1-752
2024-11-27 11:01:35,732 INFO o.a.j.t.JMeterThread: Thread is done: Thread Group 1-676
2024-11-27 11:01:35,732 INFO o.a.j.t.JMeterThread: Thread finished: Thread Group 1-676
2024-11-27 11:01:35,732 INFO o.a.j.t.JMeterThread: Thread finished: Thread Group 1-752
2024-11-27 11:01:35,767 INFO o.a.j.t.JMeterThread: Thread is done: Thread Group 1-637
2024-11-27 11:01:35,767 INFO o.a.j.t.JMeterThread: Thread finished: Thread Group 1-637
2024-11-27 11:01:35,869 INFO o.a.j.t.JMeterThread: Thread is done: Thread Group 1-790
2024-11-27 11:01:35,870 INFO o.a.j.t.JMeterThread: Thread finished: Thread Group 1-790
2024-11-27 11:01:35,980 INFO o.a.j.t.JMeterThread: Thread is done: Thread Group 1-786
2024-11-27 11:01:35,980 INFO o.a.j.t.JMeterThread: Thread finished: Thread Group 1-786
2024-11-27 11:01:36,093 INFO o.a.j.t.JMeterThread: Thread is done: Thread Group 1-858
2024-11-27 11:01:36,093 INFO o.a.j.t.JMeterThread: Thread finished: Thread Group 1-858
2024-11-27 11:01:36,200 INFO o.a.j.t.JMeterThread: Thread is done: Thread Group 1-802
2024-11-27 11:01:36,200 INFO o.a.j.t.JMeterThread: Thread finished: Thread Group 1-802
2024-11-27 11:01:36,311 INFO o.a.j.t.JMeterThread: Thread is done: Thread Group 1-478
2024-11-27 11:01:36,312 INFO o.a.j.t.JMeterThread: Thread finished: Thread Group 1-478
2024-11-27 11:01:36,420 INFO o.a.j.t.JMeterThread: Thread is done: Thread Group 1-801
2024-11-27 11:01:36,420 INFO o.a.j.t.JMeterThread: Thread finished: Thread Group 1-801
2024-11-27 11:01:36,529 INFO o.a.j.t.JMeterThread: Thread is done: Thread Group 1-442
2024-11-27 11:01:36,529 INFO o.a.j.t.JMeterThread: Thread finished: Thread Group 1-442
2024-11-27 11:01:36,634 INFO o.a.j.t.JMeterThread: Thread is done: Thread Group 1-930
2024-11-27 11:01:36,634 INFO o.a.j.t.JMeterThread: Thread finished: Thread Group 1-930
2024-11-27 11:01:36,743 INFO o.a.j.t.JMeterThread: Thread is done: Thread Group 1-741
2024-11-27 11:01:36,743 INFO o.a.j.t.JMeterThread: Thread finished: Thread Group 1-741
2024-11-27 11:01:36,845 INFO o.a.j.t.JMeterThread: Thread is done: Thread Group 1-169
2024-11-27 11:01:36,845 INFO o.a.j.t.JMeterThread: Thread finished: Thread Group 1-169
2024-11-27 11:01:36,952 INFO o.a.j.t.JMeterThread: Thread is done: Thread Group 1-491
2024-11-27 11:01:36,952 INFO o.a.j.t.JMeterThread: Thread finished: Thread Group 1-491
2024-11-27 11:01:37,061 INFO o.a.j.t.JMeterThread: Thread is done: Thread Group 1-874
2024-11-27 11:01:37,061 INFO o.a.j.t.JMeterThread: Thread finished: Thread Group 1-874
2024-11-27 11:01:37,163 INFO o.a.j.t.JMeterThread: Thread is done: Thread Group 1-872
2024-11-27 11:01:37,163 INFO o.a.j.t.JMeterThread: Thread finished: Thread Group 1-872
2024-11-27 11:01:37,272 INFO o.a.j.t.JMeterThread: Thread is done: Thread Group 1-853
2024-11-27 11:01:37,272 INFO o.a.j.t.JMeterThread: Thread finished: Thread Group 1-853
2024-11-27 11:01:37,378 INFO o.a.j.t.JMeterThread: Thread is done: Thread Group 1-852
2024-11-27 11:01:37,378 INFO o.a.j.t.JMeterThread: Thread finished: Thread Group 1-852
2024-11-27 11:01:37,487 INFO o.a.j.t.JMeterThread: Thread is done: Thread Group 1-493
2024-11-27 11:01:37,487 INFO o.a.j.t.JMeterThread: Thread finished: Thread Group 1-493
2024-11-27 11:01:37,589 INFO o.a.j.t.JMeterThread: Thread is done: Thread Group 1-873
2024-11-27 11:01:37,590 INFO o.a.j.t.JMeterThread: Thread finished: Thread Group 1-873
2024-11-27 11:01:37,700 INFO o.a.j.t.JMeterThread: Thread is done: Thread Group 1-805
2024-11-27 11:01:37,700 INFO o.a.j.t.JMeterThread: Thread finished: Thread Group 1-805
2024-11-27 11:01:37,809 INFO o.a.j.t.JMeterThread: Thread is done: Thread Group 1-806
2024-11-27 11:01:37,809 INFO o.a.j.t.JMeterThread: Thread finished: Thread Group 1-806
2024-11-27 11:01:37,914 INFO o.a.j.t.JMeterThread: Thread is done: Thread Group 1-851
2024-11-27 11:01:37,914 INFO o.a.j.t.JMeterThread: Thread finished: Thread Group 1-851
2024-11-27 11:01:38,016 INFO o.a.j.t.JMeterThread: Thread is done: Thread Group 1-804
2024-11-27 11:01:38,016 INFO o.a.j.t.JMeterThread: Thread finished: Thread Group 1-804
2024-11-27 11:01:38,126 INFO o.a.j.t.JMeterThread: Thread is done: Thread Group 1-651
2024-11-27 11:01:38,126 INFO o.a.j.t.JMeterThread: Thread finished: Thread Group 1-651
2024-11-27 11:01:38,236 INFO o.a.j.t.JMeterThread: Thread is done: Thread Group 1-494
2024-11-27 11:01:38,236 INFO o.a.j.t.JMeterThread: Thread finished: Thread Group 1-494
2024-11-27 11:01:38,335 INFO o.a.j.t.JMeterThread: Thread is done: Thread Group 1-179
2024-11-27 11:01:38,335 INFO o.a.j.t.JMeterThread: Thread finished: Thread Group 1-179
2024-11-27 11:01:38,444 INFO o.a.j.t.JMeterThread: Thread is done: Thread Group 1-138
2024-11-27 11:01:38,444 INFO o.a.j.t.JMeterThread: Thread finished: Thread Group 1-138
2024-11-27 11:01:38,550 INFO o.a.j.t.JMeterThread: Thread is done: Thread Group 1-727
2024-11-27 11:01:38,550 INFO o.a.j.t.JMeterThread: Thread finished: Thread Group 1-727
2024-11-27 11:01:38,655 INFO o.a.j.t.JMeterThread: Thread is done: Thread Group 1-498
2024-11-27 11:01:38,655 INFO o.a.j.t.JMeterThread: Thread finished: Thread Group 1-498
2024-11-27 11:01:38,758 INFO o.a.j.t.JMeterThread: Thread is done: Thread Group 1-739
2024-11-27 11:01:38,758 INFO o.a.j.t.JMeterThread: Thread finished: Thread Group 1-739
2024-11-27 11:01:38,869 INFO o.a.j.t.JMeterThread: Thread is done: Thread Group 1-174
2024-11-27 11:01:38,869 INFO o.a.j.t.JMeterThread: Thread finished: Thread Group 1-174
2024-11-27 11:01:38,979 INFO o.a.j.t.JMeterThread: Thread is done: Thread Group 1-496
2024-11-27 11:01:38,979 INFO o.a.j.t.JMeterThread: Thread finished: Thread Group 1-496
2024-11-27 11:01:39,091 INFO o.a.j.t.JMeterThread: Thread is done: Thread Group 1-176
2024-11-27 11:01:39,091 INFO o.a.j.t.JMeterThread: Thread finished: Thread Group 1-176
2024-11-27 11:01:39,195 INFO o.a.j.t.JMeterThread: Thread is done: Thread Group 1-659
2024-11-27 11:01:39,195 INFO o.a.j.t.JMeterThread: Thread finished: Thread Group 1-659
2024-11-27 11:01:39,300 INFO o.a.j.t.JMeterThread: Thread is done: Thread Group 1-658
2024-11-27 11:01:39,300 INFO o.a.j.t.JMeterThread: Thread finished: Thread Group 1-658
2024-11-27 11:01:39,369 INFO o.a.j.t.JMeterThread: Thread is done: Thread Group 1-781
2024-11-27 11:01:39,370 INFO o.a.j.t.JMeterThread: Thread finished: Thread Group 1-781
2024-11-27 11:01:39,406 INFO o.a.j.t.JMeterThread: Thread is done: Thread Group 1-177
2024-11-27 11:01:39,407 INFO o.a.j.t.JMeterThread: Thread finished: Thread Group 1-177
2024-11-27 11:01:39,470 INFO o.a.j.t.JMeterThread: Thread is done: Thread Group 1-720
2024-11-27 11:01:39,470 INFO o.a.j.t.JMeterThread: Thread finished: Thread Group 1-720
2024-11-27 11:01:39,517 INFO o.a.j.t.JMeterThread: Thread is done: Thread Group 1-638
2024-11-27 11:01:39,518 INFO o.a.j.t.JMeterThread: Thread finished: Thread Group 1-638
2024-11-27 11:01:39,628 INFO o.a.j.t.JMeterThread: Thread is done: Thread Group 1-178
2024-11-27 11:01:39,628 INFO o.a.j.t.JMeterThread: Thread finished: Thread Group 1-178
2024-11-27 11:01:39,738 INFO o.a.j.t.JMeterThread: Thread is done: Thread Group 1-157
2024-11-27 11:01:39,738 INFO o.a.j.t.JMeterThread: Thread finished: Thread Group 1-157
2024-11-27 11:01:39,940 INFO o.a.j.t.JMeterThread: Thread is done: Thread Group 1-879
2024-11-27 11:01:39,940 INFO o.a.j.t.JMeterThread: Thread finished: Thread Group 1-879
2024-11-27 11:01:40,078 INFO o.a.j.t.JMeterThread: Thread is done: Thread Group 1-810
2024-11-27 11:01:40,078 INFO o.a.j.t.JMeterThread: Thread finished: Thread Group 1-810
2024-11-27 11:01:40,078 INFO o.a.j.t.JMeterThread: Thread is done: Thread Group 1-490
2024-11-27 11:01:40,078 INFO o.a.j.t.JMeterThread: Thread finished: Thread Group 1-490
2024-11-27 11:01:40,187 INFO o.a.j.t.JMeterThread: Thread is done: Thread Group 1-477
2024-11-27 11:01:40,187 INFO o.a.j.t.JMeterThread: Thread finished: Thread Group 1-477
2024-11-27 11:01:40,288 INFO o.a.j.t.JMeterThread: Thread is done: Thread Group 1-492
2024-11-27 11:01:40,288 INFO o.a.j.t.JMeterThread: Thread finished: Thread Group 1-492
2024-11-27 11:01:40,399 INFO o.a.j.t.JMeterThread: Thread is done: Thread Group 1-192
2024-11-27 11:01:40,399 INFO o.a.j.t.JMeterThread: Thread finished: Thread Group 1-192
2024-11-27 11:01:40,507 INFO o.a.j.t.JMeterThread: Thread is done: Thread Group 1-893
2024-11-27 11:01:40,507 INFO o.a.j.t.JMeterThread: Thread finished: Thread Group 1-893
2024-11-27 11:01:40,606 INFO o.a.j.t.JMeterThread: Thread is done: Thread Group 1-854
2024-11-27 11:01:40,606 INFO o.a.j.t.JMeterThread: Thread finished: Thread Group 1-854
2024-11-27 11:01:40,719 INFO o.a.j.t.JMeterThread: Thread is done: Thread Group 1-513
2024-11-27 11:01:40,719 INFO o.a.j.t.JMeterThread: Thread finished: Thread Group 1-513
2024-11-27 11:01:40,822 INFO o.a.j.t.JMeterThread: Thread is done: Thread Group 1-171
2024-11-27 11:01:40,823 INFO o.a.j.t.JMeterThread: Thread finished: Thread Group 1-171
2024-11-27 11:01:40,928 INFO o.a.j.t.JMeterThread: Thread is done: Thread Group 1-875
2024-11-27 11:01:40,928 INFO o.a.j.t.JMeterThread: Thread finished: Thread Group 1-875
2024-11-27 11:01:41,036 INFO o.a.j.t.JMeterThread: Thread is done: Thread Group 1-855
2024-11-27 11:01:41,036 INFO o.a.j.t.JMeterThread: Thread finished: Thread Group 1-855
2024-11-27 11:01:41,144 INFO o.a.j.t.JMeterThread: Thread is done: Thread Group 1-859
2024-11-27 11:01:41,144 INFO o.a.j.t.JMeterThread: Thread finished: Thread Group 1-859
2024-11-27 11:01:41,253 INFO o.a.j.t.JMeterThread: Thread is done: Thread Group 1-193
2024-11-27 11:01:41,253 INFO o.a.j.t.JMeterThread: Thread finished: Thread Group 1-193
2024-11-27 11:01:41,355 INFO o.a.j.t.JMeterThread: Thread is done: Thread Group 1-307
2024-11-27 11:01:41,356 INFO o.a.j.t.JMeterThread: Thread finished: Thread Group 1-307
2024-11-27 11:01:41,464 INFO o.a.j.t.JMeterThread: Thread is done: Thread Group 1-205
2024-11-27 11:01:41,465 INFO o.a.j.t.JMeterThread: Thread finished: Thread Group 1-205
2024-11-27 11:01:41,576 INFO o.a.j.t.JMeterThread: Thread is done: Thread Group 1-497
2024-11-27 11:01:41,576 INFO o.a.j.t.JMeterThread: Thread finished: Thread Group 1-497
2024-11-27 11:01:41,688 INFO o.a.j.t.JMeterThread: Thread is done: Thread Group 1-878
2024-11-27 11:01:41,688 INFO o.a.j.t.JMeterThread: Thread finished: Thread Group 1-878
2024-11-27 11:01:41,789 INFO o.a.j.t.JMeterThread: Thread is done: Thread Group 1-896
2024-11-27 11:01:41,790 INFO o.a.j.t.JMeterThread: Thread finished: Thread Group 1-896
2024-11-27 11:01:41,947 INFO o.a.j.t.JMeterThread: Thread is done: Thread Group 1-191
2024-11-27 11:01:41,947 INFO o.a.j.t.JMeterThread: Thread finished: Thread Group 1-191
2024-11-27 11:01:41,972 INFO o.a.j.t.JMeterThread: Thread is done: Thread Group 1-833
2024-11-27 11:01:41,972 INFO o.a.j.t.JMeterThread: Thread finished: Thread Group 1-833
2024-11-27 11:01:42,010 INFO o.a.j.t.JMeterThread: Thread is done: Thread Group 1-206
2024-11-27 11:01:42,010 INFO o.a.j.t.JMeterThread: Thread finished: Thread Group 1-206
2024-11-27 11:01:42,119 INFO o.a.j.t.JMeterThread: Thread is done: Thread Group 1-535
2024-11-27 11:01:42,119 INFO o.a.j.t.JMeterThread: Thread finished: Thread Group 1-535
2024-11-27 11:01:42,232 INFO o.a.j.t.JMeterThread: Thread is done: Thread Group 1-876
2024-11-27 11:01:42,232 INFO o.a.j.t.JMeterThread: Thread finished: Thread Group 1-876
2024-11-27 11:01:42,331 INFO o.a.j.t.JMeterThread: Thread is done: Thread Group 1-514
2024-11-27 11:01:42,331 INFO o.a.j.t.JMeterThread: Thread finished: Thread Group 1-514
2024-11-27 11:01:42,450 INFO o.a.j.t.JMeterThread: Thread is done: Thread Group 1-526
2024-11-27 11:01:42,451 INFO o.a.j.t.JMeterThread: Thread finished: Thread Group 1-526
2024-11-27 11:01:42,550 INFO o.a.j.t.JMeterThread: Thread is done: Thread Group 1-864
2024-11-27 11:01:42,550 INFO o.a.j.t.JMeterThread: Thread finished: Thread Group 1-864
2024-11-27 11:01:42,658 INFO o.a.j.t.JMeterThread: Thread is done: Thread Group 1-512
2024-11-27 11:01:42,658 INFO o.a.j.t.JMeterThread: Thread finished: Thread Group 1-512
2024-11-27 11:01:42,762 INFO o.a.j.t.JMeterThread: Thread is done: Thread Group 1-515
2024-11-27 11:01:42,762 INFO o.a.j.t.JMeterThread: Thread finished: Thread Group 1-515
2024-11-27 11:01:42,870 INFO o.a.j.t.JMeterThread: Thread is done: Thread Group 1-212
2024-11-27 11:01:42,870 INFO o.a.j.t.JMeterThread: Thread finished: Thread Group 1-212
2024-11-27 11:01:42,976 INFO o.a.j.t.JMeterThread: Thread is done: Thread Group 1-215
2024-11-27 11:01:42,977 INFO o.a.j.t.JMeterThread: Thread finished: Thread Group 1-215
2024-11-27 11:01:43,087 INFO o.a.j.t.JMeterThread: Thread is done: Thread Group 1-348
2024-11-27 11:01:43,087 INFO o.a.j.t.JMeterThread: Thread finished: Thread Group 1-348
2024-11-27 11:01:43,190 INFO o.a.j.t.JMeterThread: Thread is done: Thread Group 1-884
2024-11-27 11:01:43,190 INFO o.a.j.t.JMeterThread: Thread finished: Thread Group 1-884
2024-11-27 11:01:43,299 INFO o.a.j.t.JMeterThread: Thread is done: Thread Group 1-534
2024-11-27 11:01:43,299 INFO o.a.j.t.JMeterThread: Thread finished: Thread Group 1-534
2024-11-27 11:01:43,404 INFO o.a.j.t.JMeterThread: Thread is done: Thread Group 1-845
2024-11-27 11:01:43,404 INFO o.a.j.t.JMeterThread: Thread finished: Thread Group 1-845
2024-11-27 11:01:43,511 INFO o.a.j.t.JMeterThread: Thread is done: Thread Group 1-201
2024-11-27 11:01:43,514 INFO o.a.j.t.JMeterThread: Thread finished: Thread Group 1-201
2024-11-27 11:01:43,617 INFO o.a.j.t.JMeterThread: Thread is done: Thread Group 1-906
2024-11-27 11:01:43,617 INFO o.a.j.t.JMeterThread: Thread finished: Thread Group 1-906
2024-11-27 11:01:43,728 INFO o.a.j.t.JMeterThread: Thread is done: Thread Group 1-913
2024-11-27 11:01:43,728 INFO o.a.j.t.JMeterThread: Thread finished: Thread Group 1-913
2024-11-27 11:01:43,842 INFO o.a.j.t.JMeterThread: Thread is done: Thread Group 1-912
2024-11-27 11:01:43,842 INFO o.a.j.t.JMeterThread: Thread finished: Thread Group 1-912
2024-11-27 11:01:43,959 INFO o.a.j.t.JMeterThread: Thread is done: Thread Group 1-886
2024-11-27 11:01:43,959 INFO o.a.j.t.JMeterThread: Thread finished: Thread Group 1-886
2024-11-27 11:01:44,057 INFO o.a.j.t.JMeterThread: Thread is done: Thread Group 1-525
2024-11-27 11:01:44,058 INFO o.a.j.t.JMeterThread: Thread finished: Thread Group 1-525
2024-11-27 11:01:44,168 INFO o.a.j.t.JMeterThread: Thread is done: Thread Group 1-885
2024-11-27 11:01:44,168 INFO o.a.j.t.JMeterThread: Thread finished: Thread Group 1-885
2024-11-27 11:01:44,282 INFO o.a.j.t.JMeterThread: Thread is done: Thread Group 1-865
2024-11-27 11:01:44,282 INFO o.a.j.t.JMeterThread: Thread finished: Thread Group 1-865
2024-11-27 11:01:44,390 INFO o.a.j.t.JMeterThread: Thread is done: Thread Group 1-847
2024-11-27 11:01:44,390 INFO o.a.j.t.JMeterThread: Thread finished: Thread Group 1-847
2024-11-27 11:01:44,488 INFO o.a.j.t.JMeterThread: Thread is done: Thread Group 1-895
2024-11-27 11:01:44,488 INFO o.a.j.t.JMeterThread: Thread finished: Thread Group 1-895
2024-11-27 11:01:44,597 INFO o.a.j.t.JMeterThread: Thread is done: Thread Group 1-846
2024-11-27 11:01:44,597 INFO o.a.j.t.JMeterThread: Thread finished: Thread Group 1-846
2024-11-27 11:01:44,707 INFO o.a.j.t.JMeterThread: Thread is done: Thread Group 1-866
2024-11-27 11:01:44,707 INFO o.a.j.t.JMeterThread: Thread finished: Thread Group 1-866
2024-11-27 11:01:44,725 INFO o.a.j.t.JMeterThread: Thread is done: Thread Group 1-871
2024-11-27 11:01:44,725 INFO o.a.j.t.JMeterThread: Thread finished: Thread Group 1-871
2024-11-27 11:01:44,821 INFO o.a.j.t.JMeterThread: Thread is done: Thread Group 1-195
2024-11-27 11:01:44,821 INFO o.a.j.t.JMeterThread: Thread finished: Thread Group 1-195
2024-11-27 11:01:44,939 INFO o.a.j.t.JMeterThread: Thread is done: Thread Group 1-877
2024-11-27 11:01:44,939 INFO o.a.j.t.JMeterThread: Thread finished: Thread Group 1-877
2024-11-27 11:01:45,040 INFO o.a.j.t.JMeterThread: Thread is done: Thread Group 1-226
2024-11-27 11:01:45,040 INFO o.a.j.t.JMeterThread: Thread finished: Thread Group 1-226
2024-11-27 11:01:45,142 INFO o.a.j.t.JMeterThread: Thread is done: Thread Group 1-532
2024-11-27 11:01:45,142 INFO o.a.j.t.JMeterThread: Thread finished: Thread Group 1-532
2024-11-27 11:01:45,246 INFO o.a.j.t.JMeterThread: Thread is done: Thread Group 1-915
2024-11-27 11:01:45,246 INFO o.a.j.t.JMeterThread: Thread finished: Thread Group 1-915
2024-11-27 11:01:45,347 INFO o.a.j.t.JMeterThread: Thread is done: Thread Group 1-914
2024-11-27 11:01:45,347 INFO o.a.j.t.JMeterThread: Thread finished: Thread Group 1-914
2024-11-27 11:01:45,453 INFO o.a.j.t.JMeterThread: Thread is done: Thread Group 1-916
2024-11-27 11:01:45,453 INFO o.a.j.t.JMeterThread: Thread finished: Thread Group 1-916
2024-11-27 11:01:45,560 INFO o.a.j.t.JMeterThread: Thread is done: Thread Group 1-926
2024-11-27 11:01:45,560 INFO o.a.j.t.JMeterThread: Thread finished: Thread Group 1-926
2024-11-27 11:01:45,661 INFO o.a.j.t.JMeterThread: Thread is done: Thread Group 1-533
2024-11-27 11:01:45,662 INFO o.a.j.t.JMeterThread: Thread finished: Thread Group 1-533
2024-11-27 11:01:45,770 INFO o.a.j.t.JMeterThread: Thread is done: Thread Group 1-214
2024-11-27 11:01:45,770 INFO o.a.j.t.JMeterThread: Thread finished: Thread Group 1-214
2024-11-27 11:01:45,880 INFO o.a.j.t.JMeterThread: Thread is done: Thread Group 1-888
2024-11-27 11:01:45,880 INFO o.a.j.t.JMeterThread: Thread finished: Thread Group 1-888
2024-11-27 11:01:45,987 INFO o.a.j.t.JMeterThread: Thread is done: Thread Group 1-705
2024-11-27 11:01:45,987 INFO o.a.j.t.JMeterThread: Thread finished: Thread Group 1-705
2024-11-27 11:01:46,092 INFO o.a.j.t.JMeterThread: Thread is done: Thread Group 1-917
2024-11-27 11:01:46,092 INFO o.a.j.t.JMeterThread: Thread finished: Thread Group 1-917
2024-11-27 11:01:46,200 INFO o.a.j.t.JMeterThread: Thread is done: Thread Group 1-927
2024-11-27 11:01:46,200 INFO o.a.j.t.JMeterThread: Thread finished: Thread Group 1-927
2024-11-27 11:01:46,309 INFO o.a.j.t.JMeterThread: Thread is done: Thread Group 1-848
2024-11-27 11:01:46,310 INFO o.a.j.t.JMeterThread: Thread finished: Thread Group 1-848
2024-11-27 11:01:46,410 INFO o.a.j.t.JMeterThread: Thread is done: Thread Group 1-907
2024-11-27 11:01:46,411 INFO o.a.j.t.JMeterThread: Thread finished: Thread Group 1-907
2024-11-27 11:01:46,517 INFO o.a.j.t.JMeterThread: Thread is done: Thread Group 1-887
2024-11-27 11:01:46,518 INFO o.a.j.t.JMeterThread: Thread finished: Thread Group 1-887
2024-11-27 11:01:46,624 INFO o.a.j.t.JMeterThread: Thread is done: Thread Group 1-841
2024-11-27 11:01:46,624 INFO o.a.j.t.JMeterThread: Thread finished: Thread Group 1-841
2024-11-27 11:01:46,735 INFO o.a.j.t.JMeterThread: Thread is done: Thread Group 1-713
2024-11-27 11:01:46,735 INFO o.a.j.t.JMeterThread: Thread finished: Thread Group 1-713
2024-11-27 11:01:46,949 INFO o.a.j.t.JMeterThread: Thread is done: Thread Group 1-238
2024-11-27 11:01:46,950 INFO o.a.j.t.JMeterThread: Thread finished: Thread Group 1-238
2024-11-27 11:01:46,950 INFO o.a.j.t.JMeterThread: Thread is done: Thread Group 1-559
2024-11-27 11:01:46,950 INFO o.a.j.t.JMeterThread: Thread finished: Thread Group 1-559
2024-11-27 11:01:47,060 INFO o.a.j.t.JMeterThread: Thread is done: Thread Group 1-920
2024-11-27 11:01:47,060 INFO o.a.j.t.JMeterThread: Thread finished: Thread Group 1-920
2024-11-27 11:01:47,162 INFO o.a.j.t.JMeterThread: Thread is done: Thread Group 1-863
2024-11-27 11:01:47,162 INFO o.a.j.t.JMeterThread: Thread finished: Thread Group 1-863
2024-11-27 11:01:47,266 INFO o.a.j.t.JMeterThread: Thread is done: Thread Group 1-842
2024-11-27 11:01:47,267 INFO o.a.j.t.JMeterThread: Thread finished: Thread Group 1-842
2024-11-27 11:01:47,370 INFO o.a.j.t.JMeterThread: Thread is done: Thread Group 1-923
2024-11-27 11:01:47,370 INFO o.a.j.t.JMeterThread: Thread finished: Thread Group 1-923
2024-11-27 11:01:47,481 INFO o.a.j.t.JMeterThread: Thread is done: Thread Group 1-384
2024-11-27 11:01:47,481 INFO o.a.j.t.JMeterThread: Thread finished: Thread Group 1-384
2024-11-27 11:01:47,587 INFO o.a.j.t.JMeterThread: Thread is done: Thread Group 1-239
2024-11-27 11:01:47,587 INFO o.a.j.t.JMeterThread: Thread finished: Thread Group 1-239
2024-11-27 11:01:47,695 INFO o.a.j.t.JMeterThread: Thread is done: Thread Group 1-919
2024-11-27 11:01:47,695 INFO o.a.j.t.JMeterThread: Thread finished: Thread Group 1-919
2024-11-27 11:01:47,803 INFO o.a.j.t.JMeterThread: Thread is done: Thread Group 1-803
2024-11-27 11:01:47,803 INFO o.a.j.t.JMeterThread: Thread finished: Thread Group 1-803
2024-11-27 11:01:47,906 INFO o.a.j.t.JMeterThread: Thread is done: Thread Group 1-928
2024-11-27 11:01:47,911 INFO o.a.j.t.JMeterThread: Thread finished: Thread Group 1-928
2024-11-27 11:01:48,015 INFO o.a.j.t.JMeterThread: Thread is done: Thread Group 1-839
2024-11-27 11:01:48,015 INFO o.a.j.t.JMeterThread: Thread finished: Thread Group 1-839
2024-11-27 11:01:48,231 INFO o.a.j.t.JMeterThread: Thread is done: Thread Group 1-558
2024-11-27 11:01:48,231 INFO o.a.j.t.JMeterThread: Thread finished: Thread Group 1-558
2024-11-27 11:01:48,339 INFO o.a.j.t.JMeterThread: Thread is done: Thread Group 1-860
2024-11-27 11:01:48,339 INFO o.a.j.t.JMeterThread: Thread finished: Thread Group 1-860
2024-11-27 11:01:48,340 INFO o.a.j.t.JMeterThread: Thread is done: Thread Group 1-707
2024-11-27 11:01:48,340 INFO o.a.j.t.JMeterThread: Thread finished: Thread Group 1-707
2024-11-27 11:01:48,471 INFO o.a.j.t.JMeterThread: Thread is done: Thread Group 1-868
2024-11-27 11:01:48,472 INFO o.a.j.t.JMeterThread: Thread finished: Thread Group 1-868
2024-11-27 11:01:48,586 INFO o.a.j.t.JMeterThread: Thread is done: Thread Group 1-943
2024-11-27 11:01:48,586 INFO o.a.j.t.JMeterThread: Thread finished: Thread Group 1-943
2024-11-27 11:01:48,893 INFO o.a.j.t.JMeterThread: Thread is done: Thread Group 1-894
2024-11-27 11:01:48,893 INFO o.a.j.t.JMeterThread: Thread finished: Thread Group 1-894
2024-11-27 11:01:48,925 INFO o.a.j.t.JMeterThread: Thread is done: Thread Group 1-719
2024-11-27 11:01:48,925 INFO o.a.j.t.JMeterThread: Thread finished: Thread Group 1-719
2024-11-27 11:01:48,926 INFO o.a.j.t.JMeterThread: Thread is done: Thread Group 1-723
2024-11-27 11:01:48,926 INFO o.a.j.t.JMeterThread: Thread finished: Thread Group 1-723
2024-11-27 11:01:48,929 INFO o.a.j.t.JMeterThread: Thread is done: Thread Group 1-718
2024-11-27 11:01:48,929 INFO o.a.j.t.JMeterThread: Thread finished: Thread Group 1-718
2024-11-27 11:01:49,035 INFO o.a.j.t.JMeterThread: Thread is done: Thread Group 1-899
2024-11-27 11:01:49,036 INFO o.a.j.t.JMeterThread: Thread finished: Thread Group 1-899
2024-11-27 11:01:49,146 INFO o.a.j.t.JMeterThread: Thread is done: Thread Group 1-546
2024-11-27 11:01:49,146 INFO o.a.j.t.JMeterThread: Thread finished: Thread Group 1-546
2024-11-27 11:01:49,367 INFO o.a.j.t.JMeterThread: Thread is done: Thread Group 1-903
2024-11-27 11:01:49,367 INFO o.a.j.t.JMeterThread: Thread finished: Thread Group 1-903
2024-11-27 11:01:49,472 INFO o.a.j.t.JMeterThread: Thread is done: Thread Group 1-708
2024-11-27 11:01:49,473 INFO o.a.j.t.JMeterThread: Thread finished: Thread Group 1-708
2024-11-27 11:01:49,474 INFO o.a.j.t.JMeterThread: Thread is done: Thread Group 1-213
2024-11-27 11:01:49,474 INFO o.a.j.t.JMeterThread: Thread finished: Thread Group 1-213
2024-11-27 11:01:49,578 INFO o.a.j.t.JMeterThread: Thread is done: Thread Group 1-908
2024-11-27 11:01:49,578 INFO o.a.j.t.JMeterThread: Thread finished: Thread Group 1-908
2024-11-27 11:01:49,684 INFO o.a.j.t.JMeterThread: Thread is done: Thread Group 1-939
2024-11-27 11:01:49,684 INFO o.a.j.t.JMeterThread: Thread finished: Thread Group 1-939
2024-11-27 11:01:49,798 INFO o.a.j.t.JMeterThread: Thread is done: Thread Group 1-273
2024-11-27 11:01:49,798 INFO o.a.j.t.JMeterThread: Thread finished: Thread Group 1-273
2024-11-27 11:01:49,903 INFO o.a.j.t.JMeterThread: Thread is done: Thread Group 1-880
2024-11-27 11:01:49,903 INFO o.a.j.t.JMeterThread: Thread finished: Thread Group 1-880
2024-11-27 11:01:50,120 INFO o.a.j.t.JMeterThread: Thread is done: Thread Group 1-976
2024-11-27 11:01:50,120 INFO o.a.j.t.JMeterThread: Thread finished: Thread Group 1-976
2024-11-27 11:01:50,122 INFO o.a.j.t.JMeterThread: Thread is done: Thread Group 1-897
2024-11-27 11:01:50,122 INFO o.a.j.t.JMeterThread: Thread finished: Thread Group 1-897
2024-11-27 11:01:50,227 INFO o.a.j.t.JMeterThread: Thread is done: Thread Group 1-940
2024-11-27 11:01:50,227 INFO o.a.j.t.JMeterThread: Thread finished: Thread Group 1-940
2024-11-27 11:01:50,331 INFO o.a.j.t.JMeterThread: Thread is done: Thread Group 1-276
2024-11-27 11:01:50,331 INFO o.a.j.t.JMeterThread: Thread finished: Thread Group 1-276
2024-11-27 11:01:50,443 INFO o.a.j.t.JMeterThread: Thread is done: Thread Group 1-382
2024-11-27 11:01:50,443 INFO o.a.j.t.JMeterThread: Thread finished: Thread Group 1-382
2024-11-27 11:01:50,556 INFO o.a.j.t.JMeterThread: Thread is done: Thread Group 1-955
2024-11-27 11:01:50,556 INFO o.a.j.t.JMeterThread: Thread finished: Thread Group 1-955
2024-11-27 11:01:50,659 INFO o.a.j.t.JMeterThread: Thread is done: Thread Group 1-954
2024-11-27 11:01:50,659 INFO o.a.j.t.JMeterThread: Thread finished: Thread Group 1-954
2024-11-27 11:01:50,987 INFO o.a.j.t.JMeterThread: Thread is done: Thread Group 1-975
2024-11-27 11:01:50,987 INFO o.a.j.t.JMeterThread: Thread finished: Thread Group 1-975
2024-11-27 11:01:50,987 INFO o.a.j.t.JMeterThread: Thread is done: Thread Group 1-385
2024-11-27 11:01:50,987 INFO o.a.j.t.JMeterThread: Thread finished: Thread Group 1-385
2024-11-27 11:01:50,988 INFO o.a.j.t.JMeterThread: Thread is done: Thread Group 1-840
2024-11-27 11:01:50,988 INFO o.a.j.t.JMeterThread: Thread finished: Thread Group 1-840
2024-11-27 11:01:51,099 INFO o.a.j.t.JMeterThread: Thread is done: Thread Group 1-272
2024-11-27 11:01:51,099 INFO o.a.j.t.JMeterThread: Thread finished: Thread Group 1-272
2024-11-27 11:01:51,208 INFO o.a.j.t.JMeterThread: Thread is done: Thread Group 1-973
2024-11-27 11:01:51,208 INFO o.a.j.t.JMeterThread: Thread finished: Thread Group 1-973
2024-11-27 11:01:51,305 INFO o.a.j.t.JMeterThread: Thread is done: Thread Group 1-977
2024-11-27 11:01:51,305 INFO o.a.j.t.JMeterThread: Thread finished: Thread Group 1-977
2024-11-27 11:01:51,414 INFO o.a.j.t.JMeterThread: Thread is done: Thread Group 1-722
2024-11-27 11:01:51,414 INFO o.a.j.t.JMeterThread: Thread finished: Thread Group 1-722
2024-11-27 11:01:51,483 INFO o.a.j.t.JMeterThread: Thread is done: Thread Group 1-675
2024-11-27 11:01:51,483 INFO o.a.j.t.JMeterThread: Thread finished: Thread Group 1-675
2024-11-27 11:01:51,627 INFO o.a.j.t.JMeterThread: Thread is done: Thread Group 1-962
2024-11-27 11:01:51,627 INFO o.a.j.t.JMeterThread: Thread finished: Thread Group 1-962
2024-11-27 11:01:51,630 INFO o.a.j.t.JMeterThread: Thread is done: Thread Group 1-960
2024-11-27 11:01:51,630 INFO o.a.j.t.JMeterThread: Thread finished: Thread Group 1-960
2024-11-27 11:01:51,736 INFO o.a.j.t.JMeterThread: Thread is done: Thread Group 1-941
2024-11-27 11:01:51,737 INFO o.a.j.t.JMeterThread: Thread finished: Thread Group 1-941
2024-11-27 11:01:51,843 INFO o.a.j.t.JMeterThread: Thread is done: Thread Group 1-275
2024-11-27 11:01:51,843 INFO o.a.j.t.JMeterThread: Thread finished: Thread Group 1-275
2024-11-27 11:01:51,953 INFO o.a.j.t.JMeterThread: Thread is done: Thread Group 1-901
2024-11-27 11:01:51,953 INFO o.a.j.t.JMeterThread: Thread finished: Thread Group 1-901
2024-11-27 11:01:52,062 INFO o.a.j.t.JMeterThread: Thread is done: Thread Group 1-934
2024-11-27 11:01:52,062 INFO o.a.j.t.JMeterThread: Thread finished: Thread Group 1-934
2024-11-27 11:01:52,167 INFO o.a.j.t.JMeterThread: Thread is done: Thread Group 1-418
2024-11-27 11:01:52,167 INFO o.a.j.t.JMeterThread: Thread finished: Thread Group 1-418
2024-11-27 11:01:52,276 INFO o.a.j.t.JMeterThread: Thread is done: Thread Group 1-282
2024-11-27 11:01:52,276 INFO o.a.j.t.JMeterThread: Thread finished: Thread Group 1-282
2024-11-27 11:01:52,598 INFO o.a.j.t.JMeterThread: Thread is done: Thread Group 1-882
2024-11-27 11:01:52,598 INFO o.a.j.t.JMeterThread: Thread finished: Thread Group 1-882
2024-11-27 11:01:52,712 INFO o.a.j.t.JMeterThread: Thread is done: Thread Group 1-953
2024-11-27 11:01:52,712 INFO o.a.j.t.JMeterThread: Thread finished: Thread Group 1-953
2024-11-27 11:01:52,714 INFO o.a.j.t.JMeterThread: Thread is done: Thread Group 1-283
2024-11-27 11:01:52,714 INFO o.a.j.t.JMeterThread: Thread finished: Thread Group 1-283
2024-11-27 11:01:52,716 INFO o.a.j.t.JMeterThread: Thread is done: Thread Group 1-942
2024-11-27 11:01:52,716 INFO o.a.j.t.JMeterThread: Thread finished: Thread Group 1-942
2024-11-27 11:01:52,923 INFO o.a.j.t.JMeterThread: Thread is done: Thread Group 1-921
2024-11-27 11:01:52,923 INFO o.a.j.t.JMeterThread: Thread finished: Thread Group 1-921
2024-11-27 11:01:52,925 INFO o.a.j.t.JMeterThread: Thread is done: Thread Group 1-956
2024-11-27 11:01:52,926 INFO o.a.j.t.JMeterThread: Thread finished: Thread Group 1-956
2024-11-27 11:01:53,033 INFO o.a.j.t.JMeterThread: Thread is done: Thread Group 1-922
2024-11-27 11:01:53,033 INFO o.a.j.t.JMeterThread: Thread finished: Thread Group 1-922
2024-11-27 11:01:53,362 INFO o.a.j.t.JMeterThread: Thread is done: Thread Group 1-274
2024-11-27 11:01:53,362 INFO o.a.j.t.JMeterThread: Thread finished: Thread Group 1-274
2024-11-27 11:01:53,467 INFO o.a.j.t.JMeterThread: Thread is done: Thread Group 1-982
2024-11-27 11:01:53,468 INFO o.a.j.t.JMeterThread: Thread finished: Thread Group 1-982
2024-11-27 11:01:53,472 INFO o.a.j.t.JMeterThread: Thread is done: Thread Group 1-280
2024-11-27 11:01:53,472 INFO o.a.j.t.JMeterThread: Thread finished: Thread Group 1-280
2024-11-27 11:01:53,474 INFO o.a.j.t.JMeterThread: Thread is done: Thread Group 1-898
2024-11-27 11:01:53,474 INFO o.a.j.t.JMeterThread: Thread finished: Thread Group 1-898
2024-11-27 11:01:53,572 INFO o.a.j.t.JMeterThread: Thread is done: Thread Group 1-932
2024-11-27 11:01:53,572 INFO o.a.j.t.JMeterThread: Thread finished: Thread Group 1-932
2024-11-27 11:01:53,678 INFO o.a.j.t.JMeterThread: Thread is done: Thread Group 1-281
2024-11-27 11:01:53,679 INFO o.a.j.t.JMeterThread: Thread finished: Thread Group 1-281
2024-11-27 11:01:53,784 INFO o.a.j.t.JMeterThread: Thread is done: Thread Group 1-437
2024-11-27 11:01:53,784 INFO o.a.j.t.JMeterThread: Thread finished: Thread Group 1-437
2024-11-27 11:01:53,896 INFO o.a.j.t.JMeterThread: Thread is done: Thread Group 1-937
2024-11-27 11:01:53,896 INFO o.a.j.t.JMeterThread: Thread finished: Thread Group 1-937
2024-11-27 11:01:54,006 INFO o.a.j.t.JMeterThread: Thread is done: Thread Group 1-957
2024-11-27 11:01:54,007 INFO o.a.j.t.JMeterThread: Thread finished: Thread Group 1-957
2024-11-27 11:01:54,226 INFO o.a.j.t.JMeterThread: Thread is done: Thread Group 1-995
2024-11-27 11:01:54,226 INFO o.a.j.t.JMeterThread: Thread finished: Thread Group 1-995
2024-11-27 11:01:54,228 INFO o.a.j.t.JMeterThread: Thread is done: Thread Group 1-997
2024-11-27 11:01:54,228 INFO o.a.j.t.JMeterThread: Thread finished: Thread Group 1-997
2024-11-27 11:01:54,324 INFO o.a.j.t.JMeterThread: Thread is done: Thread Group 1-933
2024-11-27 11:01:54,324 INFO o.a.j.t.JMeterThread: Thread finished: Thread Group 1-933
2024-11-27 11:01:54,432 INFO o.a.j.t.JMeterThread: Thread is done: Thread Group 1-958
2024-11-27 11:01:54,432 INFO o.a.j.t.JMeterThread: Thread finished: Thread Group 1-958
2024-11-27 11:01:54,539 INFO o.a.j.t.JMeterThread: Thread is done: Thread Group 1-881
2024-11-27 11:01:54,539 INFO o.a.j.t.JMeterThread: Thread finished: Thread Group 1-881
2024-11-27 11:01:54,648 INFO o.a.j.t.JMeterThread: Thread is done: Thread Group 1-294
2024-11-27 11:01:54,648 INFO o.a.j.t.JMeterThread: Thread finished: Thread Group 1-294
2024-11-27 11:01:54,751 INFO o.a.j.t.JMeterThread: Thread is done: Thread Group 1-936
2024-11-27 11:01:54,751 INFO o.a.j.t.JMeterThread: Thread finished: Thread Group 1-936
2024-11-27 11:01:54,862 INFO o.a.j.t.JMeterThread: Thread is done: Thread Group 1-986
2024-11-27 11:01:54,862 INFO o.a.j.t.JMeterThread: Thread finished: Thread Group 1-986
2024-11-27 11:01:54,970 INFO o.a.j.t.JMeterThread: Thread is done: Thread Group 1-296
2024-11-27 11:01:54,970 INFO o.a.j.t.JMeterThread: Thread finished: Thread Group 1-296
2024-11-27 11:01:55,076 INFO o.a.j.t.JMeterThread: Thread is done: Thread Group 1-988
2024-11-27 11:01:55,076 INFO o.a.j.t.JMeterThread: Thread finished: Thread Group 1-988
2024-11-27 11:01:55,180 INFO o.a.j.t.JMeterThread: Thread is done: Thread Group 1-948
2024-11-27 11:01:55,180 INFO o.a.j.t.JMeterThread: Thread finished: Thread Group 1-948
2024-11-27 11:01:55,286 INFO o.a.j.t.JMeterThread: Thread is done: Thread Group 1-625
2024-11-27 11:01:55,286 INFO o.a.j.t.JMeterThread: Thread finished: Thread Group 1-625
2024-11-27 11:01:55,402 INFO o.a.j.t.JMeterThread: Thread is done: Thread Group 1-969
2024-11-27 11:01:55,402 INFO o.a.j.t.JMeterThread: Thread finished: Thread Group 1-969
2024-11-27 11:01:55,503 INFO o.a.j.t.JMeterThread: Thread is done: Thread Group 1-966
2024-11-27 11:01:55,503 INFO o.a.j.t.JMeterThread: Thread finished: Thread Group 1-966
2024-11-27 11:01:55,613 INFO o.a.j.t.JMeterThread: Thread is done: Thread Group 1-981
2024-11-27 11:01:55,613 INFO o.a.j.t.JMeterThread: Thread finished: Thread Group 1-981
2024-11-27 11:01:55,720 INFO o.a.j.t.JMeterThread: Thread is done: Thread Group 1-297
2024-11-27 11:01:55,720 INFO o.a.j.t.JMeterThread: Thread finished: Thread Group 1-297
2024-11-27 11:01:55,828 INFO o.a.j.t.JMeterThread: Thread is done: Thread Group 1-968
2024-11-27 11:01:55,828 INFO o.a.j.t.JMeterThread: Thread finished: Thread Group 1-968
2024-11-27 11:01:55,934 INFO o.a.j.t.JMeterThread: Thread is done: Thread Group 1-967
2024-11-27 11:01:55,948 INFO o.a.j.t.JMeterThread: Thread finished: Thread Group 1-967
2024-11-27 11:01:56,044 INFO o.a.j.t.JMeterThread: Thread is done: Thread Group 1-305
2024-11-27 11:01:56,044 INFO o.a.j.t.JMeterThread: Thread finished: Thread Group 1-305
2024-11-27 11:01:56,161 INFO o.a.j.t.JMeterThread: Thread is done: Thread Group 1-989
2024-11-27 11:01:56,161 INFO o.a.j.t.JMeterThread: Thread finished: Thread Group 1-989
2024-11-27 11:01:56,268 INFO o.a.j.t.JMeterThread: Thread is done: Thread Group 1-946
2024-11-27 11:01:56,268 INFO o.a.j.t.JMeterThread: Thread finished: Thread Group 1-946
2024-11-27 11:01:56,385 INFO o.a.j.t.JMeterThread: Thread is done: Thread Group 1-929
2024-11-27 11:01:56,385 INFO o.a.j.t.JMeterThread: Thread finished: Thread Group 1-929
2024-11-27 11:01:56,624 INFO o.a.j.t.JMeterThread: Thread is done: Thread Group 1-909
2024-11-27 11:01:56,625 INFO o.a.j.t.JMeterThread: Thread finished: Thread Group 1-909
2024-11-27 11:01:56,724 INFO o.a.j.t.JMeterThread: Thread is done: Thread Group 1-951
2024-11-27 11:01:56,724 INFO o.a.j.t.JMeterThread: Thread finished: Thread Group 1-951
2024-11-27 11:01:56,727 INFO o.a.j.t.JMeterThread: Thread is done: Thread Group 1-970
2024-11-27 11:01:56,727 INFO o.a.j.t.JMeterThread: Thread finished: Thread Group 1-970
2024-11-27 11:01:56,834 INFO o.a.j.t.JMeterThread: Thread is done: Thread Group 1-443
2024-11-27 11:01:56,834 INFO o.a.j.t.JMeterThread: Thread finished: Thread Group 1-443
2024-11-27 11:01:56,957 INFO o.a.j.t.JMeterThread: Thread is done: Thread Group 1-309
2024-11-27 11:01:56,957 INFO o.a.j.t.JMeterThread: Thread finished: Thread Group 1-309
2024-11-27 11:01:57,003 INFO o.a.j.t.JMeterThread: Thread is done: Thread Group 1-883
2024-11-27 11:01:57,003 INFO o.a.j.t.JMeterThread: Thread finished: Thread Group 1-883
2024-11-27 11:01:57,060 INFO o.a.j.t.JMeterThread: Thread is done: Thread Group 1-950
2024-11-27 11:01:57,067 INFO o.a.j.t.JMeterThread: Thread finished: Thread Group 1-950
2024-11-27 11:01:57,174 INFO o.a.j.t.JMeterThread: Thread is done: Thread Group 1-910
2024-11-27 11:01:57,174 INFO o.a.j.t.JMeterThread: Thread finished: Thread Group 1-910
2024-11-27 11:01:57,287 INFO o.a.j.t.JMeterThread: Thread is done: Thread Group 1-630
2024-11-27 11:01:57,287 INFO o.a.j.t.JMeterThread: Thread finished: Thread Group 1-630
2024-11-27 11:01:57,407 INFO o.a.j.t.JMeterThread: Thread is done: Thread Group 1-991
2024-11-27 11:01:57,407 INFO o.a.j.t.JMeterThread: Thread finished: Thread Group 1-991
2024-11-27 11:01:57,623 INFO o.a.j.t.JMeterThread: Thread is done: Thread Group 1-938
2024-11-27 11:01:57,623 INFO o.a.j.t.JMeterThread: Thread finished: Thread Group 1-938
2024-11-27 11:01:57,731 INFO o.a.j.t.JMeterThread: Thread is done: Thread Group 1-998
2024-11-27 11:01:57,731 INFO o.a.j.t.JMeterThread: Thread finished: Thread Group 1-998
2024-11-27 11:01:57,732 INFO o.a.j.t.JMeterThread: Thread is done: Thread Group 1-295
2024-11-27 11:01:57,733 INFO o.a.j.t.JMeterThread: Thread finished: Thread Group 1-295
2024-11-27 11:01:57,844 INFO o.a.j.t.JMeterThread: Thread is done: Thread Group 1-987
2024-11-27 11:01:57,844 INFO o.a.j.t.JMeterThread: Thread finished: Thread Group 1-987
2024-11-27 11:01:57,958 INFO o.a.j.t.JMeterThread: Thread is done: Thread Group 1-505
2024-11-27 11:01:57,958 INFO o.a.j.t.JMeterThread: Thread finished: Thread Group 1-505
2024-11-27 11:01:58,061 INFO o.a.j.t.JMeterThread: Thread is done: Thread Group 1-990
2024-11-27 11:01:58,061 INFO o.a.j.t.JMeterThread: Thread finished: Thread Group 1-990
2024-11-27 11:01:58,175 INFO o.a.j.t.JMeterThread: Thread is done: Thread Group 1-634
2024-11-27 11:01:58,175 INFO o.a.j.t.JMeterThread: Thread finished: Thread Group 1-634
2024-11-27 11:01:58,287 INFO o.a.j.t.JMeterThread: Thread is done: Thread Group 1-999
2024-11-27 11:01:58,287 INFO o.a.j.t.JMeterThread: Thread finished: Thread Group 1-999
2024-11-27 11:01:58,403 INFO o.a.j.t.JMeterThread: Thread is done: Thread Group 1-949
2024-11-27 11:01:58,403 INFO o.a.j.t.JMeterThread: Thread finished: Thread Group 1-949
2024-11-27 11:01:58,621 INFO o.a.j.t.JMeterThread: Thread is done: Thread Group 1-959
2024-11-27 11:01:58,622 INFO o.a.j.t.JMeterThread: Thread finished: Thread Group 1-959
2024-11-27 11:01:58,735 INFO o.a.j.t.JMeterThread: Thread is done: Thread Group 1-979
2024-11-27 11:01:58,736 INFO o.a.j.t.JMeterThread: Thread finished: Thread Group 1-979
2024-11-27 11:01:58,739 INFO o.a.j.t.JMeterThread: Thread is done: Thread Group 1-315
2024-11-27 11:01:58,739 INFO o.a.j.t.JMeterThread: Thread finished: Thread Group 1-315
2024-11-27 11:01:58,845 INFO o.a.j.t.JMeterThread: Thread is done: Thread Group 1-800
2024-11-27 11:01:58,845 INFO o.a.j.t.JMeterThread: Thread finished: Thread Group 1-800
2024-11-27 11:01:58,955 INFO o.a.j.t.JMeterThread: Thread is done: Thread Group 1-1000
2024-11-27 11:01:58,955 INFO o.a.j.t.JMeterThread: Thread finished: Thread Group 1-1000
2024-11-27 11:01:58,989 INFO o.a.j.t.JMeterThread: Thread is done: Thread Group 1-227
2024-11-27 11:01:58,989 INFO o.a.j.t.JMeterThread: Thread finished: Thread Group 1-227
2024-11-27 11:01:59,069 INFO o.a.j.t.JMeterThread: Thread is done: Thread Group 1-994
2024-11-27 11:01:59,070 INFO o.a.j.t.JMeterThread: Thread finished: Thread Group 1-994
2024-11-27 11:01:59,174 INFO o.a.j.t.JMeterThread: Thread is done: Thread Group 1-317
2024-11-27 11:01:59,174 INFO o.a.j.t.JMeterThread: Thread finished: Thread Group 1-317
2024-11-27 11:01:59,292 INFO o.a.j.t.JMeterThread: Thread is done: Thread Group 1-642
2024-11-27 11:01:59,292 INFO o.a.j.t.JMeterThread: Thread finished: Thread Group 1-642
2024-11-27 11:01:59,408 INFO o.a.j.t.JMeterThread: Thread is done: Thread Group 1-639
2024-11-27 11:01:59,409 INFO o.a.j.t.JMeterThread: Thread finished: Thread Group 1-639
2024-11-27 11:01:59,523 INFO o.a.j.t.JMeterThread: Thread is done: Thread Group 1-963
2024-11-27 11:01:59,523 INFO o.a.j.t.JMeterThread: Thread finished: Thread Group 1-963
2024-11-27 11:01:59,625 INFO o.a.j.t.JMeterThread: Thread is done: Thread Group 1-984
2024-11-27 11:01:59,625 INFO o.a.j.t.JMeterThread: Thread finished: Thread Group 1-984
2024-11-27 11:01:59,744 INFO o.a.j.t.JMeterThread: Thread is done: Thread Group 1-322
2024-11-27 11:01:59,744 INFO o.a.j.t.JMeterThread: Thread finished: Thread Group 1-322
2024-11-27 11:01:59,854 INFO o.a.j.t.JMeterThread: Thread is done: Thread Group 1-965
2024-11-27 11:01:59,855 INFO o.a.j.t.JMeterThread: Thread finished: Thread Group 1-965
2024-11-27 11:02:00,087 INFO o.a.j.r.Summariser: summary +    290 in 00:00:30 =    9.7/s Avg: 46700 Min: 31515 Max: 63832 Err:    15 (5.17%) Active: 362 Started: 1000 Finished: 638
2024-11-27 11:02:00,087 INFO o.a.j.r.Summariser: summary =    639 in 00:01:05 =    9.8/s Avg: 29118 Min:    11 Max: 63832 Err:   128 (20.03%)
2024-11-27 11:02:00,087 INFO o.a.j.t.JMeterThread: Thread is done: Thread Group 1-308
2024-11-27 11:02:00,087 INFO o.a.j.t.JMeterThread: Thread finished: Thread Group 1-308
2024-11-27 11:02:00,088 INFO o.a.j.t.JMeterThread: Thread is done: Thread Group 1-319
2024-11-27 11:02:00,088 INFO o.a.j.t.JMeterThread: Thread finished: Thread Group 1-319
2024-11-27 11:02:00,203 INFO o.a.j.t.JMeterThread: Thread is done: Thread Group 1-325
2024-11-27 11:02:00,203 INFO o.a.j.t.JMeterThread: Thread finished: Thread Group 1-325
2024-11-27 11:02:00,295 INFO o.a.j.t.JMeterThread: Thread is done: Thread Group 1-945
2024-11-27 11:02:00,295 INFO o.a.j.t.JMeterThread: Thread finished: Thread Group 1-945
2024-11-27 11:02:00,404 INFO o.a.j.t.JMeterThread: Thread is done: Thread Group 1-947
2024-11-27 11:02:00,405 INFO o.a.j.t.JMeterThread: Thread finished: Thread Group 1-947
2024-11-27 11:02:00,522 INFO o.a.j.t.JMeterThread: Thread is done: Thread Group 1-646
2024-11-27 11:02:00,523 INFO o.a.j.t.JMeterThread: Thread finished: Thread Group 1-646
2024-11-27 11:02:00,610 INFO o.a.j.t.JMeterThread: Thread is done: Thread Group 1-530
2024-11-27 11:02:00,610 INFO o.a.j.t.JMeterThread: Thread finished: Thread Group 1-530
2024-11-27 11:02:00,658 INFO o.a.j.t.JMeterThread: Thread is done: Thread Group 1-974
2024-11-27 11:02:00,658 INFO o.a.j.t.JMeterThread: Thread finished: Thread Group 1-974
2024-11-27 11:02:00,721 INFO o.a.j.t.JMeterThread: Thread is done: Thread Group 1-964
2024-11-27 11:02:00,721 INFO o.a.j.t.JMeterThread: Thread finished: Thread Group 1-964
2024-11-27 11:02:00,832 INFO o.a.j.t.JMeterThread: Thread is done: Thread Group 1-944
2024-11-27 11:02:00,832 INFO o.a.j.t.JMeterThread: Thread finished: Thread Group 1-944
2024-11-27 11:02:00,940 INFO o.a.j.t.JMeterThread: Thread is done: Thread Group 1-869
2024-11-27 11:02:00,940 INFO o.a.j.t.JMeterThread: Thread finished: Thread Group 1-869
2024-11-27 11:02:00,982 INFO o.a.j.t.JMeterThread: Thread is done: Thread Group 1-961
2024-11-27 11:02:00,982 INFO o.a.j.t.JMeterThread: Thread finished: Thread Group 1-961
2024-11-27 11:02:01,040 INFO o.a.j.t.JMeterThread: Thread is done: Thread Group 1-310
2024-11-27 11:02:01,040 INFO o.a.j.t.JMeterThread: Thread finished: Thread Group 1-310
2024-11-27 11:02:01,148 INFO o.a.j.t.JMeterThread: Thread is done: Thread Group 1-870
2024-11-27 11:02:01,148 INFO o.a.j.t.JMeterThread: Thread finished: Thread Group 1-870
2024-11-27 11:02:01,363 INFO o.a.j.t.JMeterThread: Thread is done: Thread Group 1-647
2024-11-27 11:02:01,364 INFO o.a.j.t.JMeterThread: Thread finished: Thread Group 1-647
2024-11-27 11:02:01,365 INFO o.a.j.t.JMeterThread: Thread is done: Thread Group 1-328
2024-11-27 11:02:01,365 INFO o.a.j.t.JMeterThread: Thread finished: Thread Group 1-328
2024-11-27 11:02:01,477 INFO o.a.j.t.JMeterThread: Thread is done: Thread Group 1-326
2024-11-27 11:02:01,477 INFO o.a.j.t.JMeterThread: Thread finished: Thread Group 1-326
2024-11-27 11:02:01,586 INFO o.a.j.t.JMeterThread: Thread is done: Thread Group 1-890
2024-11-27 11:02:01,586 INFO o.a.j.t.JMeterThread: Thread finished: Thread Group 1-890
2024-11-27 11:02:01,691 INFO o.a.j.t.JMeterThread: Thread is done: Thread Group 1-329
2024-11-27 11:02:01,691 INFO o.a.j.t.JMeterThread: Thread finished: Thread Group 1-329
2024-11-27 11:02:01,797 INFO o.a.j.t.JMeterThread: Thread is done: Thread Group 1-891
2024-11-27 11:02:01,797 INFO o.a.j.t.JMeterThread: Thread finished: Thread Group 1-891
2024-11-27 11:02:01,903 INFO o.a.j.t.JMeterThread: Thread is done: Thread Group 1-649
2024-11-27 11:02:01,903 INFO o.a.j.t.JMeterThread: Thread finished: Thread Group 1-649
2024-11-27 11:02:02,009 INFO o.a.j.t.JMeterThread: Thread is done: Thread Group 1-889
2024-11-27 11:02:02,010 INFO o.a.j.t.JMeterThread: Thread finished: Thread Group 1-889
2024-11-27 11:02:02,121 INFO o.a.j.t.JMeterThread: Thread is done: Thread Group 1-971
2024-11-27 11:02:02,122 INFO o.a.j.t.JMeterThread: Thread finished: Thread Group 1-971
2024-11-27 11:02:02,229 INFO o.a.j.t.JMeterThread: Thread is done: Thread Group 1-952
2024-11-27 11:02:02,229 INFO o.a.j.t.JMeterThread: Thread finished: Thread Group 1-952
2024-11-27 11:02:02,335 INFO o.a.j.t.JMeterThread: Thread is done: Thread Group 1-332
2024-11-27 11:02:02,335 INFO o.a.j.t.JMeterThread: Thread finished: Thread Group 1-332
2024-11-27 11:02:02,442 INFO o.a.j.t.JMeterThread: Thread is done: Thread Group 1-330
2024-11-27 11:02:02,442 INFO o.a.j.t.JMeterThread: Thread finished: Thread Group 1-330
2024-11-27 11:02:02,551 INFO o.a.j.t.JMeterThread: Thread is done: Thread Group 1-980
2024-11-27 11:02:02,551 INFO o.a.j.t.JMeterThread: Thread finished: Thread Group 1-980
2024-11-27 11:02:02,663 INFO o.a.j.t.JMeterThread: Thread is done: Thread Group 1-931
2024-11-27 11:02:02,663 INFO o.a.j.t.JMeterThread: Thread finished: Thread Group 1-931
2024-11-27 11:02:02,676 INFO o.a.j.t.JMeterThread: Thread is done: Thread Group 1-978
2024-11-27 11:02:02,676 INFO o.a.j.t.JMeterThread: Thread finished: Thread Group 1-978
2024-11-27 11:02:02,771 INFO o.a.j.t.JMeterThread: Thread is done: Thread Group 1-667
2024-11-27 11:02:02,771 INFO o.a.j.t.JMeterThread: Thread finished: Thread Group 1-667
2024-11-27 11:02:02,870 INFO o.a.j.t.JMeterThread: Thread is done: Thread Group 1-992
2024-11-27 11:02:02,870 INFO o.a.j.t.JMeterThread: Thread finished: Thread Group 1-992
2024-11-27 11:02:02,980 INFO o.a.j.t.JMeterThread: Thread is done: Thread Group 1-354
2024-11-27 11:02:02,980 INFO o.a.j.t.JMeterThread: Thread finished: Thread Group 1-354
2024-11-27 11:02:03,098 INFO o.a.j.t.JMeterThread: Thread is done: Thread Group 1-641
2024-11-27 11:02:03,098 INFO o.a.j.t.JMeterThread: Thread finished: Thread Group 1-641
2024-11-27 11:02:03,211 INFO o.a.j.t.JMeterThread: Thread is done: Thread Group 1-314
2024-11-27 11:02:03,211 INFO o.a.j.t.JMeterThread: Thread finished: Thread Group 1-314
2024-11-27 11:02:03,330 INFO o.a.j.t.JMeterThread: Thread is done: Thread Group 1-346
2024-11-27 11:02:03,330 INFO o.a.j.t.JMeterThread: Thread finished: Thread Group 1-346
2024-11-27 11:02:03,443 INFO o.a.j.t.JMeterThread: Thread is done: Thread Group 1-351
2024-11-27 11:02:03,443 INFO o.a.j.t.JMeterThread: Thread finished: Thread Group 1-351
2024-11-27 11:02:03,548 INFO o.a.j.t.JMeterThread: Thread is done: Thread Group 1-318
2024-11-27 11:02:03,548 INFO o.a.j.t.JMeterThread: Thread finished: Thread Group 1-318
2024-11-27 11:02:03,666 INFO o.a.j.t.JMeterThread: Thread is done: Thread Group 1-352
2024-11-27 11:02:03,666 INFO o.a.j.t.JMeterThread: Thread finished: Thread Group 1-352
2024-11-27 11:02:03,773 INFO o.a.j.t.JMeterThread: Thread is done: Thread Group 1-669
2024-11-27 11:02:03,773 INFO o.a.j.t.JMeterThread: Thread finished: Thread Group 1-669
2024-11-27 11:02:03,883 INFO o.a.j.t.JMeterThread: Thread is done: Thread Group 1-356
2024-11-27 11:02:03,883 INFO o.a.j.t.JMeterThread: Thread finished: Thread Group 1-356
2024-11-27 11:02:03,997 INFO o.a.j.t.JMeterThread: Thread is done: Thread Group 1-911
2024-11-27 11:02:03,998 INFO o.a.j.t.JMeterThread: Thread finished: Thread Group 1-911
2024-11-27 11:02:04,132 INFO o.a.j.t.JMeterThread: Thread is done: Thread Group 1-985
2024-11-27 11:02:04,132 INFO o.a.j.t.JMeterThread: Thread finished: Thread Group 1-985
2024-11-27 11:02:04,236 INFO o.a.j.t.JMeterThread: Thread is done: Thread Group 1-666
2024-11-27 11:02:04,236 INFO o.a.j.t.JMeterThread: Thread finished: Thread Group 1-666
2024-11-27 11:02:04,348 INFO o.a.j.t.JMeterThread: Thread is done: Thread Group 1-668
2024-11-27 11:02:04,348 INFO o.a.j.t.JMeterThread: Thread finished: Thread Group 1-668
2024-11-27 11:02:04,467 INFO o.a.j.t.JMeterThread: Thread is done: Thread Group 1-327
2024-11-27 11:02:04,467 INFO o.a.j.t.JMeterThread: Thread finished: Thread Group 1-327
2024-11-27 11:02:04,579 INFO o.a.j.t.JMeterThread: Thread is done: Thread Group 1-353
2024-11-27 11:02:04,579 INFO o.a.j.t.JMeterThread: Thread finished: Thread Group 1-353
2024-11-27 11:02:04,691 INFO o.a.j.t.JMeterThread: Thread is done: Thread Group 1-679
2024-11-27 11:02:04,691 INFO o.a.j.t.JMeterThread: Thread finished: Thread Group 1-679
2024-11-27 11:02:04,803 INFO o.a.j.t.JMeterThread: Thread is done: Thread Group 1-925
2024-11-27 11:02:04,803 INFO o.a.j.t.JMeterThread: Thread finished: Thread Group 1-925
2024-11-27 11:02:04,916 INFO o.a.j.t.JMeterThread: Thread is done: Thread Group 1-678
2024-11-27 11:02:04,916 INFO o.a.j.t.JMeterThread: Thread finished: Thread Group 1-678
2024-11-27 11:02:05,029 INFO o.a.j.t.JMeterThread: Thread is done: Thread Group 1-983
2024-11-27 11:02:05,029 INFO o.a.j.t.JMeterThread: Thread finished: Thread Group 1-983
2024-11-27 11:02:05,150 INFO o.a.j.t.JMeterThread: Thread is done: Thread Group 1-359
2024-11-27 11:02:05,151 INFO o.a.j.t.JMeterThread: Thread finished: Thread Group 1-359
2024-11-27 11:02:05,274 INFO o.a.j.t.JMeterThread: Thread is done: Thread Group 1-368
2024-11-27 11:02:05,274 INFO o.a.j.t.JMeterThread: Thread finished: Thread Group 1-368
2024-11-27 11:02:05,388 INFO o.a.j.t.JMeterThread: Thread is done: Thread Group 1-360
2024-11-27 11:02:05,388 INFO o.a.j.t.JMeterThread: Thread finished: Thread Group 1-360
2024-11-27 11:02:05,443 INFO o.a.j.t.JMeterThread: Thread is done: Thread Group 1-306
2024-11-27 11:02:05,443 INFO o.a.j.t.JMeterThread: Thread finished: Thread Group 1-306
2024-11-27 11:02:05,491 INFO o.a.j.t.JMeterThread: Thread is done: Thread Group 1-358
2024-11-27 11:02:05,491 INFO o.a.j.t.JMeterThread: Thread finished: Thread Group 1-358
2024-11-27 11:02:05,606 INFO o.a.j.t.JMeterThread: Thread is done: Thread Group 1-362
2024-11-27 11:02:05,606 INFO o.a.j.t.JMeterThread: Thread finished: Thread Group 1-362
2024-11-27 11:02:05,710 INFO o.a.j.t.JMeterThread: Thread is done: Thread Group 1-366
2024-11-27 11:02:05,710 INFO o.a.j.t.JMeterThread: Thread finished: Thread Group 1-366
2024-11-27 11:02:05,835 INFO o.a.j.t.JMeterThread: Thread is done: Thread Group 1-367
2024-11-27 11:02:05,835 INFO o.a.j.t.JMeterThread: Thread finished: Thread Group 1-367
2024-11-27 11:02:05,945 INFO o.a.j.t.JMeterThread: Thread is done: Thread Group 1-364
2024-11-27 11:02:05,945 INFO o.a.j.t.JMeterThread: Thread finished: Thread Group 1-364
2024-11-27 11:02:06,055 INFO o.a.j.t.JMeterThread: Thread is done: Thread Group 1-849
2024-11-27 11:02:06,055 INFO o.a.j.t.JMeterThread: Thread finished: Thread Group 1-849
2024-11-27 11:02:06,099 INFO o.a.j.t.JMeterThread: Thread is done: Thread Group 1-902
2024-11-27 11:02:06,099 INFO o.a.j.t.JMeterThread: Thread finished: Thread Group 1-902
2024-11-27 11:02:06,172 INFO o.a.j.t.JMeterThread: Thread is done: Thread Group 1-365
2024-11-27 11:02:06,173 INFO o.a.j.t.JMeterThread: Thread finished: Thread Group 1-365
2024-11-27 11:02:06,291 INFO o.a.j.t.JMeterThread: Thread is done: Thread Group 1-972
2024-11-27 11:02:06,291 INFO o.a.j.t.JMeterThread: Thread finished: Thread Group 1-972
2024-11-27 11:02:06,390 INFO o.a.j.t.JMeterThread: Thread is done: Thread Group 1-376
2024-11-27 11:02:06,390 INFO o.a.j.t.JMeterThread: Thread finished: Thread Group 1-376
2024-11-27 11:02:06,509 INFO o.a.j.t.JMeterThread: Thread is done: Thread Group 1-648
2024-11-27 11:02:06,509 INFO o.a.j.t.JMeterThread: Thread finished: Thread Group 1-648
2024-11-27 11:02:06,621 INFO o.a.j.t.JMeterThread: Thread is done: Thread Group 1-331
2024-11-27 11:02:06,621 INFO o.a.j.t.JMeterThread: Thread finished: Thread Group 1-331
2024-11-27 11:02:06,730 INFO o.a.j.t.JMeterThread: Thread is done: Thread Group 1-892
2024-11-27 11:02:06,731 INFO o.a.j.t.JMeterThread: Thread finished: Thread Group 1-892
2024-11-27 11:02:06,852 INFO o.a.j.t.JMeterThread: Thread is done: Thread Group 1-372
2024-11-27 11:02:06,863 INFO o.a.j.t.JMeterThread: Thread finished: Thread Group 1-372
2024-11-27 11:02:06,968 INFO o.a.j.t.JMeterThread: Thread is done: Thread Group 1-701
2024-11-27 11:02:06,968 INFO o.a.j.t.JMeterThread: Thread finished: Thread Group 1-701
2024-11-27 11:02:07,084 INFO o.a.j.t.JMeterThread: Thread is done: Thread Group 1-375
2024-11-27 11:02:07,084 INFO o.a.j.t.JMeterThread: Thread finished: Thread Group 1-375
2024-11-27 11:02:07,207 INFO o.a.j.t.JMeterThread: Thread is done: Thread Group 1-379
2024-11-27 11:02:07,207 INFO o.a.j.t.JMeterThread: Thread finished: Thread Group 1-379
2024-11-27 11:02:07,319 INFO o.a.j.t.JMeterThread: Thread is done: Thread Group 1-373
2024-11-27 11:02:07,319 INFO o.a.j.t.JMeterThread: Thread finished: Thread Group 1-373
2024-11-27 11:02:07,440 INFO o.a.j.t.JMeterThread: Thread is done: Thread Group 1-861
2024-11-27 11:02:07,440 INFO o.a.j.t.JMeterThread: Thread finished: Thread Group 1-861
2024-11-27 11:02:07,542 INFO o.a.j.t.JMeterThread: Thread is done: Thread Group 1-862
2024-11-27 11:02:07,543 INFO o.a.j.t.JMeterThread: Thread finished: Thread Group 1-862
2024-11-27 11:02:07,657 INFO o.a.j.t.JMeterThread: Thread is done: Thread Group 1-381
2024-11-27 11:02:07,657 INFO o.a.j.t.JMeterThread: Thread finished: Thread Group 1-381
2024-11-27 11:02:07,768 INFO o.a.j.t.JMeterThread: Thread is done: Thread Group 1-702
2024-11-27 11:02:07,768 INFO o.a.j.t.JMeterThread: Thread finished: Thread Group 1-702
2024-11-27 11:02:07,985 INFO o.a.j.t.JMeterThread: Thread is done: Thread Group 1-380
2024-11-27 11:02:07,986 INFO o.a.j.t.JMeterThread: Thread finished: Thread Group 1-380
2024-11-27 11:02:07,987 INFO o.a.j.t.JMeterThread: Thread is done: Thread Group 1-349
2024-11-27 11:02:07,987 INFO o.a.j.t.JMeterThread: Thread finished: Thread Group 1-349
2024-11-27 11:02:08,095 INFO o.a.j.t.JMeterThread: Thread is done: Thread Group 1-377
2024-11-27 11:02:08,095 INFO o.a.j.t.JMeterThread: Thread finished: Thread Group 1-377
2024-11-27 11:02:08,210 INFO o.a.j.t.JMeterThread: Thread is done: Thread Group 1-347
2024-11-27 11:02:08,210 INFO o.a.j.t.JMeterThread: Thread finished: Thread Group 1-347
2024-11-27 11:02:08,320 INFO o.a.j.t.JMeterThread: Thread is done: Thread Group 1-993
2024-11-27 11:02:08,320 INFO o.a.j.t.JMeterThread: Thread finished: Thread Group 1-993
2024-11-27 11:02:08,437 INFO o.a.j.t.JMeterThread: Thread is done: Thread Group 1-390
2024-11-27 11:02:08,437 INFO o.a.j.t.JMeterThread: Thread finished: Thread Group 1-390
2024-11-27 11:02:08,538 INFO o.a.j.t.JMeterThread: Thread is done: Thread Group 1-355
2024-11-27 11:02:08,538 INFO o.a.j.t.JMeterThread: Thread finished: Thread Group 1-355
2024-11-27 11:02:08,655 INFO o.a.j.t.JMeterThread: Thread is done: Thread Group 1-704
2024-11-27 11:02:08,655 INFO o.a.j.t.JMeterThread: Thread finished: Thread Group 1-704
2024-11-27 11:02:08,767 INFO o.a.j.t.JMeterThread: Thread is done: Thread Group 1-394
2024-11-27 11:02:08,767 INFO o.a.j.t.JMeterThread: Thread finished: Thread Group 1-394
2024-11-27 11:02:08,880 INFO o.a.j.t.JMeterThread: Thread is done: Thread Group 1-712
2024-11-27 11:02:08,880 INFO o.a.j.t.JMeterThread: Thread finished: Thread Group 1-712
2024-11-27 11:02:08,992 INFO o.a.j.t.JMeterThread: Thread is done: Thread Group 1-383
2024-11-27 11:02:08,992 INFO o.a.j.t.JMeterThread: Thread finished: Thread Group 1-383
2024-11-27 11:02:09,098 INFO o.a.j.t.JMeterThread: Thread is done: Thread Group 1-393
2024-11-27 11:02:09,098 INFO o.a.j.t.JMeterThread: Thread finished: Thread Group 1-393
2024-11-27 11:02:09,205 INFO o.a.j.t.JMeterThread: Thread is done: Thread Group 1-645
2024-11-27 11:02:09,205 INFO o.a.j.t.JMeterThread: Thread finished: Thread Group 1-645
2024-11-27 11:02:09,214 INFO o.a.j.t.JMeterThread: Thread is done: Thread Group 1-386
2024-11-27 11:02:09,215 INFO o.a.j.t.JMeterThread: Thread finished: Thread Group 1-386
2024-11-27 11:02:09,328 INFO o.a.j.t.JMeterThread: Thread is done: Thread Group 1-357
2024-11-27 11:02:09,328 INFO o.a.j.t.JMeterThread: Thread finished: Thread Group 1-357
2024-11-27 11:02:09,431 INFO o.a.j.t.JMeterThread: Thread is done: Thread Group 1-387
2024-11-27 11:02:09,431 INFO o.a.j.t.JMeterThread: Thread finished: Thread Group 1-387
2024-11-27 11:02:09,536 INFO o.a.j.t.JMeterThread: Thread is done: Thread Group 1-388
2024-11-27 11:02:09,536 INFO o.a.j.t.JMeterThread: Thread finished: Thread Group 1-388
2024-11-27 11:02:09,648 INFO o.a.j.t.JMeterThread: Thread is done: Thread Group 1-389
2024-11-27 11:02:09,648 INFO o.a.j.t.JMeterThread: Thread finished: Thread Group 1-389
2024-11-27 11:02:09,752 INFO o.a.j.t.JMeterThread: Thread is done: Thread Group 1-369
2024-11-27 11:02:09,752 INFO o.a.j.t.JMeterThread: Thread finished: Thread Group 1-369
2024-11-27 11:02:09,865 INFO o.a.j.t.JMeterThread: Thread is done: Thread Group 1-392
2024-11-27 11:02:09,865 INFO o.a.j.t.JMeterThread: Thread finished: Thread Group 1-392
2024-11-27 11:02:09,977 INFO o.a.j.t.JMeterThread: Thread is done: Thread Group 1-397
2024-11-27 11:02:09,978 INFO o.a.j.t.JMeterThread: Thread finished: Thread Group 1-397
2024-11-27 11:02:10,084 INFO o.a.j.t.JMeterThread: Thread is done: Thread Group 1-363
2024-11-27 11:02:10,084 INFO o.a.j.t.JMeterThread: Thread finished: Thread Group 1-363
2024-11-27 11:02:10,189 INFO o.a.j.t.JMeterThread: Thread is done: Thread Group 1-715
2024-11-27 11:02:10,189 INFO o.a.j.t.JMeterThread: Thread finished: Thread Group 1-715
2024-11-27 11:02:10,298 INFO o.a.j.t.JMeterThread: Thread is done: Thread Group 1-400
2024-11-27 11:02:10,298 INFO o.a.j.t.JMeterThread: Thread finished: Thread Group 1-400
2024-11-27 11:02:10,408 INFO o.a.j.t.JMeterThread: Thread is done: Thread Group 1-361
2024-11-27 11:02:10,408 INFO o.a.j.t.JMeterThread: Thread finished: Thread Group 1-361
2024-11-27 11:02:10,513 INFO o.a.j.t.JMeterThread: Thread is done: Thread Group 1-374
2024-11-27 11:02:10,513 INFO o.a.j.t.JMeterThread: Thread finished: Thread Group 1-374
2024-11-27 11:02:10,620 INFO o.a.j.t.JMeterThread: Thread is done: Thread Group 1-699
2024-11-27 11:02:10,620 INFO o.a.j.t.JMeterThread: Thread finished: Thread Group 1-699
2024-11-27 11:02:10,727 INFO o.a.j.t.JMeterThread: Thread is done: Thread Group 1-378
2024-11-27 11:02:10,727 INFO o.a.j.t.JMeterThread: Thread finished: Thread Group 1-378
2024-11-27 11:02:10,838 INFO o.a.j.t.JMeterThread: Thread is done: Thread Group 1-399
2024-11-27 11:02:10,838 INFO o.a.j.t.JMeterThread: Thread finished: Thread Group 1-399
2024-11-27 11:02:10,940 INFO o.a.j.t.JMeterThread: Thread is done: Thread Group 1-402
2024-11-27 11:02:10,940 INFO o.a.j.t.JMeterThread: Thread finished: Thread Group 1-402
2024-11-27 11:02:11,049 INFO o.a.j.t.JMeterThread: Thread is done: Thread Group 1-406
2024-11-27 11:02:11,050 INFO o.a.j.t.JMeterThread: Thread finished: Thread Group 1-406
2024-11-27 11:02:11,155 INFO o.a.j.t.JMeterThread: Thread is done: Thread Group 1-407
2024-11-27 11:02:11,155 INFO o.a.j.t.JMeterThread: Thread finished: Thread Group 1-407
2024-11-27 11:02:11,264 INFO o.a.j.t.JMeterThread: Thread is done: Thread Group 1-404
2024-11-27 11:02:11,264 INFO o.a.j.t.JMeterThread: Thread finished: Thread Group 1-404
2024-11-27 11:02:11,374 INFO o.a.j.t.JMeterThread: Thread is done: Thread Group 1-403
2024-11-27 11:02:11,374 INFO o.a.j.t.JMeterThread: Thread finished: Thread Group 1-403
2024-11-27 11:02:11,501 INFO o.a.j.t.JMeterThread: Thread is done: Thread Group 1-412
2024-11-27 11:02:11,506 INFO o.a.j.t.JMeterThread: Thread finished: Thread Group 1-412
2024-11-27 11:02:11,601 INFO o.a.j.t.JMeterThread: Thread is done: Thread Group 1-256
2024-11-27 11:02:11,603 INFO o.a.j.t.JMeterThread: Thread finished: Thread Group 1-256
2024-11-27 11:02:11,704 INFO o.a.j.t.JMeterThread: Thread is done: Thread Group 1-419
2024-11-27 11:02:11,704 INFO o.a.j.t.JMeterThread: Thread finished: Thread Group 1-419
2024-11-27 11:02:11,801 INFO o.a.j.t.JMeterThread: Thread is done: Thread Group 1-398
2024-11-27 11:02:11,801 INFO o.a.j.t.JMeterThread: Thread finished: Thread Group 1-398
2024-11-27 11:02:11,910 INFO o.a.j.t.JMeterThread: Thread is done: Thread Group 1-410
2024-11-27 11:02:11,910 INFO o.a.j.t.JMeterThread: Thread finished: Thread Group 1-410
2024-11-27 11:02:12,021 INFO o.a.j.t.JMeterThread: Thread is done: Thread Group 1-703
2024-11-27 11:02:12,021 INFO o.a.j.t.JMeterThread: Thread finished: Thread Group 1-703
2024-11-27 11:02:12,129 INFO o.a.j.t.JMeterThread: Thread is done: Thread Group 1-408
2024-11-27 11:02:12,129 INFO o.a.j.t.JMeterThread: Thread finished: Thread Group 1-408
2024-11-27 11:02:12,242 INFO o.a.j.t.JMeterThread: Thread is done: Thread Group 1-423
2024-11-27 11:02:12,242 INFO o.a.j.t.JMeterThread: Thread finished: Thread Group 1-423
2024-11-27 11:02:12,346 INFO o.a.j.t.JMeterThread: Thread is done: Thread Group 1-391
2024-11-27 11:02:12,346 INFO o.a.j.t.JMeterThread: Thread finished: Thread Group 1-391
2024-11-27 11:02:12,632 INFO o.a.j.t.JMeterThread: Thread is done: Thread Group 1-262
2024-11-27 11:02:12,632 INFO o.a.j.t.JMeterThread: Thread finished: Thread Group 1-262
2024-11-27 11:02:12,636 INFO o.a.j.t.JMeterThread: Thread is done: Thread Group 1-424
2024-11-27 11:02:12,637 INFO o.a.j.t.JMeterThread: Thread finished: Thread Group 1-424
2024-11-27 11:02:12,693 INFO o.a.j.t.JMeterThread: Thread is done: Thread Group 1-421
2024-11-27 11:02:12,693 INFO o.a.j.t.JMeterThread: Thread finished: Thread Group 1-421
2024-11-27 11:02:12,807 INFO o.a.j.t.JMeterThread: Thread is done: Thread Group 1-426
2024-11-27 11:02:12,807 INFO o.a.j.t.JMeterThread: Thread finished: Thread Group 1-426
2024-11-27 11:02:12,915 INFO o.a.j.t.JMeterThread: Thread is done: Thread Group 1-740
2024-11-27 11:02:12,915 INFO o.a.j.t.JMeterThread: Thread finished: Thread Group 1-740
2024-11-27 11:02:13,032 INFO o.a.j.t.JMeterThread: Thread is done: Thread Group 1-396
2024-11-27 11:02:13,032 INFO o.a.j.t.JMeterThread: Thread finished: Thread Group 1-396
2024-11-27 11:02:13,142 INFO o.a.j.t.JMeterThread: Thread is done: Thread Group 1-401
2024-11-27 11:02:13,142 INFO o.a.j.t.JMeterThread: Thread finished: Thread Group 1-401
2024-11-27 11:02:13,239 INFO o.a.j.t.JMeterThread: Thread is done: Thread Group 1-405
2024-11-27 11:02:13,239 INFO o.a.j.t.JMeterThread: Thread finished: Thread Group 1-405
2024-11-27 11:02:13,349 INFO o.a.j.t.JMeterThread: Thread is done: Thread Group 1-411
2024-11-27 11:02:13,349 INFO o.a.j.t.JMeterThread: Thread finished: Thread Group 1-411
2024-11-27 11:02:13,458 INFO o.a.j.t.JMeterThread: Thread is done: Thread Group 1-422
2024-11-27 11:02:13,458 INFO o.a.j.t.JMeterThread: Thread finished: Thread Group 1-422
2024-11-27 11:02:13,568 INFO o.a.j.t.JMeterThread: Thread is done: Thread Group 1-263
2024-11-27 11:02:13,568 INFO o.a.j.t.JMeterThread: Thread finished: Thread Group 1-263
2024-11-27 11:02:13,671 INFO o.a.j.t.JMeterThread: Thread is done: Thread Group 1-439
2024-11-27 11:02:13,671 INFO o.a.j.t.JMeterThread: Thread finished: Thread Group 1-439
2024-11-27 11:02:13,775 INFO o.a.j.t.JMeterThread: Thread is done: Thread Group 1-277
2024-11-27 11:02:13,775 INFO o.a.j.t.JMeterThread: Thread finished: Thread Group 1-277
2024-11-27 11:02:13,883 INFO o.a.j.t.JMeterThread: Thread is done: Thread Group 1-409
2024-11-27 11:02:13,883 INFO o.a.j.t.JMeterThread: Thread finished: Thread Group 1-409
2024-11-27 11:02:13,992 INFO o.a.j.t.JMeterThread: Thread is done: Thread Group 1-433
2024-11-27 11:02:13,993 INFO o.a.j.t.JMeterThread: Thread finished: Thread Group 1-433
2024-11-27 11:02:14,104 INFO o.a.j.t.JMeterThread: Thread is done: Thread Group 1-285
2024-11-27 11:02:14,104 INFO o.a.j.t.JMeterThread: Thread finished: Thread Group 1-285
2024-11-27 11:02:14,206 INFO o.a.j.t.JMeterThread: Thread is done: Thread Group 1-286
2024-11-27 11:02:14,209 INFO o.a.j.t.JMeterThread: Thread finished: Thread Group 1-286
2024-11-27 11:02:14,318 INFO o.a.j.t.JMeterThread: Thread is done: Thread Group 1-465
2024-11-27 11:02:14,319 INFO o.a.j.t.JMeterThread: Thread finished: Thread Group 1-465
2024-11-27 11:02:14,427 INFO o.a.j.t.JMeterThread: Thread is done: Thread Group 1-459
2024-11-27 11:02:14,427 INFO o.a.j.t.JMeterThread: Thread finished: Thread Group 1-459
2024-11-27 11:02:14,536 INFO o.a.j.t.JMeterThread: Thread is done: Thread Group 1-436
2024-11-27 11:02:14,537 INFO o.a.j.t.JMeterThread: Thread finished: Thread Group 1-436
2024-11-27 11:02:14,642 INFO o.a.j.t.JMeterThread: Thread is done: Thread Group 1-453
2024-11-27 11:02:14,642 INFO o.a.j.t.JMeterThread: Thread finished: Thread Group 1-453
2024-11-27 11:02:14,744 INFO o.a.j.t.JMeterThread: Thread is done: Thread Group 1-460
2024-11-27 11:02:14,744 INFO o.a.j.t.JMeterThread: Thread finished: Thread Group 1-460
2024-11-27 11:02:14,856 INFO o.a.j.t.JMeterThread: Thread is done: Thread Group 1-299
2024-11-27 11:02:14,856 INFO o.a.j.t.JMeterThread: Thread finished: Thread Group 1-299
2024-11-27 11:02:14,963 INFO o.a.j.t.JMeterThread: Thread is done: Thread Group 1-449
2024-11-27 11:02:14,963 INFO o.a.j.t.JMeterThread: Thread finished: Thread Group 1-449
2024-11-27 11:02:15,069 INFO o.a.j.t.JMeterThread: Thread is done: Thread Group 1-468
2024-11-27 11:02:15,069 INFO o.a.j.t.JMeterThread: Thread finished: Thread Group 1-468
2024-11-27 11:02:15,175 INFO o.a.j.t.JMeterThread: Thread is done: Thread Group 1-487
2024-11-27 11:02:15,175 INFO o.a.j.t.JMeterThread: Thread finished: Thread Group 1-487
2024-11-27 11:02:15,278 INFO o.a.j.t.JMeterThread: Thread is done: Thread Group 1-464
2024-11-27 11:02:15,278 INFO o.a.j.t.JMeterThread: Thread finished: Thread Group 1-464
2024-11-27 11:02:15,384 INFO o.a.j.t.JMeterThread: Thread is done: Thread Group 1-438
2024-11-27 11:02:15,384 INFO o.a.j.t.JMeterThread: Thread finished: Thread Group 1-438
2024-11-27 11:02:15,492 INFO o.a.j.t.JMeterThread: Thread is done: Thread Group 1-489
2024-11-27 11:02:15,492 INFO o.a.j.t.JMeterThread: Thread finished: Thread Group 1-489
2024-11-27 11:02:15,597 INFO o.a.j.t.JMeterThread: Thread is done: Thread Group 1-435
2024-11-27 11:02:15,597 INFO o.a.j.t.JMeterThread: Thread finished: Thread Group 1-435
2024-11-27 11:02:15,705 INFO o.a.j.t.JMeterThread: Thread is done: Thread Group 1-481
2024-11-27 11:02:15,706 INFO o.a.j.t.JMeterThread: Thread finished: Thread Group 1-481
2024-11-27 11:02:15,815 INFO o.a.j.t.JMeterThread: Thread is done: Thread Group 1-425
2024-11-27 11:02:15,815 INFO o.a.j.t.JMeterThread: Thread finished: Thread Group 1-425
2024-11-27 11:02:15,922 INFO o.a.j.t.JMeterThread: Thread is done: Thread Group 1-813
2024-11-27 11:02:15,922 INFO o.a.j.t.JMeterThread: Thread finished: Thread Group 1-813
2024-11-27 11:02:16,029 INFO o.a.j.t.JMeterThread: Thread is done: Thread Group 1-458
2024-11-27 11:02:16,030 INFO o.a.j.t.JMeterThread: Thread finished: Thread Group 1-458
2024-11-27 11:02:16,137 INFO o.a.j.t.JMeterThread: Thread is done: Thread Group 1-420
2024-11-27 11:02:16,137 INFO o.a.j.t.JMeterThread: Thread finished: Thread Group 1-420
2024-11-27 11:02:16,247 INFO o.a.j.t.JMeterThread: Thread is done: Thread Group 1-780
2024-11-27 11:02:16,247 INFO o.a.j.t.JMeterThread: Thread finished: Thread Group 1-780
2024-11-27 11:02:16,353 INFO o.a.j.t.JMeterThread: Thread is done: Thread Group 1-488
2024-11-27 11:02:16,353 INFO o.a.j.t.JMeterThread: Thread finished: Thread Group 1-488
2024-11-27 11:02:16,462 INFO o.a.j.t.JMeterThread: Thread is done: Thread Group 1-334
2024-11-27 11:02:16,463 INFO o.a.j.t.JMeterThread: Thread finished: Thread Group 1-334
2024-11-27 11:02:16,571 INFO o.a.j.t.JMeterThread: Thread is done: Thread Group 1-500
2024-11-27 11:02:16,571 INFO o.a.j.t.JMeterThread: Thread finished: Thread Group 1-500
2024-11-27 11:02:16,676 INFO o.a.j.t.JMeterThread: Thread is done: Thread Group 1-783
2024-11-27 11:02:16,676 INFO o.a.j.t.JMeterThread: Thread finished: Thread Group 1-783
2024-11-27 11:02:16,781 INFO o.a.j.t.JMeterThread: Thread is done: Thread Group 1-414
2024-11-27 11:02:16,781 INFO o.a.j.t.JMeterThread: Thread finished: Thread Group 1-414
2024-11-27 11:02:16,894 INFO o.a.j.t.JMeterThread: Thread is done: Thread Group 1-470
2024-11-27 11:02:16,895 INFO o.a.j.t.JMeterThread: Thread finished: Thread Group 1-470
2024-11-27 11:02:16,998 INFO o.a.j.t.JMeterThread: Thread is done: Thread Group 1-743
2024-11-27 11:02:16,998 INFO o.a.j.t.JMeterThread: Thread finished: Thread Group 1-743
2024-11-27 11:02:17,110 INFO o.a.j.t.JMeterThread: Thread is done: Thread Group 1-452
2024-11-27 11:02:17,110 INFO o.a.j.t.JMeterThread: Thread finished: Thread Group 1-452
2024-11-27 11:02:17,221 INFO o.a.j.t.JMeterThread: Thread is done: Thread Group 1-469
2024-11-27 11:02:17,221 INFO o.a.j.t.JMeterThread: Thread finished: Thread Group 1-469
2024-11-27 11:02:17,330 INFO o.a.j.t.JMeterThread: Thread is done: Thread Group 1-461
2024-11-27 11:02:17,331 INFO o.a.j.t.JMeterThread: Thread finished: Thread Group 1-461
2024-11-27 11:02:17,441 INFO o.a.j.t.JMeterThread: Thread is done: Thread Group 1-509
2024-11-27 11:02:17,441 INFO o.a.j.t.JMeterThread: Thread finished: Thread Group 1-509
2024-11-27 11:02:17,546 INFO o.a.j.t.JMeterThread: Thread is done: Thread Group 1-763
2024-11-27 11:02:17,546 INFO o.a.j.t.JMeterThread: Thread finished: Thread Group 1-763
2024-11-27 11:02:17,650 INFO o.a.j.t.JMeterThread: Thread is done: Thread Group 1-518
2024-11-27 11:02:17,650 INFO o.a.j.t.JMeterThread: Thread finished: Thread Group 1-518
2024-11-27 11:02:17,761 INFO o.a.j.t.JMeterThread: Thread is done: Thread Group 1-503
2024-11-27 11:02:17,762 INFO o.a.j.t.JMeterThread: Thread finished: Thread Group 1-503
2024-11-27 11:02:17,868 INFO o.a.j.t.JMeterThread: Thread is done: Thread Group 1-463
2024-11-27 11:02:17,868 INFO o.a.j.t.JMeterThread: Thread finished: Thread Group 1-463
2024-11-27 11:02:17,975 INFO o.a.j.t.JMeterThread: Thread is done: Thread Group 1-485
2024-11-27 11:02:17,975 INFO o.a.j.t.JMeterThread: Thread finished: Thread Group 1-485
2024-11-27 11:02:18,079 INFO o.a.j.t.JMeterThread: Thread is done: Thread Group 1-516
2024-11-27 11:02:18,079 INFO o.a.j.t.JMeterThread: Thread finished: Thread Group 1-516
2024-11-27 11:02:18,192 INFO o.a.j.t.JMeterThread: Thread is done: Thread Group 1-506
2024-11-27 11:02:18,192 INFO o.a.j.t.JMeterThread: Thread finished: Thread Group 1-506
2024-11-27 11:02:18,293 INFO o.a.j.t.JMeterThread: Thread is done: Thread Group 1-486
2024-11-27 11:02:18,293 INFO o.a.j.t.JMeterThread: Thread finished: Thread Group 1-486
2024-11-27 11:02:18,507 INFO o.a.j.t.JMeterThread: Thread is done: Thread Group 1-467
2024-11-27 11:02:18,508 INFO o.a.j.t.JMeterThread: Thread finished: Thread Group 1-467
2024-11-27 11:02:18,508 INFO o.a.j.t.JMeterThread: Thread is done: Thread Group 1-822
2024-11-27 11:02:18,508 INFO o.a.j.t.JMeterThread: Thread finished: Thread Group 1-822
2024-11-27 11:02:18,610 INFO o.a.j.t.JMeterThread: Thread is done: Thread Group 1-508
2024-11-27 11:02:18,610 INFO o.a.j.t.JMeterThread: Thread finished: Thread Group 1-508
2024-11-27 11:02:18,715 INFO o.a.j.t.JMeterThread: Thread is done: Thread Group 1-519
2024-11-27 11:02:18,715 INFO o.a.j.t.JMeterThread: Thread finished: Thread Group 1-519
2024-11-27 11:02:18,825 INFO o.a.j.t.JMeterThread: Thread is done: Thread Group 1-502
2024-11-27 11:02:18,825 INFO o.a.j.t.JMeterThread: Thread finished: Thread Group 1-502
2024-11-27 11:02:18,930 INFO o.a.j.t.JMeterThread: Thread is done: Thread Group 1-501
2024-11-27 11:02:18,930 INFO o.a.j.t.JMeterThread: Thread finished: Thread Group 1-501
2024-11-27 11:02:19,033 INFO o.a.j.t.JMeterThread: Thread is done: Thread Group 1-507
2024-11-27 11:02:19,033 INFO o.a.j.t.JMeterThread: Thread finished: Thread Group 1-507
2024-11-27 11:02:19,141 INFO o.a.j.t.JMeterThread: Thread is done: Thread Group 1-818
2024-11-27 11:02:19,141 INFO o.a.j.t.JMeterThread: Thread finished: Thread Group 1-818
2024-11-27 11:02:19,249 INFO o.a.j.t.JMeterThread: Thread is done: Thread Group 1-823
2024-11-27 11:02:19,249 INFO o.a.j.t.JMeterThread: Thread finished: Thread Group 1-823
2024-11-27 11:02:19,361 INFO o.a.j.t.JMeterThread: Thread is done: Thread Group 1-824
2024-11-27 11:02:19,361 INFO o.a.j.t.JMeterThread: Thread finished: Thread Group 1-824
2024-11-27 11:02:19,572 INFO o.a.j.t.JMeterThread: Thread is done: Thread Group 1-522
2024-11-27 11:02:19,572 INFO o.a.j.t.JMeterThread: Thread finished: Thread Group 1-522
2024-11-27 11:02:19,573 INFO o.a.j.t.JMeterThread: Thread is done: Thread Group 1-504
2024-11-27 11:02:19,573 INFO o.a.j.t.JMeterThread: Thread finished: Thread Group 1-504
2024-11-27 11:02:19,680 INFO o.a.j.t.JMeterThread: Thread is done: Thread Group 1-517
2024-11-27 11:02:19,680 INFO o.a.j.t.JMeterThread: Thread finished: Thread Group 1-517
2024-11-27 11:02:19,788 INFO o.a.j.t.JMeterThread: Thread is done: Thread Group 1-520
2024-11-27 11:02:19,788 INFO o.a.j.t.JMeterThread: Thread finished: Thread Group 1-520
2024-11-27 11:02:19,891 INFO o.a.j.t.JMeterThread: Thread is done: Thread Group 1-521
2024-11-27 11:02:19,891 INFO o.a.j.t.JMeterThread: Thread finished: Thread Group 1-521
2024-11-27 11:02:19,996 INFO o.a.j.t.JMeterThread: Thread is done: Thread Group 1-850
2024-11-27 11:02:19,996 INFO o.a.j.t.JMeterThread: Thread finished: Thread Group 1-850
2024-11-27 11:02:20,102 INFO o.a.j.t.JMeterThread: Thread is done: Thread Group 1-523
2024-11-27 11:02:20,102 INFO o.a.j.t.JMeterThread: Thread finished: Thread Group 1-523
2024-11-27 11:02:20,212 INFO o.a.j.t.JMeterThread: Thread is done: Thread Group 1-524
2024-11-27 11:02:20,212 INFO o.a.j.t.JMeterThread: Thread finished: Thread Group 1-524
2024-11-27 11:02:20,318 INFO o.a.j.t.JMeterThread: Thread is done: Thread Group 1-527
2024-11-27 11:02:20,318 INFO o.a.j.t.JMeterThread: Thread finished: Thread Group 1-527
2024-11-27 11:02:20,339 INFO o.a.j.t.JMeterThread: Thread is done: Thread Group 1-413
2024-11-27 11:02:20,339 INFO o.a.j.t.JMeterThread: Thread finished: Thread Group 1-413
2024-11-27 11:02:20,426 INFO o.a.j.t.JMeterThread: Thread is done: Thread Group 1-529
2024-11-27 11:02:20,426 INFO o.a.j.t.JMeterThread: Thread finished: Thread Group 1-529
2024-11-27 11:02:20,529 INFO o.a.j.t.JMeterThread: Thread is done: Thread Group 1-536
2024-11-27 11:02:20,529 INFO o.a.j.t.JMeterThread: Thread finished: Thread Group 1-536
2024-11-27 11:02:20,637 INFO o.a.j.t.JMeterThread: Thread is done: Thread Group 1-539
2024-11-27 11:02:20,638 INFO o.a.j.t.JMeterThread: Thread finished: Thread Group 1-539
2024-11-27 11:02:20,748 INFO o.a.j.t.JMeterThread: Thread is done: Thread Group 1-538
2024-11-27 11:02:20,748 INFO o.a.j.t.JMeterThread: Thread finished: Thread Group 1-538
2024-11-27 11:02:20,856 INFO o.a.j.t.JMeterThread: Thread is done: Thread Group 1-547
2024-11-27 11:02:20,856 INFO o.a.j.t.JMeterThread: Thread finished: Thread Group 1-547
2024-11-27 11:02:20,964 INFO o.a.j.t.JMeterThread: Thread is done: Thread Group 1-544
2024-11-27 11:02:20,964 INFO o.a.j.t.JMeterThread: Thread finished: Thread Group 1-544
2024-11-27 11:02:21,070 INFO o.a.j.t.JMeterThread: Thread is done: Thread Group 1-528
2024-11-27 11:02:21,070 INFO o.a.j.t.JMeterThread: Thread finished: Thread Group 1-528
2024-11-27 11:02:21,103 INFO o.a.j.t.JMeterThread: Thread is done: Thread Group 1-395
2024-11-27 11:02:21,103 INFO o.a.j.t.JMeterThread: Thread finished: Thread Group 1-395
2024-11-27 11:02:21,177 INFO o.a.j.t.JMeterThread: Thread is done: Thread Group 1-531
2024-11-27 11:02:21,177 INFO o.a.j.t.JMeterThread: Thread finished: Thread Group 1-531
2024-11-27 11:02:21,217 INFO o.a.j.t.JMeterThread: Thread is done: Thread Group 1-427
2024-11-27 11:02:21,218 INFO o.a.j.t.JMeterThread: Thread finished: Thread Group 1-427
2024-11-27 11:02:21,282 INFO o.a.j.t.JMeterThread: Thread is done: Thread Group 1-542
2024-11-27 11:02:21,283 INFO o.a.j.t.JMeterThread: Thread finished: Thread Group 1-542
2024-11-27 11:02:21,392 INFO o.a.j.t.JMeterThread: Thread is done: Thread Group 1-543
2024-11-27 11:02:21,392 INFO o.a.j.t.JMeterThread: Thread finished: Thread Group 1-543
2024-11-27 11:02:21,499 INFO o.a.j.t.JMeterThread: Thread is done: Thread Group 1-548
2024-11-27 11:02:21,500 INFO o.a.j.t.JMeterThread: Thread finished: Thread Group 1-548
2024-11-27 11:02:21,606 INFO o.a.j.t.JMeterThread: Thread is done: Thread Group 1-551
2024-11-27 11:02:21,606 INFO o.a.j.t.JMeterThread: Thread finished: Thread Group 1-551
2024-11-27 11:02:21,710 INFO o.a.j.t.JMeterThread: Thread is done: Thread Group 1-537
2024-11-27 11:02:21,710 INFO o.a.j.t.JMeterThread: Thread finished: Thread Group 1-537
2024-11-27 11:02:21,822 INFO o.a.j.t.JMeterThread: Thread is done: Thread Group 1-540
2024-11-27 11:02:21,822 INFO o.a.j.t.JMeterThread: Thread finished: Thread Group 1-540
2024-11-27 11:02:21,929 INFO o.a.j.t.JMeterThread: Thread is done: Thread Group 1-552
2024-11-27 11:02:21,929 INFO o.a.j.t.JMeterThread: Thread finished: Thread Group 1-552
2024-11-27 11:02:22,032 INFO o.a.j.t.JMeterThread: Thread is done: Thread Group 1-541
2024-11-27 11:02:22,032 INFO o.a.j.t.JMeterThread: Thread finished: Thread Group 1-541
2024-11-27 11:02:22,068 INFO o.a.j.t.JMeterThread: Thread is done: Thread Group 1-434
2024-11-27 11:02:22,068 INFO o.a.j.t.JMeterThread: Thread finished: Thread Group 1-434
2024-11-27 11:02:22,139 INFO o.a.j.t.JMeterThread: Thread is done: Thread Group 1-545
2024-11-27 11:02:22,140 INFO o.a.j.t.JMeterThread: Thread finished: Thread Group 1-545
2024-11-27 11:02:22,251 INFO o.a.j.t.JMeterThread: Thread is done: Thread Group 1-582
2024-11-27 11:02:22,251 INFO o.a.j.t.JMeterThread: Thread finished: Thread Group 1-582
2024-11-27 11:02:22,352 INFO o.a.j.t.JMeterThread: Thread is done: Thread Group 1-549
2024-11-27 11:02:22,352 INFO o.a.j.t.JMeterThread: Thread finished: Thread Group 1-549
2024-11-27 11:02:22,471 INFO o.a.j.t.JMeterThread: Thread is done: Thread Group 1-550
2024-11-27 11:02:22,472 INFO o.a.j.t.JMeterThread: Thread finished: Thread Group 1-550
2024-11-27 11:02:22,582 INFO o.a.j.t.JMeterThread: Thread is done: Thread Group 1-567
2024-11-27 11:02:22,582 INFO o.a.j.t.JMeterThread: Thread finished: Thread Group 1-567
2024-11-27 11:02:22,693 INFO o.a.j.t.JMeterThread: Thread is done: Thread Group 1-577
2024-11-27 11:02:22,694 INFO o.a.j.t.JMeterThread: Thread finished: Thread Group 1-577
2024-11-27 11:02:22,726 INFO o.a.j.t.JMeterThread: Thread is done: Thread Group 1-462
2024-11-27 11:02:22,726 INFO o.a.j.t.JMeterThread: Thread is done: Thread Group 1-440
2024-11-27 11:02:22,726 INFO o.a.j.t.JMeterThread: Thread finished: Thread Group 1-462
2024-11-27 11:02:22,726 INFO o.a.j.t.JMeterThread: Thread finished: Thread Group 1-440
2024-11-27 11:02:22,797 INFO o.a.j.t.JMeterThread: Thread is done: Thread Group 1-573
2024-11-27 11:02:22,797 INFO o.a.j.t.JMeterThread: Thread finished: Thread Group 1-573
2024-11-27 11:02:22,903 INFO o.a.j.t.JMeterThread: Thread is done: Thread Group 1-578
2024-11-27 11:02:22,904 INFO o.a.j.t.JMeterThread: Thread finished: Thread Group 1-578
2024-11-27 11:02:23,012 INFO o.a.j.t.JMeterThread: Thread is done: Thread Group 1-568
2024-11-27 11:02:23,012 INFO o.a.j.t.JMeterThread: Thread finished: Thread Group 1-568
2024-11-27 11:02:23,117 INFO o.a.j.t.JMeterThread: Thread is done: Thread Group 1-580
2024-11-27 11:02:23,117 INFO o.a.j.t.JMeterThread: Thread finished: Thread Group 1-580
2024-11-27 11:02:23,222 INFO o.a.j.t.JMeterThread: Thread is done: Thread Group 1-572
2024-11-27 11:02:23,222 INFO o.a.j.t.JMeterThread: Thread finished: Thread Group 1-572
2024-11-27 11:02:23,332 INFO o.a.j.t.JMeterThread: Thread is done: Thread Group 1-565
2024-11-27 11:02:23,332 INFO o.a.j.t.JMeterThread: Thread finished: Thread Group 1-565
2024-11-27 11:02:23,443 INFO o.a.j.t.JMeterThread: Thread is done: Thread Group 1-579
2024-11-27 11:02:23,443 INFO o.a.j.t.JMeterThread: Thread finished: Thread Group 1-579
2024-11-27 11:02:23,554 INFO o.a.j.t.JMeterThread: Thread is done: Thread Group 1-571
2024-11-27 11:02:23,554 INFO o.a.j.t.JMeterThread: Thread finished: Thread Group 1-571
2024-11-27 11:02:23,656 INFO o.a.j.t.JMeterThread: Thread is done: Thread Group 1-583
2024-11-27 11:02:23,656 INFO o.a.j.t.JMeterThread: Thread finished: Thread Group 1-583
2024-11-27 11:02:23,684 INFO o.a.j.t.JMeterThread: Thread is done: Thread Group 1-764
2024-11-27 11:02:23,684 INFO o.a.j.t.JMeterThread: Thread finished: Thread Group 1-764
2024-11-27 11:02:23,765 INFO o.a.j.t.JMeterThread: Thread is done: Thread Group 1-574
2024-11-27 11:02:23,765 INFO o.a.j.t.JMeterThread: Thread finished: Thread Group 1-574
2024-11-27 11:02:23,874 INFO o.a.j.t.JMeterThread: Thread is done: Thread Group 1-589
2024-11-27 11:02:23,874 INFO o.a.j.t.JMeterThread: Thread finished: Thread Group 1-589
2024-11-27 11:02:23,983 INFO o.a.j.t.JMeterThread: Thread is done: Thread Group 1-570
2024-11-27 11:02:23,983 INFO o.a.j.t.JMeterThread: Thread finished: Thread Group 1-570
2024-11-27 11:02:24,093 INFO o.a.j.t.JMeterThread: Thread is done: Thread Group 1-569
2024-11-27 11:02:24,093 INFO o.a.j.t.JMeterThread: Thread finished: Thread Group 1-569
2024-11-27 11:02:24,199 INFO o.a.j.t.JMeterThread: Thread is done: Thread Group 1-591
2024-11-27 11:02:24,199 INFO o.a.j.t.JMeterThread: Thread finished: Thread Group 1-591
2024-11-27 11:02:24,310 INFO o.a.j.t.JMeterThread: Thread is done: Thread Group 1-587
2024-11-27 11:02:24,310 INFO o.a.j.t.JMeterThread: Thread finished: Thread Group 1-587
2024-11-27 11:02:24,421 INFO o.a.j.t.JMeterThread: Thread is done: Thread Group 1-621
2024-11-27 11:02:24,421 INFO o.a.j.t.JMeterThread: Thread finished: Thread Group 1-621
2024-11-27 11:02:24,526 INFO o.a.j.t.JMeterThread: Thread is done: Thread Group 1-661
2024-11-27 11:02:24,527 INFO o.a.j.t.JMeterThread: Thread finished: Thread Group 1-661
2024-11-27 11:02:24,636 INFO o.a.j.t.JMeterThread: Thread is done: Thread Group 1-581
2024-11-27 11:02:24,636 INFO o.a.j.t.JMeterThread: Thread finished: Thread Group 1-581
2024-11-27 11:02:24,658 INFO o.a.j.t.JMeterThread: Thread is done: Thread Group 1-466
2024-11-27 11:02:24,658 INFO o.a.j.t.JMeterThread: Thread finished: Thread Group 1-466
2024-11-27 11:02:24,747 INFO o.a.j.t.JMeterThread: Thread is done: Thread Group 1-631
2024-11-27 11:02:24,747 INFO o.a.j.t.JMeterThread: Thread finished: Thread Group 1-631
2024-11-27 11:02:24,848 INFO o.a.j.t.JMeterThread: Thread is done: Thread Group 1-566
2024-11-27 11:02:24,849 INFO o.a.j.t.JMeterThread: Thread finished: Thread Group 1-566
2024-11-27 11:02:24,958 INFO o.a.j.t.JMeterThread: Thread is done: Thread Group 1-662
2024-11-27 11:02:24,959 INFO o.a.j.t.JMeterThread: Thread finished: Thread Group 1-662
2024-11-27 11:02:25,066 INFO o.a.j.t.JMeterThread: Thread is done: Thread Group 1-584
2024-11-27 11:02:25,067 INFO o.a.j.t.JMeterThread: Thread finished: Thread Group 1-584
2024-11-27 11:02:25,175 INFO o.a.j.t.JMeterThread: Thread is done: Thread Group 1-585
2024-11-27 11:02:25,176 INFO o.a.j.t.JMeterThread: Thread finished: Thread Group 1-585
2024-11-27 11:02:25,287 INFO o.a.j.t.JMeterThread: Thread is done: Thread Group 1-588
2024-11-27 11:02:25,287 INFO o.a.j.t.JMeterThread: Thread finished: Thread Group 1-588
2024-11-27 11:02:25,389 INFO o.a.j.t.JMeterThread: Thread is done: Thread Group 1-598
2024-11-27 11:02:25,389 INFO o.a.j.t.JMeterThread: Thread finished: Thread Group 1-598
2024-11-27 11:02:25,499 INFO o.a.j.t.JMeterThread: Thread is done: Thread Group 1-139
2024-11-27 11:02:25,499 INFO o.a.j.t.JMeterThread: Thread finished: Thread Group 1-139
2024-11-27 11:02:25,607 INFO o.a.j.t.JMeterThread: Thread is done: Thread Group 1-141
2024-11-27 11:02:25,607 INFO o.a.j.t.JMeterThread: Thread finished: Thread Group 1-141
2024-11-27 11:02:25,708 INFO o.a.j.t.JMeterThread: Thread is done: Thread Group 1-590
2024-11-27 11:02:25,708 INFO o.a.j.t.JMeterThread: Thread finished: Thread Group 1-590
2024-11-27 11:02:25,817 INFO o.a.j.t.JMeterThread: Thread is done: Thread Group 1-622
2024-11-27 11:02:25,818 INFO o.a.j.t.JMeterThread: Thread finished: Thread Group 1-622
2024-11-27 11:02:25,926 INFO o.a.j.t.JMeterThread: Thread is done: Thread Group 1-586
2024-11-27 11:02:25,926 INFO o.a.j.t.JMeterThread: Thread finished: Thread Group 1-586
2024-11-27 11:02:26,035 INFO o.a.j.t.JMeterThread: Thread is done: Thread Group 1-140
2024-11-27 11:02:26,035 INFO o.a.j.t.JMeterThread: Thread finished: Thread Group 1-140
2024-11-27 11:02:26,142 INFO o.a.j.t.JMeterThread: Thread is done: Thread Group 1-154
2024-11-27 11:02:26,144 INFO o.a.j.t.JMeterThread: Thread finished: Thread Group 1-154
2024-11-27 11:02:26,252 INFO o.a.j.t.JMeterThread: Thread is done: Thread Group 1-161
2024-11-27 11:02:26,253 INFO o.a.j.t.JMeterThread: Thread finished: Thread Group 1-161
2024-11-27 11:02:26,467 INFO o.a.j.t.JMeterThread: Thread is done: Thread Group 1-159
2024-11-27 11:02:26,468 INFO o.a.j.t.JMeterThread: Thread finished: Thread Group 1-159
2024-11-27 11:02:26,468 INFO o.a.j.t.JMeterThread: Thread is done: Thread Group 1-167
2024-11-27 11:02:26,468 INFO o.a.j.t.JMeterThread: Thread finished: Thread Group 1-167
2024-11-27 11:02:26,570 INFO o.a.j.t.JMeterThread: Thread is done: Thread Group 1-158
2024-11-27 11:02:26,570 INFO o.a.j.t.JMeterThread: Thread finished: Thread Group 1-158
2024-11-27 11:02:26,677 INFO o.a.j.t.JMeterThread: Thread is done: Thread Group 1-166
2024-11-27 11:02:26,678 INFO o.a.j.t.JMeterThread: Thread finished: Thread Group 1-166
2024-11-27 11:02:26,788 INFO o.a.j.t.JMeterThread: Thread is done: Thread Group 1-155
2024-11-27 11:02:26,789 INFO o.a.j.t.JMeterThread: Thread finished: Thread Group 1-155
2024-11-27 11:02:26,896 INFO o.a.j.t.JMeterThread: Thread is done: Thread Group 1-162
2024-11-27 11:02:26,896 INFO o.a.j.t.JMeterThread: Thread finished: Thread Group 1-162
2024-11-27 11:02:26,997 INFO o.a.j.t.JMeterThread: Thread is done: Thread Group 1-173
2024-11-27 11:02:26,998 INFO o.a.j.t.JMeterThread: Thread finished: Thread Group 1-173
2024-11-27 11:02:27,110 INFO o.a.j.t.JMeterThread: Thread is done: Thread Group 1-160
2024-11-27 11:02:27,110 INFO o.a.j.t.JMeterThread: Thread finished: Thread Group 1-160
2024-11-27 11:02:27,214 INFO o.a.j.t.JMeterThread: Thread is done: Thread Group 1-168
2024-11-27 11:02:27,214 INFO o.a.j.t.JMeterThread: Thread finished: Thread Group 1-168
2024-11-27 11:02:27,324 INFO o.a.j.t.JMeterThread: Thread is done: Thread Group 1-170
2024-11-27 11:02:27,325 INFO o.a.j.t.JMeterThread: Thread finished: Thread Group 1-170
2024-11-27 11:02:27,429 INFO o.a.j.t.JMeterThread: Thread is done: Thread Group 1-186
2024-11-27 11:02:27,430 INFO o.a.j.t.JMeterThread: Thread finished: Thread Group 1-186
2024-11-27 11:02:27,533 INFO o.a.j.t.JMeterThread: Thread is done: Thread Group 1-181
2024-11-27 11:02:27,533 INFO o.a.j.t.JMeterThread: Thread finished: Thread Group 1-181
2024-11-27 11:02:27,643 INFO o.a.j.t.JMeterThread: Thread is done: Thread Group 1-180
2024-11-27 11:02:27,643 INFO o.a.j.t.JMeterThread: Thread finished: Thread Group 1-180
2024-11-27 11:02:27,753 INFO o.a.j.t.JMeterThread: Thread is done: Thread Group 1-182
2024-11-27 11:02:27,753 INFO o.a.j.t.JMeterThread: Thread finished: Thread Group 1-182
2024-11-27 11:02:27,861 INFO o.a.j.t.JMeterThread: Thread is done: Thread Group 1-190
2024-11-27 11:02:27,861 INFO o.a.j.t.JMeterThread: Thread finished: Thread Group 1-190
2024-11-27 11:02:27,968 INFO o.a.j.t.JMeterThread: Thread is done: Thread Group 1-187
2024-11-27 11:02:27,968 INFO o.a.j.t.JMeterThread: Thread finished: Thread Group 1-187
2024-11-27 11:02:28,072 INFO o.a.j.t.JMeterThread: Thread is done: Thread Group 1-188
2024-11-27 11:02:28,073 INFO o.a.j.t.JMeterThread: Thread finished: Thread Group 1-188
2024-11-27 11:02:28,183 INFO o.a.j.t.JMeterThread: Thread is done: Thread Group 1-198
2024-11-27 11:02:28,183 INFO o.a.j.t.JMeterThread: Thread finished: Thread Group 1-198
2024-11-27 11:02:28,291 INFO o.a.j.t.JMeterThread: Thread is done: Thread Group 1-189
2024-11-27 11:02:28,291 INFO o.a.j.t.JMeterThread: Thread finished: Thread Group 1-189
2024-11-27 11:02:28,405 INFO o.a.j.t.JMeterThread: Thread is done: Thread Group 1-207
2024-11-27 11:02:28,406 INFO o.a.j.t.JMeterThread: Thread finished: Thread Group 1-207
2024-11-27 11:02:28,511 INFO o.a.j.t.JMeterThread: Thread is done: Thread Group 1-196
2024-11-27 11:02:28,512 INFO o.a.j.t.JMeterThread: Thread finished: Thread Group 1-196
2024-11-27 11:02:28,624 INFO o.a.j.t.JMeterThread: Thread is done: Thread Group 1-197
2024-11-27 11:02:28,624 INFO o.a.j.t.JMeterThread: Thread finished: Thread Group 1-197
2024-11-27 11:02:28,726 INFO o.a.j.t.JMeterThread: Thread is done: Thread Group 1-211
2024-11-27 11:02:28,726 INFO o.a.j.t.JMeterThread: Thread finished: Thread Group 1-211
2024-11-27 11:02:28,836 INFO o.a.j.t.JMeterThread: Thread is done: Thread Group 1-210
2024-11-27 11:02:28,836 INFO o.a.j.t.JMeterThread: Thread finished: Thread Group 1-210
2024-11-27 11:02:28,943 INFO o.a.j.t.JMeterThread: Thread is done: Thread Group 1-218
2024-11-27 11:02:28,944 INFO o.a.j.t.JMeterThread: Thread finished: Thread Group 1-218
2024-11-27 11:02:29,051 INFO o.a.j.t.JMeterThread: Thread is done: Thread Group 1-209
2024-11-27 11:02:29,051 INFO o.a.j.t.JMeterThread: Thread finished: Thread Group 1-209
2024-11-27 11:02:29,155 INFO o.a.j.t.JMeterThread: Thread is done: Thread Group 1-199
2024-11-27 11:02:29,155 INFO o.a.j.t.JMeterThread: Thread finished: Thread Group 1-199
2024-11-27 11:02:29,262 INFO o.a.j.t.JMeterThread: Thread is done: Thread Group 1-221
2024-11-27 11:02:29,262 INFO o.a.j.t.JMeterThread: Thread finished: Thread Group 1-221
2024-11-27 11:02:29,370 INFO o.a.j.t.JMeterThread: Thread is done: Thread Group 1-208
2024-11-27 11:02:29,370 INFO o.a.j.t.JMeterThread: Thread finished: Thread Group 1-208
2024-11-27 11:02:29,476 INFO o.a.j.t.JMeterThread: Thread is done: Thread Group 1-216
2024-11-27 11:02:29,476 INFO o.a.j.t.JMeterThread: Thread finished: Thread Group 1-216
2024-11-27 11:02:29,580 INFO o.a.j.t.JMeterThread: Thread is done: Thread Group 1-219
2024-11-27 11:02:29,580 INFO o.a.j.t.JMeterThread: Thread finished: Thread Group 1-219
2024-11-27 11:02:29,688 INFO o.a.j.t.JMeterThread: Thread is done: Thread Group 1-217
2024-11-27 11:02:29,689 INFO o.a.j.t.JMeterThread: Thread finished: Thread Group 1-217
2024-11-27 11:02:29,798 INFO o.a.j.t.JMeterThread: Thread is done: Thread Group 1-229
2024-11-27 11:02:29,798 INFO o.a.j.t.JMeterThread: Thread finished: Thread Group 1-229
2024-11-27 11:02:29,905 INFO o.a.j.t.JMeterThread: Thread is done: Thread Group 1-220
2024-11-27 11:02:29,905 INFO o.a.j.t.JMeterThread: Thread finished: Thread Group 1-220
2024-11-27 11:02:30,016 INFO o.a.j.r.Summariser: summary +    290 in 00:00:30 =    9.7/s Avg: 77958 Min: 60860 Max: 94191 Err:    14 (4.83%) Active: 72 Started: 1000 Finished: 928
2024-11-27 11:02:30,016 INFO o.a.j.r.Summariser: summary =    929 in 00:01:35 =    9.7/s Avg: 44364 Min:    11 Max: 94191 Err:   142 (15.29%)
2024-11-27 11:02:30,017 INFO o.a.j.t.JMeterThread: Thread is done: Thread Group 1-222
2024-11-27 11:02:30,017 INFO o.a.j.t.JMeterThread: Thread finished: Thread Group 1-222
2024-11-27 11:02:30,120 INFO o.a.j.t.JMeterThread: Thread is done: Thread Group 1-228
2024-11-27 11:02:30,121 INFO o.a.j.t.JMeterThread: Thread finished: Thread Group 1-228
2024-11-27 11:02:30,229 INFO o.a.j.t.JMeterThread: Thread is done: Thread Group 1-230
2024-11-27 11:02:30,229 INFO o.a.j.t.JMeterThread: Thread finished: Thread Group 1-230
2024-11-27 11:02:30,336 INFO o.a.j.t.JMeterThread: Thread is done: Thread Group 1-234
2024-11-27 11:02:30,336 INFO o.a.j.t.JMeterThread: Thread finished: Thread Group 1-234
2024-11-27 11:02:30,448 INFO o.a.j.t.JMeterThread: Thread is done: Thread Group 1-231
2024-11-27 11:02:30,448 INFO o.a.j.t.JMeterThread: Thread finished: Thread Group 1-231
2024-11-27 11:02:30,584 INFO o.a.j.t.JMeterThread: Thread is done: Thread Group 1-235
2024-11-27 11:02:30,584 INFO o.a.j.t.JMeterThread: Thread finished: Thread Group 1-235
2024-11-27 11:02:30,659 INFO o.a.j.t.JMeterThread: Thread is done: Thread Group 1-233
2024-11-27 11:02:30,659 INFO o.a.j.t.JMeterThread: Thread finished: Thread Group 1-233
2024-11-27 11:02:30,940 INFO o.a.j.t.JMeterThread: Thread is done: Thread Group 1-241
2024-11-27 11:02:30,950 INFO o.a.j.t.JMeterThread: Thread is done: Thread Group 1-237
2024-11-27 11:02:30,972 INFO o.a.j.t.JMeterThread: Thread finished: Thread Group 1-241
2024-11-27 11:02:30,972 INFO o.a.j.t.JMeterThread: Thread finished: Thread Group 1-237
2024-11-27 11:02:31,057 INFO o.a.j.t.JMeterThread: Thread is done: Thread Group 1-246
2024-11-27 11:02:31,057 INFO o.a.j.t.JMeterThread: Thread finished: Thread Group 1-246
2024-11-27 11:02:31,169 INFO o.a.j.t.JMeterThread: Thread is done: Thread Group 1-236
2024-11-27 11:02:31,169 INFO o.a.j.t.JMeterThread: Thread finished: Thread Group 1-236
2024-11-27 11:02:31,267 INFO o.a.j.t.JMeterThread: Thread is done: Thread Group 1-232
2024-11-27 11:02:31,267 INFO o.a.j.t.JMeterThread: Thread finished: Thread Group 1-232
2024-11-27 11:02:31,378 INFO o.a.j.t.JMeterThread: Thread is done: Thread Group 1-240
2024-11-27 11:02:31,378 INFO o.a.j.t.JMeterThread: Thread finished: Thread Group 1-240
2024-11-27 11:02:31,489 INFO o.a.j.t.JMeterThread: Thread is done: Thread Group 1-249
2024-11-27 11:02:31,489 INFO o.a.j.t.JMeterThread: Thread finished: Thread Group 1-249
2024-11-27 11:02:31,588 INFO o.a.j.t.JMeterThread: Thread is done: Thread Group 1-251
2024-11-27 11:02:31,588 INFO o.a.j.t.JMeterThread: Thread finished: Thread Group 1-251
2024-11-27 11:02:31,698 INFO o.a.j.t.JMeterThread: Thread is done: Thread Group 1-247
2024-11-27 11:02:31,698 INFO o.a.j.t.JMeterThread: Thread finished: Thread Group 1-247
2024-11-27 11:02:31,805 INFO o.a.j.t.JMeterThread: Thread is done: Thread Group 1-248
2024-11-27 11:02:31,805 INFO o.a.j.t.JMeterThread: Thread finished: Thread Group 1-248
2024-11-27 11:02:31,914 INFO o.a.j.t.JMeterThread: Thread is done: Thread Group 1-255
2024-11-27 11:02:31,914 INFO o.a.j.t.JMeterThread: Thread finished: Thread Group 1-255
2024-11-27 11:02:32,015 INFO o.a.j.t.JMeterThread: Thread is done: Thread Group 1-252
2024-11-27 11:02:32,015 INFO o.a.j.t.JMeterThread: Thread finished: Thread Group 1-252
2024-11-27 11:02:32,126 INFO o.a.j.t.JMeterThread: Thread is done: Thread Group 1-253
2024-11-27 11:02:32,126 INFO o.a.j.t.JMeterThread: Thread finished: Thread Group 1-253
2024-11-27 11:02:32,232 INFO o.a.j.t.JMeterThread: Thread is done: Thread Group 1-254
2024-11-27 11:02:32,232 INFO o.a.j.t.JMeterThread: Thread finished: Thread Group 1-254
2024-11-27 11:02:32,339 INFO o.a.j.t.JMeterThread: Thread is done: Thread Group 1-260
2024-11-27 11:02:32,339 INFO o.a.j.t.JMeterThread: Thread finished: Thread Group 1-260
2024-11-27 11:02:32,460 INFO o.a.j.t.JMeterThread: Thread is done: Thread Group 1-250
2024-11-27 11:02:32,460 INFO o.a.j.t.JMeterThread: Thread finished: Thread Group 1-250
2024-11-27 11:02:32,562 INFO o.a.j.t.JMeterThread: Thread is done: Thread Group 1-261
2024-11-27 11:02:32,562 INFO o.a.j.t.JMeterThread: Thread finished: Thread Group 1-261
2024-11-27 11:02:32,671 INFO o.a.j.t.JMeterThread: Thread is done: Thread Group 1-264
2024-11-27 11:02:32,671 INFO o.a.j.t.JMeterThread: Thread finished: Thread Group 1-264
2024-11-27 11:02:32,770 INFO o.a.j.t.JMeterThread: Thread is done: Thread Group 1-259
2024-11-27 11:02:32,770 INFO o.a.j.t.JMeterThread: Thread finished: Thread Group 1-259
2024-11-27 11:02:32,884 INFO o.a.j.t.JMeterThread: Thread is done: Thread Group 1-265
2024-11-27 11:02:32,884 INFO o.a.j.t.JMeterThread: Thread finished: Thread Group 1-265
2024-11-27 11:02:32,994 INFO o.a.j.t.JMeterThread: Thread is done: Thread Group 1-258
2024-11-27 11:02:32,994 INFO o.a.j.t.JMeterThread: Thread finished: Thread Group 1-258
2024-11-27 11:02:33,095 INFO o.a.j.t.JMeterThread: Thread is done: Thread Group 1-266
2024-11-27 11:02:33,095 INFO o.a.j.t.JMeterThread: Thread finished: Thread Group 1-266
2024-11-27 11:02:33,200 INFO o.a.j.t.JMeterThread: Thread is done: Thread Group 1-257
2024-11-27 11:02:33,200 INFO o.a.j.t.JMeterThread: Thread finished: Thread Group 1-257
2024-11-27 11:02:33,310 INFO o.a.j.t.JMeterThread: Thread is done: Thread Group 1-268
2024-11-27 11:02:33,310 INFO o.a.j.t.JMeterThread: Thread finished: Thread Group 1-268
2024-11-27 11:02:33,418 INFO o.a.j.t.JMeterThread: Thread is done: Thread Group 1-271
2024-11-27 11:02:33,418 INFO o.a.j.t.JMeterThread: Thread finished: Thread Group 1-271
2024-11-27 11:02:33,520 INFO o.a.j.t.JMeterThread: Thread is done: Thread Group 1-279
2024-11-27 11:02:33,520 INFO o.a.j.t.JMeterThread: Thread finished: Thread Group 1-279
2024-11-27 11:02:33,634 INFO o.a.j.t.JMeterThread: Thread is done: Thread Group 1-278
2024-11-27 11:02:33,634 INFO o.a.j.t.JMeterThread: Thread finished: Thread Group 1-278
2024-11-27 11:02:33,738 INFO o.a.j.t.JMeterThread: Thread is done: Thread Group 1-284
2024-11-27 11:02:33,738 INFO o.a.j.t.JMeterThread: Thread finished: Thread Group 1-284
2024-11-27 11:02:33,845 INFO o.a.j.t.JMeterThread: Thread is done: Thread Group 1-288
2024-11-27 11:02:33,845 INFO o.a.j.t.JMeterThread: Thread finished: Thread Group 1-288
2024-11-27 11:02:33,954 INFO o.a.j.t.JMeterThread: Thread is done: Thread Group 1-270
2024-11-27 11:02:33,954 INFO o.a.j.t.JMeterThread: Thread finished: Thread Group 1-270
2024-11-27 11:02:34,059 INFO o.a.j.t.JMeterThread: Thread is done: Thread Group 1-289
2024-11-27 11:02:34,059 INFO o.a.j.t.JMeterThread: Thread finished: Thread Group 1-289
2024-11-27 11:02:34,167 INFO o.a.j.t.JMeterThread: Thread is done: Thread Group 1-267
2024-11-27 11:02:34,167 INFO o.a.j.t.JMeterThread: Thread finished: Thread Group 1-267
2024-11-27 11:02:34,275 INFO o.a.j.t.JMeterThread: Thread is done: Thread Group 1-287
2024-11-27 11:02:34,275 INFO o.a.j.t.JMeterThread: Thread finished: Thread Group 1-287
2024-11-27 11:02:34,383 INFO o.a.j.t.JMeterThread: Thread is done: Thread Group 1-269
2024-11-27 11:02:34,383 INFO o.a.j.t.JMeterThread: Thread finished: Thread Group 1-269
2024-11-27 11:02:34,490 INFO o.a.j.t.JMeterThread: Thread is done: Thread Group 1-293
2024-11-27 11:02:34,490 INFO o.a.j.t.JMeterThread: Thread finished: Thread Group 1-293
2024-11-27 11:02:34,606 INFO o.a.j.t.JMeterThread: Thread is done: Thread Group 1-290
2024-11-27 11:02:34,606 INFO o.a.j.t.JMeterThread: Thread finished: Thread Group 1-290
2024-11-27 11:02:34,712 INFO o.a.j.t.JMeterThread: Thread is done: Thread Group 1-291
2024-11-27 11:02:34,713 INFO o.a.j.t.JMeterThread: Thread finished: Thread Group 1-291
2024-11-27 11:02:34,819 INFO o.a.j.t.JMeterThread: Thread is done: Thread Group 1-292
2024-11-27 11:02:34,819 INFO o.a.j.t.JMeterThread: Thread finished: Thread Group 1-292
2024-11-27 11:02:34,922 INFO o.a.j.t.JMeterThread: Thread is done: Thread Group 1-298
2024-11-27 11:02:34,922 INFO o.a.j.t.JMeterThread: Thread finished: Thread Group 1-298
2024-11-27 11:02:35,034 INFO o.a.j.t.JMeterThread: Thread is done: Thread Group 1-303
2024-11-27 11:02:35,034 INFO o.a.j.t.JMeterThread: Thread finished: Thread Group 1-303
2024-11-27 11:02:35,142 INFO o.a.j.t.JMeterThread: Thread is done: Thread Group 1-300
2024-11-27 11:02:35,142 INFO o.a.j.t.JMeterThread: Thread finished: Thread Group 1-300
2024-11-27 11:02:35,252 INFO o.a.j.t.JMeterThread: Thread is done: Thread Group 1-302
2024-11-27 11:02:35,252 INFO o.a.j.t.JMeterThread: Thread finished: Thread Group 1-302
2024-11-27 11:02:35,362 INFO o.a.j.t.JMeterThread: Thread is done: Thread Group 1-301
2024-11-27 11:02:35,362 INFO o.a.j.t.JMeterThread: Thread finished: Thread Group 1-301
2024-11-27 11:02:35,467 INFO o.a.j.t.JMeterThread: Thread is done: Thread Group 1-304
2024-11-27 11:02:35,467 INFO o.a.j.t.JMeterThread: Thread finished: Thread Group 1-304
2024-11-27 11:02:35,583 INFO o.a.j.t.JMeterThread: Thread is done: Thread Group 1-335
2024-11-27 11:02:35,583 INFO o.a.j.t.JMeterThread: Thread finished: Thread Group 1-335
2024-11-27 11:02:35,693 INFO o.a.j.t.JMeterThread: Thread is done: Thread Group 1-311
2024-11-27 11:02:35,693 INFO o.a.j.t.JMeterThread: Thread finished: Thread Group 1-311
2024-11-27 11:02:35,802 INFO o.a.j.t.JMeterThread: Thread is done: Thread Group 1-336
2024-11-27 11:02:35,802 INFO o.a.j.t.JMeterThread: Thread finished: Thread Group 1-336
2024-11-27 11:02:35,909 INFO o.a.j.t.JMeterThread: Thread is done: Thread Group 1-312
2024-11-27 11:02:35,909 INFO o.a.j.t.JMeterThread: Thread finished: Thread Group 1-312
2024-11-27 11:02:36,019 INFO o.a.j.t.JMeterThread: Thread is done: Thread Group 1-338
2024-11-27 11:02:36,019 INFO o.a.j.t.JMeterThread: Thread finished: Thread Group 1-338
2024-11-27 11:02:36,133 INFO o.a.j.t.JMeterThread: Thread is done: Thread Group 1-333
2024-11-27 11:02:36,133 INFO o.a.j.t.JMeterThread: Thread finished: Thread Group 1-333
2024-11-27 11:02:36,238 INFO o.a.j.t.JMeterThread: Thread is done: Thread Group 1-340
2024-11-27 11:02:36,238 INFO o.a.j.t.JMeterThread: Thread finished: Thread Group 1-340
2024-11-27 11:02:36,347 INFO o.a.j.t.JMeterThread: Thread is done: Thread Group 1-337
2024-11-27 11:02:36,347 INFO o.a.j.t.JMeterThread: Thread finished: Thread Group 1-337
2024-11-27 11:02:36,458 INFO o.a.j.t.JMeterThread: Thread is done: Thread Group 1-342
2024-11-27 11:02:36,458 INFO o.a.j.t.JMeterThread: Thread finished: Thread Group 1-342
2024-11-27 11:02:36,664 INFO o.a.j.t.JMeterThread: Thread is done: Thread Group 1-344
2024-11-27 11:02:36,664 INFO o.a.j.t.JMeterThread: Thread finished: Thread Group 1-344
2024-11-27 11:02:36,684 INFO o.a.j.t.JMeterThread: Thread is done: Thread Group 1-339
2024-11-27 11:02:36,685 INFO o.a.j.t.JMeterThread: Thread finished: Thread Group 1-339
2024-11-27 11:02:36,791 INFO o.a.j.t.JMeterThread: Thread is done: Thread Group 1-345
2024-11-27 11:02:36,791 INFO o.a.j.t.JMeterThread: Thread finished: Thread Group 1-345
2024-11-27 11:02:36,903 INFO o.a.j.t.JMeterThread: Thread is done: Thread Group 1-341
2024-11-27 11:02:36,903 INFO o.a.j.t.JMeterThread: Thread finished: Thread Group 1-341
2024-11-27 11:02:37,012 INFO o.a.j.t.JMeterThread: Thread is done: Thread Group 1-428
2024-11-27 11:02:37,013 INFO o.a.j.t.JMeterThread: Thread finished: Thread Group 1-428
2024-11-27 11:02:37,122 INFO o.a.j.t.JMeterThread: Thread is done: Thread Group 1-343
2024-11-27 11:02:37,122 INFO o.a.j.t.JMeterThread: Thread finished: Thread Group 1-343
2024-11-27 11:02:37,257 INFO o.a.j.t.JMeterThread: Thread is done: Thread Group 1-429
2024-11-27 11:02:37,257 INFO o.a.j.t.JMeterThread: Thread finished: Thread Group 1-429
2024-11-27 11:02:37,341 INFO o.a.j.t.JMeterThread: Thread is done: Thread Group 1-370
2024-11-27 11:02:37,342 INFO o.a.j.t.JMeterThread: Thread finished: Thread Group 1-370
2024-11-27 11:02:37,454 INFO o.a.j.t.JMeterThread: Thread is done: Thread Group 1-371
2024-11-27 11:02:37,454 INFO o.a.j.t.JMeterThread: Thread finished: Thread Group 1-371
2024-11-27 11:02:37,573 INFO o.a.j.t.JMeterThread: Thread is done: Thread Group 1-430
2024-11-27 11:02:37,573 INFO o.a.j.t.JMeterThread: Thread finished: Thread Group 1-430
2024-11-27 11:02:37,672 INFO o.a.j.t.JMeterThread: Thread is done: Thread Group 1-431
2024-11-27 11:02:37,672 INFO o.a.j.t.JMeterThread: Thread finished: Thread Group 1-431
2024-11-27 11:02:37,783 INFO o.a.j.t.JMeterThread: Thread is done: Thread Group 1-432
2024-11-27 11:02:37,783 INFO o.a.j.t.JMeterThread: Thread finished: Thread Group 1-432
2024-11-27 11:02:37,784 INFO o.a.j.e.StandardJMeterEngine: Notifying test listeners of end of test
2024-11-27 11:02:37,786 INFO o.a.j.r.Summariser: summary +     71 in 00:00:08 =    9.1/s Avg: 97788 Min: 94266 Max: 100911 Err:     0 (0.00%) Active: 0 Started: 1000 Finished: 1000
2024-11-27 11:02:37,787 INFO o.a.j.r.Summariser: summary =   1000 in 00:01:43 =    9.7/s Avg: 48158 Min:    11 Max: 100911 Err:   142 (14.20%)
